amount_usd,currency,merchant_name,country,log_amount,velocity_10m,high_value,very_high_value,suspicious_merchant,off_hours,new_device,ip_risk,non_ng_context,is_risky
1562.71,GBP,Shopify Merchant,DE,7.3548,1.0,1.0,0.0,0.0,0.0,0.0,0.45,1.0,0
26.43,USD,Apple,NG,3.3116,4.0,0.0,0.0,0.0,1.0,0.0,0.0,0.0,0
1028.31,GBP,Amazon,CN,6.9366,5.0,1.0,0.0,0.0,0.0,0.0,0.0,1.0,1
26.15,USD,Shopify Merchant,US,3.3015,6.0,0.0,0.0,0.0,1.0,1.0,0.0,1.0,1
27.94,EUR,Shopify Merchant,US,3.3653,1.0,0.0,0.0,0.0,0.0,1.0,0.0,1.0,1
7065.45,EUR,Netflix,RU,8.8631,1.0,1.0,1.0,0.0,0.0,1.0,0.0,1.0,1
1536.43,GBP,Apple,NG,7.3379,2.0,1.0,0.0,0.0,0.0,0.0,0.45,0.0,1
2049.15,USD,Spotify,NG,7.6257,1.0,1.0,0.0,0.0,0.0,0.0,0.0,0.0,1
12.93,USD,Spotify,NG,2.634,1.0,0.0,0.0,0.0,0.0,0.0,0.45,0.0,0
5.0,GBP,Spotify,NG,1.7918,1.0,0.0,0.0,0.0,0.0,0.0,0.0,0.0,0
31.63,EUR,XXX Test Casino,NG,3.4853,2.0,0.0,0.0,1.0,0.0,1.0,0.45,0.0,0
7178.13,GBP,Spotify,NG,8.8789,3.0,1.0,1.0,0.0,1.0,1.0,0.0,0.0,1
27.85,USD,Apple,NG,3.3623,1.0,0.0,0.0,0.0,1.0,1.0,0.0,0.0,0
1186.7,EUR,Netflix,NG,7.0798,5.0,1.0,0.0,0.0,1.0,0.0,0.0,0.0,1
20.32,EUR,Amazon,NG,3.0598,3.0,0.0,0.0,0.0,0.0,0.0,0.0,0.0,1
40.33,EUR,Spotify,NG,3.7215,1.0,0.0,0.0,0.0,0.0,0.0,0.45,0.0,0
22.37,EUR,Netflix,NG,3.1514,1.0,0.0,0.0,0.0,0.0,0.0,0.0,0.0,0
61.02,EUR,Shopify Merchant,NG,4.1275,1.0,0.0,0.0,0.0,1.0,0.0,0.0,0.0,1
1128.94,EUR,Apple,CN,7.0299,5.0,1.0,0.0,0.0,0.0,0.0,0.0,1.0,1
19.97,USD,Apple,NG,3.0431,3.0,0.0,0.0,0.0,0.0,0.0,0.0,0.0,0
871.05,USD,Apple,RU,6.7708,2.0,1.0,0.0,0.0,0.0,1.0,0.0,1.0,1
17.58,GBP,Spotify,US,2.922,2.0,0.0,0.0,0.0,0.0,0.0,0.0,1.0,0
8658.15,GBP,XXX Test Casino,NG,9.0664,1.0,1.0,1.0,1.0,0.0,0.0,0.45,0.0,1
1285.04,GBP,Apple,NG,7.1593,5.0,1.0,0.0,0.0,0.0,1.0,0.0,0.0,1
965.48,USD,Dark Web Market,NG,6.8737,5.0,1.0,0.0,1.0,0.0,1.0,1.0,0.0,1
88.72,USD,Apple,NG,4.4967,3.0,0.0,0.0,0.0,1.0,0.0,0.0,0.0,1
24.47,EUR,Apple,NG,3.2375,2.0,0.0,0.0,0.0,0.0,1.0,0.0,0.0,0
29.57,USD,Spotify,NG,3.4201,1.0,0.0,0.0,0.0,0.0,0.0,0.0,0.0,0
46.26,USD,Apple,NG,3.8556,1.0,0.0,0.0,0.0,0.0,0.0,0.45,0.0,0
8.75,EUR,Amazon,NG,2.2772,1.0,0.0,0.0,0.0,0.0,0.0,0.0,0.0,0
1623.18,EUR,Anonymous Crypto Mix,NG,7.3928,2.0,1.0,0.0,1.0,0.0,0.0,0.45,0.0,1
4871.42,GBP,XXX Test Casino,RU,8.4913,3.0,1.0,1.0,1.0,0.0,1.0,1.0,1.0,1
24.33,GBP,Dark Web Market,NG,3.2321,6.0,0.0,0.0,1.0,0.0,1.0,0.45,0.0,1
17.14,USD,Apple,NG,2.8981,1.0,0.0,0.0,0.0,0.0,1.0,0.0,0.0,1
20.24,EUR,Shopify Merchant,NG,3.056,1.0,0.0,0.0,0.0,1.0,0.0,0.0,0.0,0
5.0,USD,Stripe Demo Store,NG,1.7918,1.0,0.0,0.0,0.0,0.0,1.0,0.0,0.0,0
17.58,GBP,Spotify,NG,2.9219,8.0,0.0,0.0,0.0,1.0,0.0,0.45,0.0,1
11.86,USD,Shopify Merchant,NG,2.5538,3.0,0.0,0.0,0.0,0.0,1.0,0.0,0.0,1
38.19,GBP,Netflix,NG,3.6685,2.0,0.0,0.0,0.0,0.0,0.0,0.0,0.0,0
40.31,USD,Apple,RU,3.721,2.0,0.0,0.0,0.0,0.0,0.0,0.0,1.0,0
30.07,GBP,Shopify Merchant,NG,3.4364,2.0,0.0,0.0,0.0,0.0,0.0,0.0,0.0,1
1280.18,EUR,Shopify Merchant,NG,7.1555,1.0,1.0,0.0,0.0,0.0,0.0,0.45,0.0,1
7.04,EUR,Amazon,NG,2.0846,1.0,0.0,0.0,0.0,0.0,0.0,0.0,0.0,1
30.37,USD,Apple,CN,3.4458,1.0,0.0,0.0,0.0,0.0,0.0,0.0,1.0,0
2269.19,GBP,Shopify Merchant,NG,7.7276,1.0,1.0,0.0,0.0,0.0,0.0,0.0,0.0,1
897.7,USD,Shopify Merchant,RU,6.8009,2.0,1.0,0.0,0.0,0.0,0.0,0.45,1.0,0
88.48,EUR,Shopify Merchant,NG,4.494,1.0,0.0,0.0,0.0,1.0,0.0,0.0,0.0,1
6.14,GBP,Apple,DE,1.966,3.0,0.0,0.0,0.0,0.0,0.0,0.0,1.0,0
15.3,GBP,Shopify Merchant,DE,2.7914,2.0,0.0,0.0,0.0,0.0,1.0,1.0,1.0,1
11.95,USD,Gambling Anonymous Hub,NG,2.5608,2.0,0.0,0.0,1.0,0.0,1.0,0.45,0.0,1
22.66,USD,Amazon,NG,3.1639,6.0,0.0,0.0,0.0,0.0,1.0,0.0,0.0,1
20.27,USD,Spotify,DE,3.0575,1.0,0.0,0.0,0.0,0.0,0.0,0.0,1.0,0
2226.86,GBP,Netflix,NG,7.7088,2.0,1.0,0.0,0.0,1.0,0.0,0.45,0.0,1
41.24,EUR,Spotify,NG,3.7433,1.0,0.0,0.0,0.0,0.0,0.0,0.0,0.0,1
9.29,EUR,Apple,NG,2.3312,3.0,0.0,0.0,0.0,0.0,0.0,0.0,0.0,0
1618.44,GBP,Apple,CN,7.3898,2.0,1.0,0.0,0.0,0.0,1.0,0.0,1.0,0
9.81,GBP,Stripe Demo Store,RU,2.3801,1.0,0.0,0.0,0.0,0.0,0.0,0.0,1.0,0
15.61,GBP,Shopify Merchant,NG,2.8099,1.0,0.0,0.0,0.0,0.0,1.0,0.0,0.0,1
8.5,GBP,Apple,NG,2.2512,3.0,0.0,0.0,0.0,0.0,1.0,0.0,0.0,0
19.41,GBP,Spotify,NG,3.0162,2.0,0.0,0.0,0.0,0.0,0.0,0.0,0.0,1
17.89,USD,Spotify,NG,2.9386,2.0,0.0,0.0,0.0,1.0,1.0,1.0,0.0,0
11.58,EUR,Shopify Merchant,NG,2.5323,1.0,0.0,0.0,0.0,1.0,0.0,0.0,0.0,0
37.03,GBP,Apple,NG,3.6383,2.0,0.0,0.0,0.0,0.0,1.0,0.0,0.0,1
1936.28,EUR,Stripe Demo Store,NG,7.569,2.0,1.0,0.0,0.0,0.0,0.0,0.0,0.0,1
42.26,GBP,Shopify Merchant,NG,3.7672,1.0,0.0,0.0,0.0,0.0,0.0,0.45,0.0,0
17.52,EUR,Apple,NG,2.919,2.0,0.0,0.0,0.0,1.0,0.0,0.0,0.0,0
19.75,GBP,Stripe Demo Store,NG,3.0325,2.0,0.0,0.0,0.0,0.0,1.0,0.45,0.0,1
13.55,GBP,Netflix,DE,2.6773,4.0,0.0,0.0,0.0,0.0,0.0,0.0,1.0,0
19.99,USD,Shopify Merchant,NG,3.0439,1.0,0.0,0.0,0.0,1.0,0.0,0.0,0.0,0
33.07,GBP,Stripe Demo Store,NG,3.5284,1.0,0.0,0.0,0.0,0.0,1.0,1.0,0.0,1
15.06,EUR,Amazon,NG,2.7764,8.0,0.0,0.0,0.0,1.0,0.0,0.45,0.0,1
28.87,GBP,Netflix,NG,3.3969,5.0,0.0,0.0,0.0,0.0,1.0,0.0,0.0,1
931.47,EUR,Apple,NG,6.8378,1.0,1.0,0.0,0.0,0.0,0.0,0.0,0.0,1
34.17,GBP,Spotify,NG,3.5602,5.0,0.0,0.0,0.0,0.0,1.0,0.0,0.0,1
13.38,GBP,Apple,NG,2.6661,1.0,0.0,0.0,0.0,0.0,0.0,0.0,0.0,1
36.46,EUR,Apple,NG,3.6232,4.0,0.0,0.0,0.0,0.0,1.0,0.0,0.0,1
20.96,USD,Spotify,NG,3.0893,1.0,0.0,0.0,0.0,0.0,1.0,0.45,0.0,0
58.25,EUR,Spotify,CN,4.0817,1.0,0.0,0.0,0.0,0.0,0.0,1.0,1.0,1
8.95,EUR,Shopify Merchant,NG,2.298,8.0,0.0,0.0,0.0,1.0,1.0,0.0,0.0,1
2379.23,GBP,Stripe Demo Store,NG,7.775,1.0,1.0,0.0,0.0,0.0,1.0,0.0,0.0,0
13.05,GBP,Amazon,NG,2.6425,4.0,0.0,0.0,0.0,1.0,1.0,0.0,0.0,0
7.62,EUR,Anonymous Crypto Mix,DE,2.1541,2.0,0.0,0.0,1.0,0.0,0.0,0.45,1.0,1
646.13,GBP,Stripe Demo Store,NG,6.4725,1.0,1.0,0.0,0.0,1.0,1.0,0.45,0.0,1
31.03,EUR,Netflix,NG,3.4668,6.0,0.0,0.0,0.0,0.0,0.0,1.0,0.0,1
20.03,GBP,Apple,NG,3.0458,2.0,0.0,0.0,0.0,0.0,1.0,0.0,0.0,1
14.36,EUR,Apple,NG,2.7316,4.0,0.0,0.0,0.0,0.0,1.0,0.45,0.0,0
2285.19,EUR,Netflix,NG,7.7346,4.0,1.0,0.0,0.0,0.0,0.0,0.0,0.0,1
13.22,GBP,Netflix,NG,2.6548,1.0,0.0,0.0,0.0,1.0,0.0,0.0,0.0,0
63.77,GBP,Apple,NG,4.1708,1.0,0.0,0.0,0.0,0.0,0.0,0.0,0.0,0
12.0,EUR,Apple,US,2.5652,1.0,0.0,0.0,0.0,0.0,1.0,0.0,1.0,0
7.96,EUR,Spotify,NG,2.1928,2.0,0.0,0.0,0.0,0.0,1.0,0.0,0.0,1
35.07,EUR,Stripe Demo Store,NG,3.5854,1.0,0.0,0.0,0.0,1.0,1.0,0.0,0.0,1
17.27,EUR,Netflix,NG,2.9053,1.0,0.0,0.0,0.0,0.0,0.0,0.45,0.0,1
83.69,USD,Spotify,NG,4.439,3.0,0.0,0.0,0.0,1.0,0.0,0.0,0.0,1
13.9,USD,Shopify Merchant,NG,2.7011,1.0,0.0,0.0,0.0,0.0,0.0,0.0,0.0,1
36.31,EUR,Apple,NG,3.6194,3.0,0.0,0.0,0.0,0.0,1.0,0.45,0.0,1
42.84,USD,Spotify,NG,3.7806,2.0,0.0,0.0,0.0,0.0,1.0,0.0,0.0,0
13.94,GBP,Netflix,NG,2.7043,1.0,0.0,0.0,0.0,1.0,1.0,0.0,0.0,0
11.94,EUR,Spotify,NG,2.5604,1.0,0.0,0.0,0.0,0.0,0.0,0.0,0.0,0
8555.11,GBP,Spotify,NG,9.0544,1.0,1.0,1.0,0.0,0.0,1.0,0.0,0.0,1
878.19,GBP,Spotify,NG,6.779,2.0,1.0,0.0,0.0,0.0,0.0,0.45,0.0,0
7.48,GBP,Amazon,DE,2.138,1.0,0.0,0.0,0.0,0.0,1.0,0.0,1.0,0
9.12,EUR,Amazon,NG,2.3142,4.0,0.0,0.0,0.0,0.0,1.0,0.0,0.0,1
7217.18,EUR,Gambling Anonymous Hub,NG,8.8844,3.0,1.0,1.0,1.0,0.0,1.0,0.45,0.0,1
1828.45,GBP,Shopify Merchant,NG,7.5118,1.0,1.0,0.0,0.0,0.0,1.0,0.0,0.0,1
16.72,EUR,Apple,NG,2.8748,4.0,0.0,0.0,0.0,0.0,0.0,0.0,0.0,0
17.93,GBP,Shopify Merchant,NG,2.9408,6.0,0.0,0.0,0.0,0.0,1.0,0.45,0.0,1
6.15,USD,Netflix,NG,1.9667,1.0,0.0,0.0,0.0,0.0,1.0,0.0,0.0,0
9.31,USD,Gambling Anonymous Hub,NG,2.3333,6.0,0.0,0.0,1.0,1.0,0.0,0.45,0.0,1
1644.17,GBP,Apple,CN,7.4056,1.0,1.0,0.0,0.0,0.0,0.0,0.0,1.0,1
12.55,GBP,Spotify,NG,2.6061,2.0,0.0,0.0,0.0,0.0,1.0,0.0,0.0,0
21.81,EUR,Stripe Demo Store,NG,3.1273,1.0,0.0,0.0,0.0,0.0,0.0,0.0,0.0,1
30.22,USD,Apple,US,3.441,3.0,0.0,0.0,0.0,0.0,1.0,0.45,1.0,1
98.37,USD,Shopify Merchant,RU,4.5988,4.0,0.0,0.0,0.0,0.0,1.0,0.0,1.0,1
19.81,USD,Dark Web Market,NG,3.0352,8.0,0.0,0.0,1.0,0.0,1.0,0.45,0.0,1
2281.64,GBP,Amazon,NG,7.7331,10.0,1.0,0.0,0.0,0.0,0.0,0.0,0.0,1
1606.5,EUR,Stripe Demo Store,NG,7.3824,1.0,1.0,0.0,0.0,0.0,1.0,0.0,0.0,1
6.22,EUR,Stripe Demo Store,NG,1.9767,2.0,0.0,0.0,0.0,0.0,1.0,0.0,0.0,0
15.7,GBP,Netflix,NG,2.8152,1.0,0.0,0.0,0.0,0.0,0.0,0.0,0.0,0
6.56,GBP,Spotify,US,2.0234,1.0,0.0,0.0,0.0,0.0,1.0,1.0,1.0,1
20.29,EUR,Wallet Drain Services,NG,3.0584,1.0,0.0,0.0,1.0,0.0,0.0,0.45,0.0,0
11.63,USD,Spotify,NG,2.5362,5.0,0.0,0.0,0.0,0.0,1.0,0.45,0.0,1
5.11,USD,XXX Test Casino,NG,1.8106,2.0,0.0,0.0,1.0,0.0,1.0,0.45,0.0,0
67.71,USD,Spotify,NG,4.2299,1.0,0.0,0.0,0.0,0.0,0.0,0.0,0.0,0
13.79,USD,Spotify,NG,2.6937,8.0,0.0,0.0,0.0,0.0,0.0,0.0,0.0,1
6.38,EUR,Shopify Merchant,NG,1.9992,3.0,0.0,0.0,0.0,0.0,1.0,0.0,0.0,1
37.66,GBP,Apple,NG,3.6549,1.0,0.0,0.0,0.0,0.0,0.0,0.0,0.0,0
12.06,USD,Netflix,RU,2.5696,2.0,0.0,0.0,0.0,0.0,0.0,0.0,1.0,0
43.08,USD,Spotify,NG,3.7861,3.0,0.0,0.0,0.0,0.0,0.0,0.45,0.0,1
12.02,GBP,Netflix,NG,2.5665,2.0,0.0,0.0,0.0,0.0,1.0,0.0,0.0,1
13.75,USD,Apple,NG,2.6916,2.0,0.0,0.0,0.0,0.0,0.0,0.0,0.0,1
8368.38,EUR,Wallet Drain Services,NG,9.0323,2.0,1.0,1.0,1.0,0.0,0.0,0.45,0.0,1
30.42,EUR,Amazon,NG,3.4476,1.0,0.0,0.0,0.0,1.0,0.0,1.0,0.0,1
34.4,USD,Shopify Merchant,NG,3.5666,2.0,0.0,0.0,0.0,0.0,0.0,0.0,0.0,0
18.86,EUR,Stripe Demo Store,NG,2.9888,1.0,0.0,0.0,0.0,0.0,0.0,0.0,0.0,0
29.08,EUR,Spotify,NG,3.4038,1.0,0.0,0.0,0.0,0.0,0.0,0.0,0.0,1
6099.82,GBP,Apple,NG,8.7162,1.0,1.0,1.0,0.0,0.0,0.0,0.0,0.0,1
23.11,GBP,Spotify,NG,3.1828,2.0,0.0,0.0,0.0,0.0,0.0,0.0,0.0,1
1962.61,GBP,Stripe Demo Store,NG,7.5825,1.0,1.0,0.0,0.0,1.0,0.0,1.0,0.0,0
7.3,GBP,Spotify,US,2.1166,1.0,0.0,0.0,0.0,1.0,1.0,0.0,1.0,1
30.55,EUR,Shopify Merchant,CN,3.4516,1.0,0.0,0.0,0.0,0.0,0.0,0.0,1.0,0
20.69,USD,Spotify,NG,3.0767,6.0,0.0,0.0,0.0,0.0,0.0,0.0,0.0,1
4341.97,EUR,Apple,NG,8.3763,1.0,1.0,1.0,0.0,0.0,0.0,0.0,0.0,1
49.13,EUR,Netflix,US,3.9146,1.0,0.0,0.0,0.0,0.0,0.0,1.0,1.0,1
7.39,GBP,Netflix,NG,2.1274,1.0,0.0,0.0,0.0,0.0,0.0,0.0,0.0,0
63.49,EUR,Shopify Merchant,NG,4.1665,3.0,0.0,0.0,0.0,0.0,1.0,0.45,0.0,1
19.77,GBP,Spotify,NG,3.0337,1.0,0.0,0.0,0.0,0.0,1.0,0.45,0.0,0
25.08,USD,Shopify Merchant,NG,3.2614,1.0,0.0,0.0,0.0,0.0,0.0,0.0,0.0,1
15.23,EUR,Amazon,NG,2.7871,4.0,0.0,0.0,0.0,0.0,1.0,1.0,0.0,1
6.25,EUR,Shopify Merchant,CN,1.9814,3.0,0.0,0.0,0.0,0.0,0.0,1.0,1.0,1
1474.36,EUR,Netflix,NG,7.2967,2.0,1.0,0.0,0.0,1.0,1.0,0.45,0.0,1
1489.07,USD,Apple,NG,7.3066,2.0,1.0,0.0,0.0,0.0,0.0,0.0,0.0,0
32.24,USD,Netflix,DE,3.5039,6.0,0.0,0.0,0.0,1.0,0.0,0.0,1.0,0
17.49,USD,Spotify,NG,2.917,6.0,0.0,0.0,0.0,0.0,1.0,0.0,0.0,1
5.0,EUR,Stripe Demo Store,DE,1.7918,3.0,0.0,0.0,0.0,0.0,0.0,1.0,1.0,1
6.83,EUR,Gambling Anonymous Hub,US,2.0575,3.0,0.0,0.0,1.0,1.0,1.0,0.45,1.0,0
84.47,USD,Stripe Demo Store,NG,4.4482,5.0,0.0,0.0,0.0,0.0,1.0,0.45,0.0,1
9.35,GBP,Netflix,CN,2.3368,6.0,0.0,0.0,0.0,0.0,1.0,0.45,1.0,1
958.25,EUR,Netflix,NG,6.8661,1.0,1.0,0.0,0.0,0.0,1.0,1.0,0.0,1
1155.07,EUR,Gambling Anonymous Hub,NG,7.0528,10.0,1.0,0.0,1.0,0.0,0.0,0.45,0.0,1
17.68,EUR,Spotify,NG,2.9273,3.0,0.0,0.0,0.0,1.0,0.0,0.45,0.0,1
1550.69,USD,Spotify,NG,7.3471,2.0,1.0,0.0,0.0,0.0,0.0,0.45,0.0,1
11.31,USD,Shopify Merchant,RU,2.5106,1.0,0.0,0.0,0.0,0.0,1.0,0.0,1.0,0
61.22,USD,Spotify,NG,4.1308,1.0,0.0,0.0,0.0,0.0,0.0,0.0,0.0,0
21.18,GBP,Netflix,NG,3.0991,3.0,0.0,0.0,0.0,0.0,0.0,1.0,0.0,0
27.73,EUR,Apple,NG,3.358,2.0,0.0,0.0,0.0,0.0,1.0,0.0,0.0,1
1807.44,GBP,Spotify,NG,7.5002,1.0,1.0,0.0,0.0,0.0,1.0,0.45,0.0,1
2354.62,USD,Apple,NG,7.7646,2.0,1.0,0.0,0.0,0.0,0.0,0.0,0.0,1
60.65,EUR,Stripe Demo Store,NG,4.1215,1.0,0.0,0.0,0.0,0.0,1.0,0.0,0.0,1
5053.58,GBP,Anonymous Crypto Mix,NG,8.5281,2.0,1.0,1.0,1.0,0.0,1.0,0.45,0.0,0
67.41,GBP,Netflix,NG,4.2255,2.0,0.0,0.0,0.0,0.0,0.0,1.0,0.0,1
13.09,EUR,Stripe Demo Store,NG,2.6455,2.0,0.0,0.0,0.0,0.0,1.0,0.0,0.0,0
34.29,EUR,Amazon,NG,3.5636,1.0,0.0,0.0,0.0,1.0,0.0,0.0,0.0,1
6007.7,GBP,Shopify Merchant,NG,8.701,1.0,1.0,1.0,0.0,0.0,0.0,0.0,0.0,1
9.51,EUR,Amazon,RU,2.352,1.0,0.0,0.0,0.0,0.0,0.0,0.0,1.0,1
23.33,USD,Dark Web Market,NG,3.1916,2.0,0.0,0.0,1.0,0.0,1.0,0.45,0.0,1
20.19,GBP,Stripe Demo Store,NG,3.0535,5.0,0.0,0.0,0.0,0.0,1.0,0.0,0.0,1
6215.84,USD,Stripe Demo Store,NG,8.735,3.0,1.0,1.0,0.0,0.0,1.0,0.0,0.0,1
1525.05,USD,Apple,NG,7.3304,3.0,1.0,0.0,0.0,0.0,0.0,0.45,0.0,1
1244.64,GBP,Amazon,NG,7.1274,1.0,1.0,0.0,0.0,0.0,1.0,0.45,0.0,1
983.86,GBP,Stripe Demo Store,CN,6.8925,1.0,1.0,0.0,0.0,0.0,1.0,0.45,1.0,1
1935.11,EUR,Netflix,NG,7.5684,5.0,1.0,0.0,0.0,0.0,1.0,0.0,0.0,1
18.86,USD,Netflix,NG,2.9887,2.0,0.0,0.0,0.0,0.0,1.0,0.0,0.0,0
15.53,GBP,Shopify Merchant,NG,2.805,1.0,0.0,0.0,0.0,0.0,0.0,0.0,0.0,1
1258.28,GBP,Dark Web Market,NG,7.1383,2.0,1.0,0.0,1.0,0.0,0.0,0.45,0.0,1
12.8,USD,Stripe Demo Store,NG,2.6245,2.0,0.0,0.0,0.0,0.0,0.0,0.45,0.0,0
128.99,USD,Apple,NG,4.8675,1.0,0.0,0.0,0.0,0.0,0.0,0.0,0.0,0
7.49,USD,XXX Test Casino,NG,2.1388,1.0,0.0,0.0,1.0,0.0,1.0,0.45,0.0,1
2023.18,USD,Netflix,NG,7.6129,2.0,1.0,0.0,0.0,0.0,0.0,0.45,0.0,1
14.1,USD,Stripe Demo Store,NG,2.7145,1.0,0.0,0.0,0.0,0.0,0.0,0.0,0.0,0
8025.36,USD,Amazon,US,8.9905,1.0,1.0,1.0,0.0,0.0,0.0,0.0,1.0,1
7.97,USD,Shopify Merchant,NG,2.1941,4.0,0.0,0.0,0.0,0.0,0.0,0.45,0.0,0
27.06,USD,Apple,RU,3.3344,10.0,0.0,0.0,0.0,0.0,1.0,0.0,1.0,1
2217.45,GBP,Apple,NG,7.7046,1.0,1.0,0.0,0.0,0.0,1.0,0.0,0.0,1
25.37,GBP,Spotify,NG,3.2722,1.0,0.0,0.0,0.0,0.0,1.0,0.0,0.0,1
47.72,GBP,Netflix,NG,3.8862,2.0,0.0,0.0,0.0,0.0,0.0,0.0,0.0,0
47.04,GBP,Netflix,DE,3.8721,1.0,0.0,0.0,0.0,0.0,0.0,0.45,1.0,0
885.14,GBP,Apple,NG,6.7869,5.0,1.0,0.0,0.0,0.0,0.0,0.0,0.0,1
23.01,GBP,Dark Web Market,NG,3.1784,3.0,0.0,0.0,1.0,1.0,0.0,0.45,0.0,1
5.45,EUR,Apple,NG,1.8637,1.0,0.0,0.0,0.0,0.0,0.0,0.0,0.0,1
992.38,USD,Gambling Anonymous Hub,US,6.9011,3.0,1.0,0.0,1.0,0.0,1.0,0.45,1.0,0
6355.2,USD,Netflix,CN,8.7572,1.0,1.0,1.0,0.0,0.0,0.0,0.0,1.0,1
17.63,GBP,Netflix,RU,2.9247,2.0,0.0,0.0,0.0,0.0,1.0,0.0,1.0,0
6.17,GBP,Amazon,NG,1.9704,5.0,0.0,0.0,0.0,0.0,0.0,0.0,0.0,1
26.67,USD,Spotify,NG,3.3202,1.0,0.0,0.0,0.0,0.0,0.0,1.0,0.0,1
6.13,EUR,Amazon,NG,1.9636,1.0,0.0,0.0,0.0,0.0,0.0,0.0,0.0,0
22.28,EUR,Amazon,NG,3.1477,4.0,0.0,0.0,0.0,1.0,0.0,1.0,0.0,1
8.51,EUR,Apple,NG,2.2525,2.0,0.0,0.0,0.0,0.0,1.0,0.0,0.0,1
11.08,EUR,Spotify,NG,2.4917,1.0,0.0,0.0,0.0,0.0,0.0,0.45,0.0,0
45.07,USD,Netflix,NG,3.8303,1.0,0.0,0.0,0.0,0.0,0.0,0.0,0.0,0
30.31,USD,Stripe Demo Store,NG,3.444,1.0,0.0,0.0,0.0,0.0,0.0,0.0,0.0,1
44.9,USD,Netflix,NG,3.8265,2.0,0.0,0.0,0.0,0.0,0.0,0.0,0.0,1
59.85,USD,Anonymous Crypto Mix,RU,4.1084,1.0,0.0,0.0,1.0,0.0,0.0,0.45,1.0,1
619.55,USD,Stripe Demo Store,DE,6.4306,1.0,1.0,0.0,0.0,0.0,1.0,1.0,1.0,1
57.36,GBP,Stripe Demo Store,NG,4.0666,1.0,0.0,0.0,0.0,0.0,1.0,0.0,0.0,0
1590.56,USD,Amazon,RU,7.3725,2.0,1.0,0.0,0.0,0.0,0.0,0.0,1.0,1
33.86,EUR,Apple,RU,3.5514,5.0,0.0,0.0,0.0,0.0,1.0,0.0,1.0,1
14.22,GBP,Apple,DE,2.7226,2.0,0.0,0.0,0.0,1.0,1.0,0.0,1.0,1
4518.77,GBP,Spotify,NG,8.4162,2.0,1.0,1.0,0.0,0.0,0.0,1.0,0.0,1
30.88,EUR,Apple,NG,3.462,3.0,0.0,0.0,0.0,0.0,0.0,0.0,0.0,0
38.92,USD,Netflix,CN,3.6868,1.0,0.0,0.0,0.0,1.0,1.0,0.0,1.0,1
38.12,USD,Amazon,NG,3.6666,1.0,0.0,0.0,0.0,0.0,0.0,0.0,0.0,0
23.35,USD,Shopify Merchant,NG,3.1923,1.0,0.0,0.0,0.0,0.0,0.0,0.0,0.0,0
3394.1,USD,Shopify Merchant,NG,8.1301,1.0,1.0,1.0,0.0,0.0,0.0,0.0,0.0,0
29.04,USD,Netflix,NG,3.4027,10.0,0.0,0.0,0.0,0.0,0.0,0.0,0.0,1
3558.51,EUR,Shopify Merchant,NG,8.1774,1.0,1.0,1.0,0.0,0.0,0.0,1.0,0.0,1
29.34,GBP,Spotify,NG,3.4125,4.0,0.0,0.0,0.0,1.0,0.0,1.0,0.0,1
23.17,EUR,Netflix,NG,3.1851,1.0,0.0,0.0,0.0,0.0,1.0,0.0,0.0,0
36.23,GBP,Apple,NG,3.6172,2.0,0.0,0.0,0.0,0.0,0.0,0.0,0.0,0
6.43,GBP,Shopify Merchant,RU,2.0055,1.0,0.0,0.0,0.0,0.0,0.0,0.45,1.0,1
18.32,USD,Stripe Demo Store,NG,2.9613,1.0,0.0,0.0,0.0,0.0,0.0,0.0,0.0,0
7.62,USD,Apple,NG,2.1546,1.0,0.0,0.0,0.0,0.0,1.0,0.0,0.0,1
8309.28,EUR,Apple,NG,9.0252,2.0,1.0,1.0,0.0,0.0,0.0,0.0,0.0,1
63.39,EUR,Shopify Merchant,NG,4.165,2.0,0.0,0.0,0.0,0.0,1.0,0.0,0.0,1
8515.05,GBP,Netflix,NG,9.0497,4.0,1.0,1.0,0.0,0.0,0.0,0.0,0.0,1
1488.09,EUR,Spotify,US,7.3059,5.0,1.0,0.0,0.0,0.0,0.0,1.0,1.0,1
34.11,GBP,Stripe Demo Store,NG,3.5584,2.0,0.0,0.0,0.0,0.0,0.0,0.0,0.0,0
1208.46,USD,Wallet Drain Services,NG,7.0979,8.0,1.0,0.0,1.0,1.0,1.0,0.45,0.0,1
13.94,EUR,Netflix,NG,2.7038,1.0,0.0,0.0,0.0,0.0,0.0,0.0,0.0,0
25.92,GBP,Apple,NG,3.293,1.0,0.0,0.0,0.0,0.0,0.0,1.0,0.0,1
2389.74,USD,Netflix,NG,7.7794,1.0,1.0,0.0,0.0,1.0,0.0,0.0,0.0,0
1192.64,GBP,Shopify Merchant,NG,7.0848,2.0,1.0,0.0,0.0,0.0,0.0,0.0,0.0,1
43.41,EUR,Spotify,NG,3.7934,2.0,0.0,0.0,0.0,1.0,1.0,0.0,0.0,1
40.53,EUR,Apple,DE,3.7265,2.0,0.0,0.0,0.0,0.0,1.0,1.0,1.0,1
26.1,USD,Gambling Anonymous Hub,NG,3.2996,5.0,0.0,0.0,1.0,0.0,1.0,0.45,0.0,1
638.91,EUR,Apple,NG,6.4613,1.0,1.0,0.0,0.0,0.0,0.0,1.0,0.0,1
23.35,USD,Amazon,CN,3.1925,3.0,0.0,0.0,0.0,0.0,0.0,0.0,1.0,0
29.63,EUR,Stripe Demo Store,NG,3.422,2.0,0.0,0.0,0.0,1.0,0.0,0.0,0.0,0
16.1,GBP,Spotify,NG,2.8393,2.0,0.0,0.0,0.0,0.0,0.0,0.0,0.0,0
21.78,GBP,Shopify Merchant,NG,3.126,1.0,0.0,0.0,0.0,0.0,1.0,0.0,0.0,0
12.9,GBP,Shopify Merchant,NG,2.632,1.0,0.0,0.0,0.0,0.0,0.0,1.0,0.0,1
2083.39,USD,Stripe Demo Store,NG,7.6422,1.0,1.0,0.0,0.0,0.0,1.0,0.0,0.0,1
58.27,EUR,Apple,NG,4.0821,3.0,0.0,0.0,0.0,0.0,0.0,0.45,0.0,1
52.77,USD,Apple,NG,3.9847,2.0,0.0,0.0,0.0,0.0,0.0,0.45,0.0,1
15.09,GBP,Apple,NG,2.7785,1.0,0.0,0.0,0.0,0.0,0.0,0.0,0.0,0
974.05,GBP,Stripe Demo Store,NG,6.8825,3.0,1.0,0.0,0.0,0.0,0.0,0.0,0.0,1
1943.03,EUR,Spotify,CN,7.5725,2.0,1.0,0.0,0.0,0.0,1.0,0.45,1.0,1
10.3,USD,Amazon,NG,2.425,6.0,0.0,0.0,0.0,0.0,1.0,0.0,0.0,1
49.1,GBP,Shopify Merchant,US,3.914,2.0,0.0,0.0,0.0,0.0,0.0,0.0,1.0,0
29.39,GBP,Amazon,NG,3.4142,2.0,0.0,0.0,0.0,0.0,0.0,0.45,0.0,0
25.28,EUR,Gambling Anonymous Hub,RU,3.2688,2.0,0.0,0.0,1.0,0.0,1.0,0.45,1.0,1
2285.34,GBP,Apple,NG,7.7347,2.0,1.0,0.0,0.0,0.0,0.0,1.0,0.0,1
27.06,GBP,Apple,NG,3.3343,1.0,0.0,0.0,0.0,1.0,1.0,0.0,0.0,0
9.4,GBP,Apple,CN,2.3414,1.0,0.0,0.0,0.0,0.0,0.0,0.0,1.0,0
8571.72,USD,Spotify,RU,9.0563,8.0,1.0,1.0,0.0,0.0,0.0,0.0,1.0,1
52.73,USD,XXX Test Casino,NG,3.984,3.0,0.0,0.0,1.0,0.0,0.0,0.45,0.0,1
62.91,USD,Netflix,NG,4.1575,2.0,0.0,0.0,0.0,0.0,0.0,1.0,0.0,0
32.98,USD,Spotify,NG,3.5258,2.0,0.0,0.0,0.0,0.0,0.0,0.0,0.0,0
7.63,GBP,Spotify,NG,2.1557,3.0,0.0,0.0,0.0,0.0,0.0,0.0,0.0,0
23.06,GBP,Spotify,DE,3.1806,1.0,0.0,0.0,0.0,0.0,1.0,0.0,1.0,1
89.82,GBP,Amazon,NG,4.5088,1.0,0.0,0.0,0.0,0.0,1.0,0.0,0.0,1
10.94,EUR,Spotify,DE,2.4795,1.0,0.0,0.0,0.0,0.0,1.0,0.0,1.0,1
19.27,GBP,Dark Web Market,NG,3.0092,1.0,0.0,0.0,1.0,0.0,1.0,0.45,0.0,1
54.03,GBP,Stripe Demo Store,US,4.0078,1.0,0.0,0.0,0.0,1.0,1.0,0.0,1.0,1
30.94,USD,Apple,US,3.4638,3.0,0.0,0.0,0.0,0.0,0.0,0.0,1.0,0
113.99,EUR,Amazon,NG,4.7448,1.0,0.0,0.0,0.0,0.0,0.0,1.0,0.0,0
12.03,USD,Spotify,CN,2.5669,4.0,0.0,0.0,0.0,0.0,0.0,0.0,1.0,1
10.05,GBP,Spotify,NG,2.4021,5.0,0.0,0.0,0.0,0.0,0.0,0.0,0.0,1
1397.75,USD,Amazon,NG,7.2433,1.0,1.0,0.0,0.0,0.0,0.0,0.0,0.0,1
1627.09,GBP,Amazon,NG,7.3952,3.0,1.0,0.0,0.0,1.0,1.0,0.0,0.0,1
17.5,USD,Netflix,RU,2.9178,2.0,0.0,0.0,0.0,0.0,0.0,1.0,1.0,1
19.18,GBP,Spotify,NG,3.0049,5.0,0.0,0.0,0.0,0.0,1.0,0.0,0.0,1
41.48,USD,Apple,NG,3.749,2.0,0.0,0.0,0.0,0.0,0.0,0.45,0.0,0
30.88,EUR,Apple,NG,3.4619,1.0,0.0,0.0,0.0,0.0,0.0,0.0,0.0,1
27.66,USD,Apple,DE,3.3555,1.0,0.0,0.0,0.0,0.0,1.0,0.0,1.0,1
15.15,GBP,Shopify Merchant,NG,2.7822,5.0,0.0,0.0,0.0,0.0,0.0,0.0,0.0,1
47.02,GBP,Shopify Merchant,NG,3.8715,1.0,0.0,0.0,0.0,1.0,0.0,0.0,0.0,1
336.32,EUR,Spotify,US,5.821,4.0,0.0,0.0,0.0,0.0,0.0,0.0,1.0,1
32.59,USD,Netflix,NG,3.5141,1.0,0.0,0.0,0.0,0.0,1.0,0.0,0.0,1
21.54,EUR,Amazon,RU,3.1152,2.0,0.0,0.0,0.0,1.0,0.0,0.0,1.0,0
1807.48,USD,Shopify Merchant,NG,7.5002,2.0,1.0,0.0,0.0,0.0,1.0,0.45,0.0,1
12.86,GBP,Netflix,NG,2.6287,1.0,0.0,0.0,0.0,0.0,0.0,0.0,0.0,0
6878.7,USD,Apple,NG,8.8363,1.0,1.0,1.0,0.0,0.0,0.0,0.0,0.0,1
13.82,GBP,Anonymous Crypto Mix,US,2.6957,1.0,0.0,0.0,1.0,0.0,0.0,0.45,1.0,1
504.58,GBP,XXX Test Casino,NG,6.2257,3.0,1.0,0.0,1.0,0.0,1.0,0.45,0.0,1
1154.54,GBP,Stripe Demo Store,NG,7.0523,3.0,1.0,0.0,0.0,0.0,0.0,0.45,0.0,1
7081.15,GBP,Netflix,US,8.8653,1.0,1.0,1.0,0.0,0.0,0.0,0.45,1.0,0
1246.92,GBP,Apple,NG,7.1292,2.0,1.0,0.0,0.0,0.0,0.0,0.0,0.0,1
916.43,USD,Amazon,US,6.8216,1.0,1.0,0.0,0.0,0.0,0.0,1.0,1.0,1
51.22,EUR,Apple,NG,3.9555,3.0,0.0,0.0,0.0,1.0,0.0,0.0,0.0,0
1929.46,EUR,Apple,RU,7.5655,3.0,1.0,0.0,0.0,1.0,0.0,1.0,1.0,1
6.0,GBP,Spotify,NG,1.9456,5.0,0.0,0.0,0.0,0.0,0.0,0.0,0.0,1
33.07,EUR,Apple,NG,3.5285,4.0,0.0,0.0,0.0,0.0,1.0,0.0,0.0,1
41.18,USD,Spotify,NG,3.742,1.0,0.0,0.0,0.0,1.0,1.0,0.0,0.0,0
1204.4,EUR,Apple,NG,7.0946,1.0,1.0,0.0,0.0,1.0,0.0,0.0,0.0,0
11.28,USD,Amazon,NG,2.5078,5.0,0.0,0.0,0.0,0.0,0.0,0.0,0.0,0
18.59,GBP,Amazon,NG,2.9751,1.0,0.0,0.0,0.0,0.0,0.0,0.0,0.0,1
33.59,USD,Netflix,NG,3.5435,1.0,0.0,0.0,0.0,0.0,1.0,0.0,0.0,0
14.0,GBP,Apple,NG,2.708,1.0,0.0,0.0,0.0,1.0,0.0,0.0,0.0,0
11.22,GBP,Amazon,NG,2.5029,3.0,0.0,0.0,0.0,0.0,1.0,0.0,0.0,1
33.42,USD,Apple,DE,3.5385,2.0,0.0,0.0,0.0,0.0,0.0,1.0,1.0,0
14.47,EUR,Apple,DE,2.739,8.0,0.0,0.0,0.0,0.0,0.0,1.0,1.0,1
29.35,USD,Spotify,NG,3.4129,1.0,0.0,0.0,0.0,0.0,0.0,0.0,0.0,0
9.23,EUR,Shopify Merchant,DE,2.3249,1.0,0.0,0.0,0.0,1.0,1.0,0.0,1.0,0
7.79,EUR,Stripe Demo Store,NG,2.1741,1.0,0.0,0.0,0.0,0.0,0.0,0.0,0.0,1
34.08,GBP,Amazon,NG,3.5576,3.0,0.0,0.0,0.0,0.0,0.0,0.45,0.0,0
23.97,USD,Netflix,US,3.2176,1.0,0.0,0.0,0.0,0.0,0.0,0.45,1.0,0
38.31,GBP,Netflix,NG,3.6715,6.0,0.0,0.0,0.0,0.0,0.0,0.45,0.0,1
13.83,GBP,Stripe Demo Store,NG,2.697,2.0,0.0,0.0,0.0,0.0,0.0,0.0,0.0,1
8600.94,USD,Anonymous Crypto Mix,RU,9.0597,3.0,1.0,1.0,1.0,1.0,1.0,0.45,1.0,1
2147.17,GBP,Netflix,RU,7.6724,4.0,1.0,0.0,0.0,0.0,1.0,0.0,1.0,1
6.92,GBP,Amazon,NG,2.069,2.0,0.0,0.0,0.0,0.0,0.0,0.0,0.0,0
48.23,USD,Apple,NG,3.8965,3.0,0.0,0.0,0.0,0.0,0.0,0.0,0.0,0
50.62,EUR,Amazon,DE,3.9439,1.0,0.0,0.0,0.0,0.0,0.0,0.0,1.0,0
2022.58,USD,Wallet Drain Services,US,7.6126,3.0,1.0,0.0,1.0,0.0,1.0,0.45,1.0,1
12.41,GBP,Stripe Demo Store,NG,2.596,4.0,0.0,0.0,0.0,0.0,0.0,0.0,0.0,1
864.37,GBP,Apple,NG,6.7632,2.0,1.0,0.0,0.0,1.0,0.0,0.0,0.0,1
17.34,USD,Apple,NG,2.909,1.0,0.0,0.0,0.0,0.0,1.0,1.0,0.0,0
8.11,GBP,Stripe Demo Store,NG,2.2097,8.0,0.0,0.0,0.0,0.0,0.0,1.0,0.0,1
10.25,USD,Stripe Demo Store,DE,2.4199,6.0,0.0,0.0,0.0,1.0,0.0,0.0,1.0,1
904.14,EUR,Apple,NG,6.8081,2.0,1.0,0.0,0.0,0.0,1.0,0.0,0.0,1
31.64,USD,Spotify,US,3.4857,8.0,0.0,0.0,0.0,0.0,1.0,0.0,1.0,1
9.63,USD,Wallet Drain Services,NG,2.3641,2.0,0.0,0.0,1.0,0.0,1.0,1.0,0.0,0
708.1,USD,Netflix,NG,6.564,1.0,1.0,0.0,0.0,0.0,0.0,0.0,0.0,0
27.61,USD,Stripe Demo Store,NG,3.3536,2.0,0.0,0.0,0.0,0.0,0.0,0.0,0.0,0
57.8,GBP,Netflix,NG,4.0741,1.0,0.0,0.0,0.0,0.0,0.0,0.0,0.0,1
29.92,GBP,Shopify Merchant,NG,3.4313,2.0,0.0,0.0,0.0,0.0,1.0,0.0,0.0,0
1576.39,GBP,Stripe Demo Store,US,7.3635,2.0,1.0,0.0,0.0,0.0,1.0,0.0,1.0,1
28.05,GBP,Netflix,NG,3.369,1.0,0.0,0.0,0.0,0.0,0.0,0.45,0.0,0
4806.16,EUR,Shopify Merchant,RU,8.4779,1.0,1.0,1.0,0.0,0.0,0.0,0.45,1.0,0
8.16,EUR,Spotify,NG,2.2146,3.0,0.0,0.0,0.0,0.0,0.0,0.0,0.0,1
5819.28,GBP,Amazon,NG,8.6691,3.0,1.0,1.0,0.0,0.0,0.0,0.0,0.0,1
1691.29,USD,Spotify,NG,7.4338,8.0,1.0,0.0,0.0,0.0,1.0,0.0,0.0,1
16.93,EUR,Shopify Merchant,CN,2.8867,1.0,0.0,0.0,0.0,0.0,1.0,0.0,1.0,1
544.0,USD,Shopify Merchant,NG,6.3008,4.0,1.0,0.0,0.0,0.0,0.0,0.0,0.0,1
596.42,EUR,Amazon,NG,6.3926,1.0,1.0,0.0,0.0,0.0,1.0,0.0,0.0,1
8375.48,USD,Gambling Anonymous Hub,NG,9.0332,1.0,1.0,1.0,1.0,0.0,1.0,0.45,0.0,1
17.75,USD,Gambling Anonymous Hub,NG,2.931,3.0,0.0,0.0,1.0,0.0,1.0,0.45,0.0,1
12.0,GBP,Spotify,NG,2.565,1.0,0.0,0.0,0.0,0.0,0.0,0.0,0.0,1
43.29,GBP,Amazon,RU,3.7909,3.0,0.0,0.0,0.0,0.0,1.0,0.0,1.0,1
25.66,GBP,Netflix,NG,3.283,1.0,0.0,0.0,0.0,0.0,0.0,0.0,0.0,0
9.85,EUR,Shopify Merchant,NG,2.3837,1.0,0.0,0.0,0.0,0.0,0.0,0.45,0.0,0
17.54,GBP,Shopify Merchant,NG,2.9199,2.0,0.0,0.0,0.0,1.0,0.0,0.0,0.0,0
5.93,GBP,Shopify Merchant,NG,1.9356,1.0,0.0,0.0,0.0,0.0,1.0,0.0,0.0,0
20.59,GBP,Netflix,NG,3.0722,1.0,0.0,0.0,0.0,0.0,1.0,0.0,0.0,0
17.48,EUR,Apple,NG,2.9168,1.0,0.0,0.0,0.0,0.0,0.0,0.0,0.0,0
2211.92,EUR,Netflix,NG,7.7021,1.0,1.0,0.0,0.0,0.0,0.0,1.0,0.0,0
1420.77,EUR,Apple,NG,7.2597,3.0,1.0,0.0,0.0,1.0,0.0,0.45,0.0,1
8.94,EUR,Apple,NG,2.2967,1.0,0.0,0.0,0.0,0.0,1.0,0.45,0.0,1
32.93,GBP,Spotify,NG,3.5244,2.0,0.0,0.0,0.0,0.0,0.0,0.45,0.0,0
8879.08,USD,Gambling Anonymous Hub,US,9.0916,2.0,1.0,1.0,1.0,1.0,0.0,1.0,1.0,1
42.7,GBP,Shopify Merchant,NG,3.7772,2.0,0.0,0.0,0.0,0.0,1.0,0.45,0.0,1
19.65,EUR,Amazon,US,3.0276,2.0,0.0,0.0,0.0,0.0,1.0,0.0,1.0,0
9.08,USD,Spotify,NG,2.3106,2.0,0.0,0.0,0.0,1.0,0.0,0.45,0.0,0
7.74,GBP,Amazon,NG,2.168,4.0,0.0,0.0,0.0,0.0,1.0,0.0,0.0,1
15.06,GBP,Apple,RU,2.7762,1.0,0.0,0.0,0.0,0.0,0.0,1.0,1.0,0
1542.63,EUR,Apple,CN,7.3419,3.0,1.0,0.0,0.0,0.0,1.0,0.0,1.0,1
12.14,USD,Wallet Drain Services,NG,2.5755,1.0,0.0,0.0,1.0,0.0,1.0,0.45,0.0,1
15.98,EUR,Stripe Demo Store,NG,2.8323,2.0,0.0,0.0,0.0,0.0,1.0,0.0,0.0,1
1707.78,USD,Apple,NG,7.4435,2.0,1.0,0.0,0.0,1.0,0.0,0.45,0.0,1
1595.25,GBP,Amazon,NG,7.3754,1.0,1.0,0.0,0.0,0.0,1.0,0.0,0.0,1
8.44,USD,Amazon,RU,2.2455,1.0,0.0,0.0,0.0,0.0,0.0,0.45,1.0,1
12.46,GBP,Stripe Demo Store,CN,2.5996,1.0,0.0,0.0,0.0,0.0,1.0,0.0,1.0,0
17.96,EUR,Stripe Demo Store,NG,2.9424,1.0,0.0,0.0,0.0,0.0,0.0,0.0,0.0,0
17.52,GBP,Apple,NG,2.9187,2.0,0.0,0.0,0.0,0.0,0.0,0.45,0.0,1
72.64,EUR,Stripe Demo Store,RU,4.2992,1.0,0.0,0.0,0.0,0.0,0.0,0.0,1.0,1
6181.3,USD,Spotify,CN,8.7294,3.0,1.0,1.0,0.0,0.0,1.0,0.0,1.0,1
6.49,GBP,Wallet Drain Services,RU,2.0138,5.0,0.0,0.0,1.0,0.0,0.0,0.45,1.0,1
26.92,GBP,Spotify,DE,3.3292,1.0,0.0,0.0,0.0,1.0,1.0,0.0,1.0,1
826.59,EUR,Apple,NG,6.7185,1.0,1.0,0.0,0.0,0.0,0.0,0.0,0.0,1
18.4,GBP,Shopify Merchant,NG,2.9653,1.0,0.0,0.0,0.0,0.0,1.0,0.0,0.0,0
8826.8,GBP,Dark Web Market,NG,9.0857,4.0,1.0,1.0,1.0,1.0,1.0,0.45,0.0,1
1607.19,EUR,Shopify Merchant,NG,7.3829,1.0,1.0,0.0,0.0,0.0,0.0,0.45,0.0,1
9.5,EUR,Spotify,NG,2.3512,1.0,0.0,0.0,0.0,0.0,1.0,0.0,0.0,0
31.9,USD,Amazon,NG,3.4934,8.0,0.0,0.0,0.0,0.0,0.0,0.0,0.0,1
6849.0,EUR,Spotify,NG,8.832,2.0,1.0,1.0,0.0,0.0,0.0,0.45,0.0,1
30.59,EUR,Shopify Merchant,US,3.4527,1.0,0.0,0.0,0.0,0.0,1.0,0.45,1.0,1
5410.11,EUR,Spotify,RU,8.5962,5.0,1.0,1.0,0.0,0.0,0.0,0.0,1.0,1
29.76,USD,Spotify,NG,3.4262,5.0,0.0,0.0,0.0,0.0,1.0,0.0,0.0,0
615.64,USD,Amazon,NG,6.4243,2.0,1.0,0.0,0.0,0.0,0.0,0.0,0.0,1
43.56,EUR,Shopify Merchant,DE,3.7969,1.0,0.0,0.0,0.0,0.0,0.0,0.0,1.0,0
12.91,GBP,Amazon,CN,2.6328,2.0,0.0,0.0,0.0,0.0,0.0,0.0,1.0,0
22.52,USD,Netflix,RU,3.1579,1.0,0.0,0.0,0.0,1.0,1.0,0.0,1.0,1
8.12,EUR,Shopify Merchant,US,2.2109,2.0,0.0,0.0,0.0,1.0,1.0,0.45,1.0,0
9.74,EUR,Apple,NG,2.3744,1.0,0.0,0.0,0.0,0.0,1.0,0.0,0.0,0
20.82,GBP,Stripe Demo Store,US,3.0829,2.0,0.0,0.0,0.0,0.0,0.0,0.0,1.0,0
821.96,USD,Gambling Anonymous Hub,NG,6.7129,3.0,1.0,0.0,1.0,0.0,0.0,0.45,0.0,1
6.1,EUR,Shopify Merchant,NG,1.9601,6.0,0.0,0.0,0.0,0.0,0.0,0.45,0.0,1
28.45,USD,Anonymous Crypto Mix,NG,3.3826,4.0,0.0,0.0,1.0,0.0,1.0,0.45,0.0,1
11.32,USD,Stripe Demo Store,DE,2.5111,1.0,0.0,0.0,0.0,0.0,0.0,0.45,1.0,0
49.19,GBP,Amazon,NG,3.9159,1.0,0.0,0.0,0.0,1.0,0.0,0.0,0.0,0
859.04,EUR,Stripe Demo Store,NG,6.757,2.0,1.0,0.0,0.0,0.0,1.0,0.0,0.0,1
1853.89,GBP,Dark Web Market,DE,7.5256,1.0,1.0,0.0,1.0,0.0,1.0,0.45,1.0,1
21.18,EUR,Amazon,NG,3.0992,1.0,0.0,0.0,0.0,0.0,1.0,0.0,0.0,0
6926.61,GBP,Stripe Demo Store,RU,8.8433,3.0,1.0,1.0,0.0,0.0,0.0,0.0,1.0,1
1802.93,USD,Netflix,RU,7.4977,1.0,1.0,0.0,0.0,1.0,0.0,0.0,1.0,1
20.09,EUR,Shopify Merchant,NG,3.0489,1.0,0.0,0.0,0.0,0.0,0.0,0.45,0.0,0
1710.25,EUR,Apple,NG,7.445,2.0,1.0,0.0,0.0,0.0,0.0,0.0,0.0,1
30.39,EUR,Apple,NG,3.4466,8.0,0.0,0.0,0.0,0.0,0.0,0.0,0.0,1
3077.27,USD,Netflix,NG,8.0321,2.0,1.0,1.0,0.0,0.0,0.0,0.0,0.0,1
8.15,USD,Spotify,NG,2.2134,1.0,0.0,0.0,0.0,0.0,1.0,0.45,0.0,0
26.73,EUR,Netflix,NG,3.3226,2.0,0.0,0.0,0.0,1.0,1.0,0.45,0.0,0
9.3,GBP,Spotify,NG,2.3323,5.0,0.0,0.0,0.0,1.0,0.0,0.45,0.0,1
1134.44,EUR,Shopify Merchant,NG,7.0348,1.0,1.0,0.0,0.0,0.0,0.0,0.0,0.0,0
36.08,EUR,Netflix,NG,3.6131,2.0,0.0,0.0,0.0,0.0,0.0,0.0,0.0,0
29.01,USD,Amazon,NG,3.4014,3.0,0.0,0.0,0.0,0.0,1.0,0.45,0.0,0
8.35,USD,Gambling Anonymous Hub,US,2.2354,3.0,0.0,0.0,1.0,0.0,0.0,0.45,1.0,0
1746.05,GBP,Spotify,NG,7.4657,1.0,1.0,0.0,0.0,0.0,1.0,0.0,0.0,0
10.67,USD,Spotify,NG,2.457,5.0,0.0,0.0,0.0,0.0,0.0,1.0,0.0,1
1151.09,EUR,Shopify Merchant,NG,7.0493,1.0,1.0,0.0,0.0,0.0,1.0,0.45,0.0,1
37.87,USD,Stripe Demo Store,NG,3.6603,1.0,0.0,0.0,0.0,0.0,0.0,1.0,0.0,0
14.96,GBP,Apple,NG,2.7701,1.0,0.0,0.0,0.0,0.0,0.0,0.0,0.0,0
30.06,USD,Apple,NG,3.4361,2.0,0.0,0.0,0.0,1.0,1.0,0.0,0.0,1
7.77,GBP,Stripe Demo Store,NG,2.1717,1.0,0.0,0.0,0.0,0.0,0.0,0.0,0.0,1
12.54,EUR,Amazon,RU,2.6059,3.0,0.0,0.0,0.0,0.0,1.0,0.45,1.0,1
515.01,GBP,Spotify,NG,6.2461,4.0,1.0,0.0,0.0,1.0,0.0,0.45,0.0,1
27.57,EUR,Shopify Merchant,RU,3.3522,1.0,0.0,0.0,0.0,0.0,1.0,0.0,1.0,1
2176.21,USD,Stripe Demo Store,NG,7.6858,3.0,1.0,0.0,0.0,0.0,0.0,0.0,0.0,1
23.89,GBP,Stripe Demo Store,NG,3.2146,8.0,0.0,0.0,0.0,0.0,0.0,0.45,0.0,1
1949.84,GBP,XXX Test Casino,NG,7.576,1.0,1.0,0.0,1.0,0.0,0.0,0.45,0.0,1
7596.1,EUR,Stripe Demo Store,DE,8.9355,3.0,1.0,1.0,0.0,1.0,0.0,0.0,1.0,1
1298.87,EUR,Netflix,NG,7.17,10.0,1.0,0.0,0.0,0.0,0.0,1.0,0.0,1
14.9,GBP,Spotify,NG,2.7666,3.0,0.0,0.0,0.0,0.0,0.0,0.0,0.0,1
2281.31,GBP,Shopify Merchant,NG,7.7329,2.0,1.0,0.0,0.0,0.0,1.0,0.45,0.0,1
26.78,USD,Amazon,NG,3.3242,4.0,0.0,0.0,0.0,0.0,1.0,1.0,0.0,0
23.08,EUR,Shopify Merchant,CN,3.1813,3.0,0.0,0.0,0.0,1.0,1.0,0.45,1.0,0
8.8,GBP,Amazon,RU,2.2826,1.0,0.0,0.0,0.0,0.0,1.0,0.0,1.0,1
9.98,USD,Shopify Merchant,NG,2.3962,1.0,0.0,0.0,0.0,0.0,1.0,0.0,0.0,0
1284.23,GBP,Amazon,US,7.1587,2.0,1.0,0.0,0.0,0.0,0.0,0.0,1.0,1
56.27,EUR,Amazon,NG,4.0478,1.0,0.0,0.0,0.0,1.0,0.0,1.0,0.0,1
541.91,USD,Shopify Merchant,NG,6.2969,1.0,1.0,0.0,0.0,1.0,0.0,0.0,0.0,1
15.06,EUR,Amazon,NG,2.7761,1.0,0.0,0.0,0.0,1.0,1.0,0.0,0.0,1
1792.09,USD,Apple,NG,7.4917,4.0,1.0,0.0,0.0,1.0,0.0,0.45,0.0,1
9.06,GBP,Amazon,CN,2.3089,3.0,0.0,0.0,0.0,0.0,1.0,0.0,1.0,0
50.21,GBP,Amazon,NG,3.936,1.0,0.0,0.0,0.0,0.0,1.0,0.45,0.0,0
22.89,USD,Amazon,NG,3.1734,1.0,0.0,0.0,0.0,0.0,0.0,0.0,0.0,1
8831.63,GBP,Dark Web Market,NG,9.0862,1.0,1.0,1.0,1.0,0.0,1.0,0.45,0.0,1
17.87,EUR,Netflix,NG,2.9377,1.0,0.0,0.0,0.0,0.0,0.0,0.0,0.0,0
13.89,USD,Amazon,US,2.7006,2.0,0.0,0.0,0.0,0.0,0.0,0.0,1.0,0
50.31,GBP,Netflix,NG,3.9379,1.0,0.0,0.0,0.0,0.0,0.0,0.0,0.0,0
17.43,EUR,Shopify Merchant,US,2.9142,6.0,0.0,0.0,0.0,0.0,1.0,0.0,1.0,1
1745.88,EUR,Netflix,NG,7.4656,1.0,1.0,0.0,0.0,0.0,0.0,0.0,0.0,0
30.01,USD,Stripe Demo Store,NG,3.4344,1.0,0.0,0.0,0.0,0.0,1.0,0.0,0.0,1
11.96,EUR,Shopify Merchant,NG,2.5618,4.0,0.0,0.0,0.0,1.0,0.0,0.0,0.0,1
23.0,GBP,Stripe Demo Store,US,3.1782,1.0,0.0,0.0,0.0,0.0,1.0,0.45,1.0,0
24.34,GBP,Shopify Merchant,NG,3.2324,1.0,0.0,0.0,0.0,0.0,1.0,0.0,0.0,0
7983.96,GBP,Amazon,NG,8.9853,1.0,1.0,1.0,0.0,0.0,1.0,0.45,0.0,1
23.97,USD,Shopify Merchant,NG,3.2178,2.0,0.0,0.0,0.0,1.0,0.0,0.45,0.0,0
1456.99,GBP,XXX Test Casino,NG,7.2848,1.0,1.0,0.0,1.0,0.0,0.0,0.45,0.0,1
22.0,EUR,Shopify Merchant,NG,3.1354,4.0,0.0,0.0,0.0,1.0,1.0,0.0,0.0,1
20.59,GBP,Netflix,NG,3.0724,2.0,0.0,0.0,0.0,0.0,1.0,0.45,0.0,1
24.08,EUR,Amazon,NG,3.2221,4.0,0.0,0.0,0.0,0.0,0.0,0.0,0.0,1
4845.41,USD,Anonymous Crypto Mix,RU,8.486,2.0,1.0,1.0,1.0,0.0,0.0,0.45,1.0,1
8.8,USD,Apple,NG,2.282,3.0,0.0,0.0,0.0,0.0,0.0,0.0,0.0,0
15.81,GBP,Apple,NG,2.8218,2.0,0.0,0.0,0.0,0.0,0.0,1.0,0.0,0
32.03,GBP,Spotify,NG,3.4974,2.0,0.0,0.0,0.0,0.0,1.0,0.45,0.0,1
28.12,USD,Apple,NG,3.3716,2.0,0.0,0.0,0.0,1.0,0.0,0.0,0.0,1
4339.63,GBP,Shopify Merchant,NG,8.3758,2.0,1.0,1.0,0.0,0.0,0.0,0.0,0.0,1
138.03,GBP,Stripe Demo Store,NG,4.9347,1.0,0.0,0.0,0.0,0.0,0.0,0.0,0.0,0
30.87,EUR,Apple,NG,3.4618,2.0,0.0,0.0,0.0,0.0,0.0,0.0,0.0,1
44.33,EUR,Apple,NG,3.814,1.0,0.0,0.0,0.0,0.0,0.0,0.0,0.0,1
16.2,EUR,Shopify Merchant,NG,2.8449,2.0,0.0,0.0,0.0,0.0,0.0,0.0,0.0,0
10.02,GBP,Spotify,NG,2.4001,1.0,0.0,0.0,0.0,0.0,0.0,0.45,0.0,0
16.12,EUR,Spotify,RU,2.8402,1.0,0.0,0.0,0.0,0.0,0.0,0.0,1.0,0
33.06,GBP,Netflix,NG,3.5282,1.0,0.0,0.0,0.0,0.0,1.0,0.0,0.0,1
26.7,GBP,Netflix,NG,3.3215,1.0,0.0,0.0,0.0,0.0,0.0,0.0,0.0,0
26.64,GBP,Amazon,NG,3.3191,1.0,0.0,0.0,0.0,0.0,0.0,0.45,0.0,1
17.29,GBP,Spotify,NG,2.9062,1.0,0.0,0.0,0.0,0.0,1.0,0.45,0.0,0
15.46,EUR,Amazon,NG,2.801,2.0,0.0,0.0,0.0,0.0,1.0,0.45,0.0,1
17.71,USD,Apple,NG,2.929,1.0,0.0,0.0,0.0,0.0,1.0,0.0,0.0,0
33.35,EUR,Stripe Demo Store,RU,3.5367,8.0,0.0,0.0,0.0,0.0,0.0,0.0,1.0,0
36.18,GBP,Stripe Demo Store,RU,3.6158,3.0,0.0,0.0,0.0,1.0,0.0,0.0,1.0,1
9.93,EUR,Apple,NG,2.3916,1.0,0.0,0.0,0.0,0.0,0.0,0.0,0.0,0
34.25,USD,Netflix,NG,3.5624,1.0,0.0,0.0,0.0,0.0,1.0,0.0,0.0,1
12.74,GBP,Spotify,NG,2.6201,1.0,0.0,0.0,0.0,0.0,1.0,0.0,0.0,0
27.89,GBP,Amazon,NG,3.3635,1.0,0.0,0.0,0.0,0.0,0.0,0.0,0.0,0
17.56,USD,Amazon,CN,2.921,2.0,0.0,0.0,0.0,0.0,0.0,0.0,1.0,0
60.1,USD,Netflix,DE,4.1126,2.0,0.0,0.0,0.0,1.0,1.0,0.0,1.0,1
14.99,GBP,Stripe Demo Store,NG,2.7719,2.0,0.0,0.0,0.0,0.0,1.0,0.0,0.0,1
22.76,GBP,Wallet Drain Services,NG,3.168,1.0,0.0,0.0,1.0,0.0,0.0,0.45,0.0,0
30.71,GBP,Stripe Demo Store,NG,3.4567,3.0,0.0,0.0,0.0,0.0,0.0,0.0,0.0,1
10.89,GBP,Shopify Merchant,NG,2.476,1.0,0.0,0.0,0.0,0.0,1.0,0.45,0.0,0
19.09,GBP,Netflix,NG,3.0001,4.0,0.0,0.0,0.0,0.0,0.0,0.0,0.0,1
16.67,USD,Anonymous Crypto Mix,NG,2.8717,6.0,0.0,0.0,1.0,0.0,1.0,0.45,0.0,1
1977.5,EUR,XXX Test Casino,NG,7.5901,1.0,1.0,0.0,1.0,0.0,1.0,0.45,0.0,1
14.76,EUR,Netflix,CN,2.7577,3.0,0.0,0.0,0.0,0.0,0.0,0.0,1.0,0
43.75,USD,Stripe Demo Store,NG,3.801,3.0,0.0,0.0,0.0,0.0,0.0,0.45,0.0,1
13.21,EUR,Amazon,US,2.654,2.0,0.0,0.0,0.0,0.0,0.0,0.0,1.0,0
29.86,USD,Amazon,NG,3.4294,1.0,0.0,0.0,0.0,0.0,0.0,0.45,0.0,0
25.03,GBP,Shopify Merchant,NG,3.2594,3.0,0.0,0.0,0.0,0.0,0.0,0.0,0.0,0
956.49,USD,Shopify Merchant,NG,6.8643,1.0,1.0,0.0,0.0,0.0,0.0,1.0,0.0,1
2298.0,EUR,Amazon,NG,7.7402,1.0,1.0,0.0,0.0,0.0,1.0,0.45,0.0,1
8091.11,GBP,Gambling Anonymous Hub,NG,8.9986,2.0,1.0,1.0,1.0,0.0,0.0,0.45,0.0,1
31.18,USD,Amazon,NG,3.4712,1.0,0.0,0.0,0.0,0.0,0.0,0.0,0.0,1
14.08,EUR,Spotify,DE,2.7136,1.0,0.0,0.0,0.0,0.0,1.0,0.0,1.0,0
1451.2,GBP,Amazon,NG,7.2808,8.0,1.0,0.0,0.0,0.0,0.0,1.0,0.0,1
8.12,EUR,Stripe Demo Store,NG,2.2102,1.0,0.0,0.0,0.0,0.0,0.0,0.0,0.0,0
1248.65,GBP,Spotify,NG,7.1306,2.0,1.0,0.0,0.0,0.0,0.0,0.0,0.0,0
38.43,USD,Amazon,NG,3.6746,2.0,0.0,0.0,0.0,0.0,1.0,0.0,0.0,1
11.42,EUR,Stripe Demo Store,NG,2.5191,1.0,0.0,0.0,0.0,0.0,0.0,0.0,0.0,0
13.13,EUR,Apple,NG,2.6484,3.0,0.0,0.0,0.0,0.0,1.0,0.45,0.0,0
1545.92,GBP,Shopify Merchant,US,7.344,2.0,1.0,0.0,0.0,0.0,1.0,0.45,1.0,1
28.1,EUR,Shopify Merchant,US,3.3707,2.0,0.0,0.0,0.0,0.0,0.0,0.0,1.0,0
5.0,USD,Apple,DE,1.7918,2.0,0.0,0.0,0.0,1.0,1.0,1.0,1.0,1
82.33,USD,Shopify Merchant,NG,4.4229,6.0,0.0,0.0,0.0,0.0,0.0,1.0,0.0,1
29.08,USD,Amazon,NG,3.4038,5.0,0.0,0.0,0.0,0.0,1.0,0.45,0.0,1
32.72,USD,Apple,NG,3.518,1.0,0.0,0.0,0.0,0.0,1.0,0.0,0.0,0
758.76,GBP,XXX Test Casino,NG,6.633,1.0,1.0,0.0,1.0,0.0,1.0,0.45,0.0,1
5.48,USD,Apple,NG,1.8688,2.0,0.0,0.0,0.0,0.0,0.0,0.0,0.0,1
2059.65,EUR,Apple,NG,7.6308,5.0,1.0,0.0,0.0,0.0,1.0,0.0,0.0,1
1820.23,USD,Stripe Demo Store,CN,7.5073,3.0,1.0,0.0,0.0,0.0,0.0,1.0,1.0,1
29.39,GBP,Apple,NG,3.4142,1.0,0.0,0.0,0.0,0.0,1.0,0.0,0.0,1
17.23,EUR,Stripe Demo Store,NG,2.9032,4.0,0.0,0.0,0.0,0.0,0.0,0.0,0.0,1
23.73,GBP,Wallet Drain Services,NG,3.2079,1.0,0.0,0.0,1.0,1.0,1.0,0.45,0.0,0
11.68,EUR,Spotify,NG,2.5397,1.0,0.0,0.0,0.0,1.0,0.0,0.0,0.0,0
36.78,EUR,Amazon,NG,3.6319,2.0,0.0,0.0,0.0,0.0,0.0,0.0,0.0,1
7305.03,GBP,Apple,NG,8.8965,1.0,1.0,1.0,0.0,1.0,1.0,0.0,0.0,0
3999.37,GBP,XXX Test Casino,NG,8.2941,2.0,1.0,1.0,1.0,0.0,1.0,0.45,0.0,1
711.63,GBP,Netflix,CN,6.569,1.0,1.0,0.0,0.0,0.0,0.0,0.0,1.0,1
62.98,GBP,Apple,CN,4.1586,3.0,0.0,0.0,0.0,0.0,0.0,0.0,1.0,0
49.05,GBP,Spotify,DE,3.913,6.0,0.0,0.0,0.0,1.0,0.0,1.0,1.0,1
18.93,EUR,Amazon,NG,2.9923,1.0,0.0,0.0,0.0,0.0,0.0,0.45,0.0,0
45.45,USD,Apple,NG,3.8383,2.0,0.0,0.0,0.0,1.0,0.0,0.0,0.0,0
18.78,EUR,Stripe Demo Store,US,2.9846,3.0,0.0,0.0,0.0,0.0,0.0,0.0,1.0,0
6.77,USD,Spotify,NG,2.0503,1.0,0.0,0.0,0.0,0.0,0.0,0.45,0.0,1
57.53,GBP,Netflix,NG,4.0695,3.0,0.0,0.0,0.0,1.0,1.0,0.0,0.0,1
44.26,GBP,Shopify Merchant,NG,3.8125,2.0,0.0,0.0,0.0,0.0,0.0,1.0,0.0,1
19.65,EUR,Stripe Demo Store,CN,3.0277,1.0,0.0,0.0,0.0,1.0,1.0,0.0,1.0,1
8.52,EUR,Spotify,NG,2.2534,4.0,0.0,0.0,0.0,0.0,0.0,0.45,0.0,1
1547.05,USD,Netflix,US,7.3448,1.0,1.0,0.0,0.0,0.0,1.0,1.0,1.0,1
7333.34,GBP,XXX Test Casino,NG,8.9003,1.0,1.0,1.0,1.0,1.0,1.0,0.45,0.0,1
38.92,USD,Wallet Drain Services,NG,3.6869,1.0,0.0,0.0,1.0,0.0,1.0,0.45,0.0,1
1656.27,GBP,Netflix,NG,7.4129,3.0,1.0,0.0,0.0,1.0,1.0,0.0,0.0,1
6722.72,EUR,Netflix,NG,8.8134,5.0,1.0,1.0,0.0,0.0,1.0,0.0,0.0,1
11.13,EUR,Amazon,DE,2.4955,1.0,0.0,0.0,0.0,0.0,0.0,0.0,1.0,1
7.4,EUR,Amazon,NG,2.1281,1.0,0.0,0.0,0.0,0.0,1.0,0.0,0.0,0
23.73,GBP,Apple,NG,3.2081,1.0,0.0,0.0,0.0,0.0,0.0,0.0,0.0,0
15.9,EUR,Netflix,NG,2.8273,2.0,0.0,0.0,0.0,1.0,0.0,0.0,0.0,0
1787.58,USD,Netflix,RU,7.4892,1.0,1.0,0.0,0.0,0.0,1.0,0.0,1.0,1
8.27,GBP,Shopify Merchant,US,2.2268,1.0,0.0,0.0,0.0,1.0,1.0,0.45,1.0,0
11.82,GBP,Stripe Demo Store,CN,2.5511,1.0,0.0,0.0,0.0,1.0,0.0,0.0,1.0,0
5.0,GBP,Shopify Merchant,NG,1.7918,2.0,0.0,0.0,0.0,0.0,1.0,0.0,0.0,0
5.0,USD,Stripe Demo Store,NG,1.7918,2.0,0.0,0.0,0.0,1.0,1.0,0.0,0.0,0
2147.48,EUR,Stripe Demo Store,NG,7.6725,2.0,1.0,0.0,0.0,0.0,0.0,0.0,0.0,1
86.36,USD,Amazon,NG,4.47,1.0,0.0,0.0,0.0,1.0,0.0,0.0,0.0,0
21.43,GBP,Anonymous Crypto Mix,DE,3.1105,2.0,0.0,0.0,1.0,0.0,1.0,0.45,1.0,0
11.28,EUR,Netflix,NG,2.5082,2.0,0.0,0.0,0.0,0.0,0.0,0.0,0.0,0
16.3,EUR,Apple,NG,2.8506,2.0,0.0,0.0,0.0,1.0,0.0,0.0,0.0,1
37.02,GBP,Amazon,RU,3.6382,1.0,0.0,0.0,0.0,0.0,0.0,0.0,1.0,1
14.01,GBP,Amazon,NG,2.7089,1.0,0.0,0.0,0.0,0.0,0.0,0.0,0.0,0
23.72,USD,Stripe Demo Store,NG,3.2076,2.0,0.0,0.0,0.0,1.0,0.0,1.0,0.0,1
19.91,EUR,Netflix,NG,3.0401,1.0,0.0,0.0,0.0,0.0,0.0,0.0,0.0,0
2293.02,GBP,Netflix,US,7.7381,2.0,1.0,0.0,0.0,0.0,0.0,0.0,1.0,1
13.9,EUR,Stripe Demo Store,NG,2.7012,1.0,0.0,0.0,0.0,0.0,1.0,0.0,0.0,0
24.66,EUR,Apple,NG,3.2451,1.0,0.0,0.0,0.0,0.0,0.0,0.45,0.0,0
10.14,USD,Netflix,NG,2.4103,2.0,0.0,0.0,0.0,0.0,0.0,0.0,0.0,0
1496.69,GBP,Amazon,NG,7.3117,1.0,1.0,0.0,0.0,0.0,0.0,0.0,0.0,1
14.44,GBP,Shopify Merchant,NG,2.7369,1.0,0.0,0.0,0.0,0.0,0.0,0.45,0.0,1
21.96,EUR,Spotify,NG,3.1337,3.0,0.0,0.0,0.0,0.0,0.0,0.0,0.0,1
52.92,USD,Stripe Demo Store,NG,3.9875,1.0,0.0,0.0,0.0,1.0,1.0,0.0,0.0,1
17.85,USD,Apple,DE,2.9368,5.0,0.0,0.0,0.0,0.0,1.0,0.45,1.0,1
1609.73,EUR,Netflix,NG,7.3844,1.0,1.0,0.0,0.0,1.0,1.0,1.0,0.0,1
5.73,EUR,Shopify Merchant,NG,1.9065,4.0,0.0,0.0,0.0,0.0,0.0,0.45,0.0,0
1515.33,EUR,Spotify,CN,7.324,3.0,1.0,0.0,0.0,1.0,1.0,1.0,1.0,0
503.56,USD,Shopify Merchant,DE,6.2237,1.0,1.0,0.0,0.0,0.0,0.0,0.0,1.0,1
77.19,GBP,Amazon,NG,4.3592,2.0,0.0,0.0,0.0,0.0,0.0,0.0,0.0,0
1187.66,USD,Amazon,NG,7.0806,2.0,1.0,0.0,0.0,0.0,0.0,0.0,0.0,0
18.78,EUR,Shopify Merchant,NG,2.9845,2.0,0.0,0.0,0.0,1.0,1.0,0.0,0.0,0
1332.04,EUR,Apple,NG,7.1952,1.0,1.0,0.0,0.0,0.0,0.0,0.45,0.0,1
11.59,EUR,Stripe Demo Store,CN,2.5332,6.0,0.0,0.0,0.0,0.0,1.0,0.0,1.0,0
17.31,GBP,Stripe Demo Store,NG,2.9072,3.0,0.0,0.0,0.0,1.0,0.0,0.0,0.0,1
25.34,USD,Netflix,US,3.2709,6.0,0.0,0.0,0.0,0.0,1.0,1.0,1.0,1
22.85,EUR,Amazon,NG,3.172,4.0,0.0,0.0,0.0,0.0,0.0,0.0,0.0,1
60.1,USD,Apple,NG,4.1125,3.0,0.0,0.0,0.0,0.0,0.0,0.0,0.0,1
1367.37,GBP,Spotify,NG,7.2214,3.0,1.0,0.0,0.0,1.0,0.0,1.0,0.0,1
50.88,EUR,Stripe Demo Store,NG,3.9489,2.0,0.0,0.0,0.0,0.0,1.0,0.0,0.0,1
15.61,EUR,Netflix,RU,2.8101,4.0,0.0,0.0,0.0,0.0,0.0,0.45,1.0,1
11.96,USD,Amazon,RU,2.5619,2.0,0.0,0.0,0.0,0.0,0.0,0.0,1.0,1
17.15,EUR,Shopify Merchant,NG,2.8987,1.0,0.0,0.0,0.0,0.0,0.0,0.0,0.0,0
8.92,USD,Spotify,NG,2.2949,2.0,0.0,0.0,0.0,0.0,0.0,0.0,0.0,0
5168.23,USD,Spotify,CN,8.5505,1.0,1.0,1.0,0.0,1.0,0.0,0.0,1.0,1
15.33,GBP,Amazon,NG,2.7931,6.0,0.0,0.0,0.0,0.0,0.0,0.0,0.0,1
12.55,EUR,Spotify,US,2.6064,2.0,0.0,0.0,0.0,1.0,0.0,0.45,1.0,1
28.48,USD,Amazon,NG,3.3836,2.0,0.0,0.0,0.0,0.0,1.0,0.0,0.0,0
9.02,EUR,Amazon,NG,2.3045,1.0,0.0,0.0,0.0,1.0,0.0,0.0,0.0,1
34.44,GBP,Spotify,NG,3.568,2.0,0.0,0.0,0.0,0.0,1.0,0.0,0.0,1
14.37,EUR,Amazon,NG,2.7324,1.0,0.0,0.0,0.0,0.0,1.0,0.0,0.0,1
45.21,EUR,Spotify,RU,3.8332,2.0,0.0,0.0,0.0,0.0,1.0,0.0,1.0,0
7343.86,USD,Apple,RU,8.9018,2.0,1.0,1.0,0.0,0.0,0.0,0.0,1.0,1
22.26,USD,Shopify Merchant,NG,3.1467,2.0,0.0,0.0,0.0,1.0,0.0,1.0,0.0,1
31.26,USD,Amazon,NG,3.4738,1.0,0.0,0.0,0.0,0.0,0.0,1.0,0.0,0
793.58,USD,Netflix,US,6.6778,2.0,1.0,0.0,0.0,1.0,1.0,0.0,1.0,1
1885.6,GBP,Shopify Merchant,NG,7.5425,2.0,1.0,0.0,0.0,0.0,0.0,0.0,0.0,1
1721.34,USD,Spotify,NG,7.4514,4.0,1.0,0.0,0.0,0.0,0.0,0.0,0.0,1
2953.74,USD,Shopify Merchant,NG,7.9912,5.0,1.0,1.0,0.0,0.0,1.0,0.0,0.0,1
718.58,USD,Gambling Anonymous Hub,NG,6.5787,3.0,1.0,0.0,1.0,1.0,0.0,0.45,0.0,0
1704.31,GBP,Shopify Merchant,NG,7.4415,1.0,1.0,0.0,0.0,1.0,0.0,0.0,0.0,1
34.91,GBP,Apple,NG,3.5809,1.0,0.0,0.0,0.0,1.0,0.0,0.0,0.0,0
1803.4,EUR,Amazon,DE,7.498,5.0,1.0,0.0,0.0,0.0,0.0,0.0,1.0,1
11.69,GBP,Spotify,NG,2.5408,10.0,0.0,0.0,0.0,0.0,1.0,0.0,0.0,1
10.59,EUR,Netflix,NG,2.4499,1.0,0.0,0.0,0.0,1.0,1.0,0.0,0.0,0
31.78,GBP,XXX Test Casino,NG,3.4897,2.0,0.0,0.0,1.0,0.0,1.0,0.45,0.0,1
6406.83,EUR,XXX Test Casino,NG,8.7653,1.0,1.0,1.0,1.0,0.0,0.0,1.0,0.0,1
3774.85,EUR,Shopify Merchant,NG,8.2364,1.0,1.0,1.0,0.0,0.0,0.0,0.0,0.0,1
17.73,GBP,Wallet Drain Services,NG,2.9301,10.0,0.0,0.0,1.0,0.0,1.0,0.45,0.0,1
1151.86,USD,Apple,NG,7.05,5.0,1.0,0.0,0.0,0.0,0.0,0.0,0.0,1
593.65,USD,Shopify Merchant,NG,6.388,8.0,1.0,0.0,0.0,0.0,0.0,0.45,0.0,1
24.57,GBP,Amazon,NG,3.2415,1.0,0.0,0.0,0.0,0.0,0.0,0.0,0.0,0
15.46,GBP,Spotify,NG,2.8009,2.0,0.0,0.0,0.0,0.0,0.0,0.0,0.0,0
23.63,USD,Netflix,US,3.2041,5.0,0.0,0.0,0.0,0.0,0.0,0.0,1.0,1
2142.86,EUR,Spotify,NG,7.6704,2.0,1.0,0.0,0.0,0.0,0.0,0.45,0.0,1
19.34,USD,Anonymous Crypto Mix,CN,3.0125,1.0,0.0,0.0,1.0,0.0,0.0,0.45,1.0,0
5860.36,USD,Gambling Anonymous Hub,RU,8.6761,2.0,1.0,1.0,1.0,0.0,0.0,0.45,1.0,1
20.75,EUR,Apple,NG,3.0795,1.0,0.0,0.0,0.0,1.0,1.0,0.0,0.0,1
6641.18,GBP,Spotify,NG,8.8012,2.0,1.0,1.0,0.0,0.0,1.0,0.45,0.0,1
67.11,USD,Shopify Merchant,NG,4.2212,4.0,0.0,0.0,0.0,1.0,1.0,1.0,0.0,0
1409.62,GBP,Shopify Merchant,NG,7.2518,1.0,1.0,0.0,0.0,0.0,0.0,0.0,0.0,1
21.23,USD,Stripe Demo Store,NG,3.1016,1.0,0.0,0.0,0.0,1.0,1.0,0.0,0.0,0
23.34,GBP,Stripe Demo Store,NG,3.1921,2.0,0.0,0.0,0.0,0.0,0.0,0.0,0.0,1
1520.45,EUR,Apple,NG,7.3274,2.0,1.0,0.0,0.0,0.0,0.0,0.0,0.0,1
2594.02,GBP,Amazon,NG,7.8613,1.0,1.0,1.0,0.0,0.0,1.0,0.0,0.0,1
1040.71,EUR,Shopify Merchant,NG,6.9486,1.0,1.0,0.0,0.0,1.0,0.0,0.0,0.0,1
36.43,GBP,Apple,RU,3.6225,3.0,0.0,0.0,0.0,0.0,0.0,0.45,1.0,0
33.94,EUR,Apple,NG,3.5535,1.0,0.0,0.0,0.0,0.0,1.0,0.0,0.0,0
9.24,USD,Apple,NG,2.3263,2.0,0.0,0.0,0.0,1.0,0.0,0.0,0.0,0
39.8,USD,Apple,DE,3.7087,2.0,0.0,0.0,0.0,0.0,0.0,0.0,1.0,1
18.88,GBP,Anonymous Crypto Mix,CN,2.9895,1.0,0.0,0.0,1.0,1.0,0.0,0.45,1.0,1
10.07,USD,Amazon,US,2.4038,2.0,0.0,0.0,0.0,0.0,1.0,1.0,1.0,0
970.71,GBP,Gambling Anonymous Hub,US,6.8791,2.0,1.0,0.0,1.0,0.0,0.0,0.45,1.0,1
1374.51,USD,Amazon,NG,7.2266,2.0,1.0,0.0,0.0,0.0,0.0,0.45,0.0,1
1725.24,EUR,Stripe Demo Store,NG,7.4537,2.0,1.0,0.0,0.0,0.0,1.0,1.0,0.0,1
1112.41,EUR,Netflix,US,7.0152,1.0,1.0,0.0,0.0,0.0,1.0,0.0,1.0,0
34.37,GBP,Stripe Demo Store,NG,3.5659,1.0,0.0,0.0,0.0,1.0,1.0,0.0,0.0,0
53.36,GBP,Shopify Merchant,NG,3.9956,2.0,0.0,0.0,0.0,0.0,0.0,0.0,0.0,0
33.44,EUR,Apple,RU,3.5391,2.0,0.0,0.0,0.0,0.0,0.0,1.0,1.0,0
1153.26,USD,Spotify,NG,7.0512,1.0,1.0,0.0,0.0,0.0,0.0,0.0,0.0,1
82.01,USD,Shopify Merchant,NG,4.419,1.0,0.0,0.0,0.0,0.0,1.0,0.0,0.0,1
42.35,USD,Netflix,NG,3.7693,3.0,0.0,0.0,0.0,0.0,0.0,0.45,0.0,0
14.06,GBP,Shopify Merchant,NG,2.712,1.0,0.0,0.0,0.0,1.0,0.0,0.0,0.0,1
9.77,GBP,Spotify,NG,2.3767,5.0,0.0,0.0,0.0,1.0,0.0,0.45,0.0,1
28.6,EUR,Netflix,NG,3.3877,2.0,0.0,0.0,0.0,0.0,0.0,0.45,0.0,1
1017.85,EUR,Netflix,NG,6.9264,1.0,1.0,0.0,0.0,0.0,0.0,0.0,0.0,0
25.3,EUR,Stripe Demo Store,US,3.2698,2.0,0.0,0.0,0.0,0.0,1.0,0.45,1.0,1
33.8,EUR,Amazon,NG,3.5495,1.0,0.0,0.0,0.0,0.0,0.0,0.0,0.0,0
2254.99,EUR,Spotify,NG,7.7213,5.0,1.0,0.0,0.0,0.0,0.0,1.0,0.0,1
9.2,USD,Shopify Merchant,DE,2.322,5.0,0.0,0.0,0.0,1.0,0.0,0.0,1.0,1
1747.45,GBP,Dark Web Market,NG,7.4665,4.0,1.0,0.0,1.0,0.0,1.0,0.45,0.0,1
13.83,USD,Spotify,CN,2.6965,2.0,0.0,0.0,0.0,0.0,0.0,0.0,1.0,0
22.25,EUR,Spotify,US,3.1462,5.0,0.0,0.0,0.0,0.0,0.0,0.45,1.0,1
7.84,EUR,Shopify Merchant,NG,2.1797,2.0,0.0,0.0,0.0,0.0,0.0,0.45,0.0,0
16.84,GBP,Amazon,NG,2.8812,4.0,0.0,0.0,0.0,1.0,0.0,0.0,0.0,1
627.28,GBP,Stripe Demo Store,NG,6.443,1.0,1.0,0.0,0.0,0.0,1.0,0.45,0.0,1
30.7,GBP,Apple,DE,3.4562,5.0,0.0,0.0,0.0,0.0,0.0,0.0,1.0,1
11.57,EUR,Dark Web Market,CN,2.5311,2.0,0.0,0.0,1.0,1.0,1.0,0.45,1.0,1
8.87,USD,Stripe Demo Store,NG,2.2891,1.0,0.0,0.0,0.0,0.0,0.0,0.0,0.0,0
20.31,USD,Netflix,DE,3.0591,10.0,0.0,0.0,0.0,0.0,0.0,1.0,1.0,1
1885.05,EUR,Amazon,NG,7.5422,2.0,1.0,0.0,0.0,0.0,0.0,0.45,0.0,1
7553.33,GBP,Amazon,NG,8.9299,5.0,1.0,1.0,0.0,1.0,0.0,0.45,0.0,1
14.03,GBP,Anonymous Crypto Mix,NG,2.7103,1.0,0.0,0.0,1.0,1.0,1.0,0.45,0.0,1
24.74,GBP,Spotify,NG,3.2481,2.0,0.0,0.0,0.0,1.0,1.0,1.0,0.0,0
57.49,GBP,Amazon,NG,4.0689,3.0,0.0,0.0,0.0,0.0,0.0,0.0,0.0,1
23.19,USD,Shopify Merchant,NG,3.1858,1.0,0.0,0.0,0.0,1.0,1.0,0.0,0.0,1
6453.44,EUR,Amazon,NG,8.7725,3.0,1.0,1.0,0.0,0.0,0.0,0.0,0.0,1
23.16,EUR,Dark Web Market,NG,3.1845,2.0,0.0,0.0,1.0,0.0,0.0,1.0,0.0,1
84.0,EUR,Apple,DE,4.4426,1.0,0.0,0.0,0.0,0.0,1.0,1.0,1.0,0
8.16,EUR,Stripe Demo Store,DE,2.2145,2.0,0.0,0.0,0.0,0.0,0.0,0.0,1.0,1
742.12,EUR,Stripe Demo Store,NG,6.6109,1.0,1.0,0.0,0.0,0.0,0.0,0.45,0.0,1
17.14,EUR,Spotify,NG,2.8983,4.0,0.0,0.0,0.0,1.0,0.0,0.0,0.0,0
21.48,EUR,Stripe Demo Store,CN,3.1126,4.0,0.0,0.0,0.0,1.0,0.0,0.0,1.0,1
23.01,USD,Apple,NG,3.1785,2.0,0.0,0.0,0.0,0.0,1.0,0.0,0.0,1
44.61,USD,Netflix,NG,3.8201,2.0,0.0,0.0,0.0,0.0,0.0,0.0,0.0,1
21.31,USD,Amazon,NG,3.1052,1.0,0.0,0.0,0.0,0.0,1.0,0.0,0.0,0
49.11,EUR,Amazon,RU,3.9142,1.0,0.0,0.0,0.0,0.0,1.0,0.0,1.0,0
18.5,EUR,Spotify,NG,2.9703,4.0,0.0,0.0,0.0,1.0,0.0,0.0,0.0,1
15.72,EUR,Netflix,NG,2.8166,1.0,0.0,0.0,0.0,0.0,0.0,0.0,0.0,0
12.57,EUR,Stripe Demo Store,RU,2.6081,1.0,0.0,0.0,0.0,0.0,1.0,0.0,1.0,1
5.63,USD,Stripe Demo Store,NG,1.8915,1.0,0.0,0.0,0.0,1.0,0.0,0.45,0.0,0
3473.19,GBP,Spotify,RU,8.1531,2.0,1.0,1.0,0.0,0.0,1.0,0.0,1.0,1
1181.16,EUR,Stripe Demo Store,NG,7.0751,3.0,1.0,0.0,0.0,0.0,0.0,0.0,0.0,1
27.68,GBP,Spotify,DE,3.3563,1.0,0.0,0.0,0.0,0.0,0.0,0.45,1.0,0
32.48,USD,Apple,US,3.511,1.0,0.0,0.0,0.0,0.0,0.0,0.0,1.0,1
1024.98,GBP,Spotify,NG,6.9334,1.0,1.0,0.0,0.0,0.0,0.0,0.45,0.0,1
16.93,GBP,Wallet Drain Services,RU,2.8864,1.0,0.0,0.0,1.0,0.0,1.0,0.45,1.0,1
40.01,GBP,Netflix,NG,3.7139,1.0,0.0,0.0,0.0,0.0,1.0,0.0,0.0,1
1152.98,USD,Amazon,NG,7.051,3.0,1.0,0.0,0.0,0.0,0.0,0.0,0.0,1
56.92,GBP,Netflix,NG,4.059,2.0,0.0,0.0,0.0,0.0,1.0,1.0,0.0,0
1298.06,EUR,Spotify,US,7.1694,1.0,1.0,0.0,0.0,0.0,1.0,0.0,1.0,1
20.59,EUR,Apple,NG,3.072,2.0,0.0,0.0,0.0,0.0,1.0,1.0,0.0,1
23.26,USD,Netflix,CN,3.1889,3.0,0.0,0.0,0.0,0.0,1.0,0.0,1.0,1
11.85,GBP,Stripe Demo Store,NG,2.5535,1.0,0.0,0.0,0.0,0.0,1.0,0.0,0.0,0
7.29,GBP,Spotify,NG,2.1149,1.0,0.0,0.0,0.0,0.0,0.0,0.0,0.0,0
9.13,GBP,Netflix,NG,2.3152,3.0,0.0,0.0,0.0,0.0,0.0,0.45,0.0,1
20.8,EUR,Apple,RU,3.0818,1.0,0.0,0.0,0.0,0.0,0.0,0.0,1.0,0
1995.26,EUR,Netflix,NG,7.599,3.0,1.0,0.0,0.0,0.0,0.0,0.0,0.0,1
7.18,EUR,Spotify,US,2.1018,3.0,0.0,0.0,0.0,0.0,1.0,0.45,1.0,1
19.57,USD,Shopify Merchant,RU,3.0237,4.0,0.0,0.0,0.0,0.0,0.0,0.45,1.0,1
550.82,EUR,Spotify,NG,6.3132,1.0,1.0,0.0,0.0,0.0,1.0,0.45,0.0,1
870.56,GBP,Netflix,NG,6.7703,1.0,1.0,0.0,0.0,0.0,0.0,0.45,0.0,1
15.5,GBP,Netflix,NG,2.8034,4.0,0.0,0.0,0.0,0.0,1.0,0.0,0.0,1
16.04,USD,Stripe Demo Store,NG,2.8358,2.0,0.0,0.0,0.0,1.0,0.0,0.0,0.0,0
2757.58,USD,Amazon,NG,7.9225,1.0,1.0,1.0,0.0,1.0,0.0,0.0,0.0,1
38.42,EUR,Stripe Demo Store,NG,3.6744,2.0,0.0,0.0,0.0,0.0,1.0,0.0,0.0,0
1436.63,EUR,Amazon,CN,7.2707,1.0,1.0,0.0,0.0,0.0,0.0,0.0,1.0,1
1883.11,GBP,Stripe Demo Store,NG,7.5412,2.0,1.0,0.0,0.0,1.0,1.0,0.0,0.0,1
1926.33,EUR,Shopify Merchant,DE,7.5639,6.0,1.0,0.0,0.0,1.0,0.0,0.45,1.0,1
21.48,USD,Spotify,NG,3.1128,2.0,0.0,0.0,0.0,0.0,1.0,0.0,0.0,1
26.65,USD,Shopify Merchant,US,3.3198,2.0,0.0,0.0,0.0,0.0,0.0,0.45,1.0,1
13.77,USD,Spotify,NG,2.6928,6.0,0.0,0.0,0.0,0.0,1.0,0.0,0.0,1
10.56,USD,Dark Web Market,NG,2.4479,2.0,0.0,0.0,1.0,0.0,1.0,1.0,0.0,0
3318.12,GBP,Amazon,NG,8.1075,1.0,1.0,1.0,0.0,1.0,0.0,0.0,0.0,1
14.74,USD,Stripe Demo Store,NG,2.7565,2.0,0.0,0.0,0.0,0.0,0.0,0.0,0.0,0
59.49,EUR,Amazon,NG,4.1024,1.0,0.0,0.0,0.0,0.0,0.0,0.0,0.0,1
16.01,GBP,Spotify,NG,2.8336,1.0,0.0,0.0,0.0,0.0,1.0,0.0,0.0,0
4959.52,EUR,Gambling Anonymous Hub,NG,8.5093,2.0,1.0,1.0,1.0,1.0,1.0,0.45,0.0,1
113.61,USD,Netflix,US,4.7416,1.0,0.0,0.0,0.0,1.0,1.0,0.45,1.0,1
17.53,USD,XXX Test Casino,DE,2.9192,1.0,0.0,0.0,1.0,0.0,1.0,0.45,1.0,0
29.65,USD,Amazon,CN,3.4225,2.0,0.0,0.0,0.0,1.0,0.0,0.0,1.0,1
31.58,EUR,Apple,RU,3.4836,1.0,0.0,0.0,0.0,0.0,0.0,0.0,1.0,0
33.51,EUR,Stripe Demo Store,CN,3.5414,2.0,0.0,0.0,0.0,1.0,0.0,0.0,1.0,0
24.6,GBP,Amazon,RU,3.2425,1.0,0.0,0.0,0.0,0.0,1.0,0.0,1.0,1
23.0,GBP,Apple,RU,3.1782,2.0,0.0,0.0,0.0,0.0,1.0,0.0,1.0,1
21.55,GBP,Netflix,NG,3.1156,5.0,0.0,0.0,0.0,0.0,0.0,0.0,0.0,1
13.42,EUR,Shopify Merchant,NG,2.6687,1.0,0.0,0.0,0.0,0.0,1.0,0.0,0.0,1
25.23,EUR,Amazon,NG,3.2667,3.0,0.0,0.0,0.0,0.0,0.0,0.0,0.0,1
83.1,EUR,Shopify Merchant,NG,4.432,1.0,0.0,0.0,0.0,0.0,0.0,0.0,0.0,1
46.87,EUR,Stripe Demo Store,NG,3.8686,1.0,0.0,0.0,0.0,1.0,1.0,0.0,0.0,1
24.85,USD,Netflix,US,3.2522,1.0,0.0,0.0,0.0,0.0,0.0,0.45,1.0,0
36.56,GBP,Netflix,NG,3.6261,1.0,0.0,0.0,0.0,1.0,1.0,0.0,0.0,1
10.93,USD,Apple,CN,2.4791,1.0,0.0,0.0,0.0,0.0,0.0,0.0,1.0,1
16.74,USD,Stripe Demo Store,NG,2.8757,3.0,0.0,0.0,0.0,0.0,0.0,0.0,0.0,0
39.0,GBP,Apple,CN,3.6888,3.0,0.0,0.0,0.0,0.0,1.0,0.0,1.0,1
56.88,GBP,Gambling Anonymous Hub,NG,4.0584,10.0,0.0,0.0,1.0,0.0,1.0,0.45,0.0,1
1286.44,EUR,Amazon,NG,7.1604,5.0,1.0,0.0,0.0,0.0,0.0,0.45,0.0,1
14.32,GBP,Netflix,NG,2.729,1.0,0.0,0.0,0.0,0.0,0.0,0.45,0.0,0
92.48,EUR,Shopify Merchant,NG,4.5377,1.0,0.0,0.0,0.0,0.0,1.0,1.0,0.0,1
21.49,USD,Stripe Demo Store,NG,3.1129,1.0,0.0,0.0,0.0,0.0,0.0,0.0,0.0,0
71.98,GBP,Amazon,NG,4.2902,2.0,0.0,0.0,0.0,0.0,0.0,0.0,0.0,1
23.22,EUR,Netflix,NG,3.187,4.0,0.0,0.0,0.0,0.0,0.0,0.0,0.0,1
815.56,EUR,Shopify Merchant,NG,6.7051,1.0,1.0,0.0,0.0,0.0,1.0,0.0,0.0,1
1245.82,USD,Apple,NG,7.1283,1.0,1.0,0.0,0.0,0.0,1.0,0.0,0.0,1
38.85,USD,Spotify,NG,3.6852,1.0,0.0,0.0,0.0,0.0,1.0,0.0,0.0,0
51.96,USD,Apple,NG,3.9695,5.0,0.0,0.0,0.0,1.0,0.0,0.0,0.0,1
9.73,EUR,Apple,NG,2.3733,2.0,0.0,0.0,0.0,0.0,0.0,0.45,0.0,1
15.69,EUR,Stripe Demo Store,US,2.8151,3.0,0.0,0.0,0.0,0.0,1.0,0.0,1.0,0
38.11,EUR,Spotify,RU,3.6665,2.0,0.0,0.0,0.0,0.0,0.0,0.0,1.0,1
18.34,USD,Apple,NG,2.9624,1.0,0.0,0.0,0.0,1.0,0.0,0.0,0.0,0
14.22,USD,Amazon,NG,2.7226,1.0,0.0,0.0,0.0,1.0,1.0,0.0,0.0,0
7686.51,USD,Dark Web Market,NG,8.9474,3.0,1.0,1.0,1.0,0.0,1.0,0.45,0.0,1
43.49,GBP,Amazon,NG,3.7952,3.0,0.0,0.0,0.0,0.0,0.0,0.0,0.0,1
14.66,EUR,Shopify Merchant,NG,2.7512,1.0,0.0,0.0,0.0,0.0,0.0,0.45,0.0,1
23.3,USD,Netflix,NG,3.1907,1.0,0.0,0.0,0.0,0.0,0.0,0.45,0.0,1
8.62,GBP,Shopify Merchant,NG,2.2638,1.0,0.0,0.0,0.0,0.0,1.0,0.0,0.0,1
10.73,EUR,Netflix,NG,2.4623,1.0,0.0,0.0,0.0,0.0,0.0,0.45,0.0,0
21.91,USD,Apple,NG,3.1315,1.0,0.0,0.0,0.0,0.0,0.0,0.0,0.0,0
1929.69,USD,Amazon,NG,7.5656,1.0,1.0,0.0,0.0,0.0,0.0,0.45,0.0,1
10.21,EUR,Netflix,NG,2.4166,2.0,0.0,0.0,0.0,0.0,0.0,0.0,0.0,0
12.17,GBP,Apple,DE,2.5778,3.0,0.0,0.0,0.0,0.0,1.0,0.0,1.0,1
9.53,GBP,Shopify Merchant,NG,2.3543,3.0,0.0,0.0,0.0,0.0,1.0,0.0,0.0,1
27.62,EUR,Netflix,NG,3.3541,3.0,0.0,0.0,0.0,1.0,0.0,1.0,0.0,1
5.07,USD,Shopify Merchant,NG,1.8028,10.0,0.0,0.0,0.0,1.0,0.0,1.0,0.0,1
9.89,GBP,Netflix,NG,2.3882,6.0,0.0,0.0,0.0,0.0,0.0,0.0,0.0,1
5.45,USD,Amazon,NG,1.8644,1.0,0.0,0.0,0.0,0.0,0.0,0.0,0.0,1
26.93,GBP,Amazon,NG,3.3298,1.0,0.0,0.0,0.0,0.0,1.0,0.45,0.0,1
2320.73,EUR,Shopify Merchant,NG,7.7501,1.0,1.0,0.0,0.0,0.0,1.0,0.0,0.0,1
20.54,USD,Gambling Anonymous Hub,NG,3.0698,5.0,0.0,0.0,1.0,0.0,1.0,0.45,0.0,1
1880.61,USD,Apple,US,7.5399,1.0,1.0,0.0,0.0,0.0,1.0,1.0,1.0,1
64.81,EUR,Netflix,NG,4.1867,1.0,0.0,0.0,0.0,0.0,1.0,0.0,0.0,1
5.67,GBP,Spotify,NG,1.8982,2.0,0.0,0.0,0.0,0.0,1.0,0.0,0.0,0
1752.6,EUR,Stripe Demo Store,CN,7.4694,2.0,1.0,0.0,0.0,0.0,1.0,0.0,1.0,1
1124.01,USD,Shopify Merchant,NG,7.0256,2.0,1.0,0.0,0.0,0.0,1.0,0.0,0.0,1
8.71,EUR,Amazon,CN,2.2735,3.0,0.0,0.0,0.0,0.0,0.0,0.0,1.0,0
2182.2,USD,Spotify,NG,7.6885,2.0,1.0,0.0,0.0,0.0,0.0,1.0,0.0,1
47.46,GBP,Apple,NG,3.8807,4.0,0.0,0.0,0.0,1.0,1.0,0.45,0.0,0
30.56,USD,Shopify Merchant,NG,3.452,1.0,0.0,0.0,0.0,1.0,0.0,0.0,0.0,1
7338.21,GBP,Gambling Anonymous Hub,DE,8.901,4.0,1.0,1.0,1.0,0.0,0.0,0.45,1.0,1
32.9,USD,Spotify,CN,3.5235,2.0,0.0,0.0,0.0,0.0,0.0,0.0,1.0,1
1625.99,EUR,Apple,NG,7.3945,1.0,1.0,0.0,0.0,0.0,0.0,0.0,0.0,1
11.86,USD,Shopify Merchant,US,2.5539,8.0,0.0,0.0,0.0,1.0,1.0,0.0,1.0,1
1640.5,EUR,Spotify,NG,7.4034,5.0,1.0,0.0,0.0,0.0,0.0,0.0,0.0,0
21.22,EUR,Stripe Demo Store,NG,3.1009,4.0,0.0,0.0,0.0,0.0,0.0,0.0,0.0,1
17.43,EUR,Spotify,NG,2.9138,5.0,0.0,0.0,0.0,0.0,0.0,0.0,0.0,1
18.19,EUR,Stripe Demo Store,NG,2.9545,1.0,0.0,0.0,0.0,1.0,1.0,1.0,0.0,1
17.77,GBP,Dark Web Market,NG,2.9324,1.0,0.0,0.0,1.0,0.0,1.0,0.45,0.0,1
20.4,EUR,Netflix,CN,3.0635,1.0,0.0,0.0,0.0,0.0,1.0,0.0,1.0,0
29.31,GBP,Netflix,NG,3.4116,4.0,0.0,0.0,0.0,0.0,0.0,1.0,0.0,1
22.3,EUR,Shopify Merchant,NG,3.1484,4.0,0.0,0.0,0.0,1.0,1.0,0.0,0.0,1
16.46,GBP,Shopify Merchant,NG,2.8599,8.0,0.0,0.0,0.0,0.0,0.0,0.0,0.0,1
26.61,USD,Stripe Demo Store,NG,3.3181,4.0,0.0,0.0,0.0,0.0,1.0,0.0,0.0,0
1998.2,EUR,Netflix,NG,7.6005,2.0,1.0,0.0,0.0,0.0,0.0,0.0,0.0,1
13.61,EUR,Stripe Demo Store,CN,2.6817,1.0,0.0,0.0,0.0,0.0,0.0,0.0,1.0,0
2172.82,EUR,Shopify Merchant,NG,7.6842,1.0,1.0,0.0,0.0,0.0,0.0,0.0,0.0,1
45.3,USD,Amazon,NG,3.8352,2.0,0.0,0.0,0.0,0.0,1.0,0.0,0.0,1
2385.21,EUR,Netflix,US,7.7775,3.0,1.0,0.0,0.0,0.0,1.0,0.0,1.0,1
71.04,EUR,Apple,DE,4.2773,1.0,0.0,0.0,0.0,0.0,0.0,0.0,1.0,0
7.87,EUR,Shopify Merchant,NG,2.1823,5.0,0.0,0.0,0.0,0.0,0.0,0.0,0.0,0
15.77,GBP,Apple,NG,2.8197,2.0,0.0,0.0,0.0,0.0,1.0,0.0,0.0,1
10.33,EUR,Netflix,NG,2.4273,1.0,0.0,0.0,0.0,1.0,0.0,0.0,0.0,1
92.9,GBP,Amazon,NG,4.5423,4.0,0.0,0.0,0.0,0.0,1.0,0.0,0.0,1
14.12,USD,Netflix,DE,2.7161,2.0,0.0,0.0,0.0,0.0,0.0,0.45,1.0,0
7542.69,GBP,Shopify Merchant,NG,8.9285,3.0,1.0,1.0,0.0,0.0,0.0,1.0,0.0,1
15.49,USD,Apple,CN,2.803,1.0,0.0,0.0,0.0,1.0,0.0,0.0,1.0,0
21.48,EUR,Shopify Merchant,CN,3.1124,1.0,0.0,0.0,0.0,0.0,0.0,0.0,1.0,0
5100.36,GBP,Apple,DE,8.5373,1.0,1.0,1.0,0.0,0.0,1.0,0.45,1.0,1
18.3,USD,Stripe Demo Store,NG,2.9602,2.0,0.0,0.0,0.0,0.0,0.0,0.0,0.0,0
5.0,GBP,Apple,NG,1.7918,3.0,0.0,0.0,0.0,1.0,0.0,0.0,0.0,1
2171.5,EUR,Netflix,NG,7.6836,6.0,1.0,0.0,0.0,1.0,0.0,0.0,0.0,1
2164.11,EUR,Stripe Demo Store,NG,7.6802,5.0,1.0,0.0,0.0,0.0,0.0,0.0,0.0,1
41.55,GBP,Stripe Demo Store,DE,3.7508,1.0,0.0,0.0,0.0,1.0,1.0,0.0,1.0,1
50.22,EUR,Netflix,RU,3.9361,8.0,0.0,0.0,0.0,1.0,1.0,0.45,1.0,1
17.61,GBP,Netflix,NG,2.9238,1.0,0.0,0.0,0.0,0.0,1.0,0.0,0.0,0
35.56,USD,Stripe Demo Store,RU,3.5991,1.0,0.0,0.0,0.0,0.0,0.0,0.0,1.0,1
9.29,EUR,Amazon,CN,2.3311,3.0,0.0,0.0,0.0,0.0,1.0,0.0,1.0,1
34.37,USD,Netflix,NG,3.5658,5.0,0.0,0.0,0.0,0.0,1.0,0.0,0.0,1
13.45,GBP,Stripe Demo Store,NG,2.671,6.0,0.0,0.0,0.0,0.0,1.0,0.0,0.0,0
1579.2,GBP,Amazon,CN,7.3653,4.0,1.0,0.0,0.0,0.0,0.0,0.0,1.0,1
17.64,USD,Apple,DE,2.9252,1.0,0.0,0.0,0.0,0.0,0.0,0.0,1.0,0
53.53,GBP,Apple,DE,3.9988,1.0,0.0,0.0,0.0,1.0,1.0,0.45,1.0,1
22.8,USD,Spotify,NG,3.1696,1.0,0.0,0.0,0.0,0.0,1.0,1.0,0.0,0
1889.28,GBP,XXX Test Casino,NG,7.5445,2.0,1.0,0.0,1.0,0.0,1.0,0.45,0.0,1
11.89,GBP,Stripe Demo Store,CN,2.5566,2.0,0.0,0.0,0.0,0.0,1.0,0.0,1.0,1
41.83,GBP,Apple,NG,3.7571,1.0,0.0,0.0,0.0,0.0,1.0,0.45,0.0,1
12.72,GBP,Amazon,RU,2.6191,2.0,0.0,0.0,0.0,0.0,1.0,0.0,1.0,1
23.52,GBP,Amazon,NG,3.1994,2.0,0.0,0.0,0.0,0.0,0.0,0.0,0.0,0
23.38,GBP,Stripe Demo Store,NG,3.1936,3.0,0.0,0.0,0.0,0.0,0.0,1.0,0.0,1
1638.25,USD,Gambling Anonymous Hub,NG,7.402,1.0,1.0,0.0,1.0,0.0,0.0,0.45,0.0,1
23.94,EUR,Amazon,NG,3.2164,1.0,0.0,0.0,0.0,0.0,0.0,0.0,0.0,1
1634.1,USD,Netflix,NG,7.3995,2.0,1.0,0.0,0.0,0.0,1.0,0.0,0.0,0
7760.78,USD,Anonymous Crypto Mix,NG,8.957,2.0,1.0,1.0,1.0,0.0,1.0,0.45,0.0,1
67.5,EUR,Amazon,NG,4.2269,1.0,0.0,0.0,0.0,1.0,0.0,0.0,0.0,0
13.35,USD,Amazon,NG,2.6636,1.0,0.0,0.0,0.0,0.0,1.0,0.0,0.0,1
5.56,USD,Apple,NG,1.8808,6.0,0.0,0.0,0.0,0.0,0.0,0.0,0.0,1
1242.82,USD,Netflix,DE,7.1259,3.0,1.0,0.0,0.0,0.0,0.0,0.0,1.0,1
15.93,GBP,Amazon,NG,2.8291,1.0,0.0,0.0,0.0,1.0,1.0,0.0,0.0,1
18.32,USD,Shopify Merchant,NG,2.9614,2.0,0.0,0.0,0.0,0.0,1.0,0.0,0.0,1
29.65,GBP,Dark Web Market,NG,3.4225,2.0,0.0,0.0,1.0,0.0,0.0,0.45,0.0,0
1539.5,USD,Gambling Anonymous Hub,NG,7.3399,1.0,1.0,0.0,1.0,1.0,1.0,0.45,0.0,1
16.64,EUR,Apple,NG,2.8702,1.0,0.0,0.0,0.0,0.0,0.0,1.0,0.0,0
18.73,USD,Stripe Demo Store,NG,2.9819,6.0,0.0,0.0,0.0,0.0,0.0,0.45,0.0,1
56.19,EUR,Netflix,NG,4.0465,2.0,0.0,0.0,0.0,0.0,0.0,0.0,0.0,0
4145.9,GBP,Amazon,US,8.3301,1.0,1.0,1.0,0.0,0.0,0.0,0.0,1.0,1
8.46,EUR,Apple,NG,2.2468,3.0,0.0,0.0,0.0,0.0,0.0,1.0,0.0,1
8.7,USD,Stripe Demo Store,NG,2.2717,2.0,0.0,0.0,0.0,0.0,0.0,0.0,0.0,0
1236.1,USD,Netflix,NG,7.1205,2.0,1.0,0.0,0.0,0.0,0.0,0.45,0.0,1
2121.13,USD,Netflix,RU,7.6602,1.0,1.0,0.0,0.0,0.0,1.0,0.45,1.0,1
6.73,GBP,Netflix,NG,2.0449,1.0,0.0,0.0,0.0,0.0,1.0,0.0,0.0,0
31.34,EUR,Amazon,RU,3.4763,1.0,0.0,0.0,0.0,0.0,0.0,0.0,1.0,0
1398.66,EUR,Stripe Demo Store,NG,7.244,8.0,1.0,0.0,0.0,0.0,1.0,0.0,0.0,0
671.63,GBP,Amazon,NG,6.5112,2.0,1.0,0.0,0.0,0.0,0.0,0.0,0.0,0
24.67,EUR,Shopify Merchant,US,3.2453,4.0,0.0,0.0,0.0,1.0,0.0,1.0,1.0,1
22.91,EUR,Apple,NG,3.1744,1.0,0.0,0.0,0.0,0.0,0.0,0.0,0.0,1
1731.87,USD,Apple,NG,7.4575,3.0,1.0,0.0,0.0,0.0,1.0,0.45,0.0,1
1543.96,EUR,Spotify,RU,7.3428,2.0,1.0,0.0,0.0,0.0,0.0,0.0,1.0,1
2162.03,EUR,Stripe Demo Store,NG,7.6793,2.0,1.0,0.0,0.0,0.0,0.0,0.0,0.0,1
18.8,EUR,Apple,NG,2.9857,1.0,0.0,0.0,0.0,1.0,0.0,0.45,0.0,0
16.97,USD,Gambling Anonymous Hub,NG,2.8889,2.0,0.0,0.0,1.0,0.0,1.0,0.45,0.0,1
543.05,USD,Spotify,DE,6.299,1.0,1.0,0.0,0.0,0.0,0.0,0.0,1.0,0
1078.15,GBP,Spotify,DE,6.9839,1.0,1.0,0.0,0.0,1.0,0.0,0.45,1.0,0
2171.36,GBP,Shopify Merchant,NG,7.6836,3.0,1.0,0.0,0.0,0.0,1.0,0.0,0.0,1
33.97,EUR,Netflix,US,3.5545,1.0,0.0,0.0,0.0,0.0,1.0,0.0,1.0,1
21.26,USD,Netflix,NG,3.1026,1.0,0.0,0.0,0.0,0.0,0.0,0.0,0.0,0
1871.62,EUR,Shopify Merchant,NG,7.5351,5.0,1.0,0.0,0.0,0.0,1.0,0.0,0.0,1
44.21,GBP,Amazon,NG,3.8113,1.0,0.0,0.0,0.0,0.0,0.0,0.45,0.0,0
6623.09,GBP,Gambling Anonymous Hub,NG,8.7985,2.0,1.0,1.0,1.0,0.0,0.0,0.45,0.0,1
17.49,GBP,Spotify,NG,2.917,4.0,0.0,0.0,0.0,1.0,0.0,0.0,0.0,0
5.0,GBP,Amazon,NG,1.7918,3.0,0.0,0.0,0.0,0.0,0.0,0.0,0.0,0
590.78,USD,Apple,CN,6.3831,1.0,1.0,0.0,0.0,0.0,1.0,0.45,1.0,1
7.79,EUR,Stripe Demo Store,RU,2.1735,2.0,0.0,0.0,0.0,0.0,1.0,0.0,1.0,1
23.45,USD,Apple,NG,3.1966,2.0,0.0,0.0,0.0,0.0,0.0,0.0,0.0,0
22.35,USD,Spotify,NG,3.1508,1.0,0.0,0.0,0.0,0.0,0.0,0.0,0.0,0
32.69,GBP,Amazon,RU,3.5172,3.0,0.0,0.0,0.0,0.0,1.0,0.0,1.0,1
53.39,EUR,Spotify,NG,3.9962,6.0,0.0,0.0,0.0,0.0,0.0,0.0,0.0,1
19.72,GBP,Apple,NG,3.0311,1.0,0.0,0.0,0.0,0.0,1.0,0.0,0.0,1
4090.73,GBP,Amazon,NG,8.3167,1.0,1.0,1.0,0.0,0.0,0.0,0.45,0.0,1
23.63,EUR,Spotify,DE,3.2042,3.0,0.0,0.0,0.0,0.0,0.0,0.0,1.0,0
8.03,EUR,Shopify Merchant,NG,2.2003,2.0,0.0,0.0,0.0,1.0,0.0,0.0,0.0,0
13.55,USD,Netflix,NG,2.6777,3.0,0.0,0.0,0.0,0.0,0.0,0.0,0.0,1
15.47,USD,Amazon,NG,2.8017,1.0,0.0,0.0,0.0,1.0,1.0,0.0,0.0,0
30.4,EUR,Amazon,NG,3.4469,1.0,0.0,0.0,0.0,1.0,0.0,0.0,0.0,0
10.35,GBP,Netflix,RU,2.4292,2.0,0.0,0.0,0.0,0.0,0.0,0.0,1.0,0
16.3,EUR,Wallet Drain Services,NG,2.8509,10.0,0.0,0.0,1.0,0.0,1.0,0.45,0.0,1
17.94,USD,Spotify,NG,2.9415,1.0,0.0,0.0,0.0,0.0,0.0,0.45,0.0,1
7595.31,EUR,XXX Test Casino,NG,8.9354,4.0,1.0,1.0,1.0,0.0,0.0,0.45,0.0,1
35.45,EUR,Netflix,NG,3.5958,1.0,0.0,0.0,0.0,0.0,0.0,0.0,0.0,0
31.47,GBP,Shopify Merchant,NG,3.4802,1.0,0.0,0.0,0.0,0.0,0.0,0.0,0.0,1
953.95,USD,Netflix,NG,6.8617,2.0,1.0,0.0,0.0,0.0,1.0,1.0,0.0,1
1272.96,USD,Gambling Anonymous Hub,NG,7.1499,1.0,1.0,0.0,1.0,0.0,0.0,0.45,0.0,1
46.61,USD,Amazon,NG,3.863,2.0,0.0,0.0,0.0,0.0,1.0,0.45,0.0,1
7.73,GBP,Shopify Merchant,CN,2.1668,1.0,0.0,0.0,0.0,0.0,0.0,0.0,1.0,0
7.6,USD,Spotify,DE,2.1517,2.0,0.0,0.0,0.0,1.0,0.0,0.0,1.0,1
8.59,EUR,Anonymous Crypto Mix,NG,2.2605,1.0,0.0,0.0,1.0,0.0,1.0,0.45,0.0,1
20.22,USD,Stripe Demo Store,NG,3.0547,4.0,0.0,0.0,0.0,0.0,1.0,0.0,0.0,0
46.6,USD,Stripe Demo Store,NG,3.8629,5.0,0.0,0.0,0.0,0.0,0.0,0.0,0.0,1
13.18,USD,Netflix,RU,2.6516,1.0,0.0,0.0,0.0,1.0,0.0,0.0,1.0,0
14.39,EUR,Spotify,RU,2.7335,1.0,0.0,0.0,0.0,0.0,0.0,0.0,1.0,0
4215.63,USD,Shopify Merchant,NG,8.3468,8.0,1.0,1.0,0.0,1.0,0.0,0.0,0.0,1
29.99,EUR,Anonymous Crypto Mix,NG,3.4338,1.0,0.0,0.0,1.0,0.0,1.0,0.45,0.0,0
14.38,USD,Amazon,NG,2.7329,3.0,0.0,0.0,0.0,0.0,1.0,0.0,0.0,1
13.83,EUR,Spotify,DE,2.6964,2.0,0.0,0.0,0.0,0.0,0.0,0.0,1.0,0
7.83,EUR,Spotify,CN,2.1784,4.0,0.0,0.0,0.0,1.0,1.0,1.0,1.0,1
13.46,EUR,Stripe Demo Store,NG,2.6715,1.0,0.0,0.0,0.0,0.0,1.0,0.0,0.0,0
1919.73,GBP,Spotify,DE,7.5605,1.0,1.0,0.0,0.0,0.0,0.0,0.0,1.0,1
513.29,GBP,Amazon,NG,6.2428,1.0,1.0,0.0,0.0,0.0,0.0,0.0,0.0,0
1154.53,EUR,Dark Web Market,NG,7.0523,1.0,1.0,0.0,1.0,0.0,0.0,0.45,0.0,1
5361.96,EUR,Stripe Demo Store,DE,8.5873,1.0,1.0,1.0,0.0,0.0,0.0,0.0,1.0,1
5553.69,EUR,Stripe Demo Store,NG,8.6224,10.0,1.0,1.0,0.0,0.0,0.0,0.0,0.0,1
7366.75,USD,Apple,NG,8.9049,1.0,1.0,1.0,0.0,0.0,0.0,0.0,0.0,1
53.65,EUR,Apple,NG,4.001,1.0,0.0,0.0,0.0,0.0,0.0,0.0,0.0,0
20.89,EUR,Spotify,NG,3.086,1.0,0.0,0.0,0.0,0.0,1.0,0.0,0.0,0
7.04,GBP,Stripe Demo Store,NG,2.0839,1.0,0.0,0.0,0.0,0.0,1.0,0.0,0.0,1
99.75,USD,Netflix,CN,4.6126,2.0,0.0,0.0,0.0,0.0,0.0,0.0,1.0,1
26.34,GBP,Netflix,NG,3.3084,1.0,0.0,0.0,0.0,0.0,0.0,0.0,0.0,0
768.57,USD,Netflix,NG,6.6458,3.0,1.0,0.0,0.0,0.0,0.0,0.0,0.0,1
39.22,USD,Amazon,CN,3.6945,4.0,0.0,0.0,0.0,1.0,0.0,0.0,1.0,0
32.84,GBP,Stripe Demo Store,NG,3.5216,1.0,0.0,0.0,0.0,0.0,0.0,0.0,0.0,0
50.28,USD,Apple,NG,3.9373,3.0,0.0,0.0,0.0,0.0,0.0,0.0,0.0,1
12.63,EUR,Apple,NG,2.6125,1.0,0.0,0.0,0.0,0.0,1.0,0.0,0.0,0
25.1,USD,Stripe Demo Store,NG,3.262,1.0,0.0,0.0,0.0,0.0,0.0,0.0,0.0,0
1330.8,USD,Amazon,NG,7.1943,5.0,1.0,0.0,0.0,1.0,0.0,0.0,0.0,1
32.02,GBP,Stripe Demo Store,NG,3.4972,5.0,0.0,0.0,0.0,0.0,1.0,0.0,0.0,1
762.82,USD,Stripe Demo Store,NG,6.6383,1.0,1.0,0.0,0.0,0.0,0.0,0.45,0.0,1
39.21,USD,Spotify,NG,3.6941,2.0,0.0,0.0,0.0,0.0,0.0,1.0,0.0,1
24.45,EUR,Dark Web Market,NG,3.2368,1.0,0.0,0.0,1.0,0.0,0.0,0.45,0.0,1
18.13,GBP,Spotify,NG,2.9512,2.0,0.0,0.0,0.0,0.0,1.0,1.0,0.0,0
1993.26,GBP,Amazon,US,7.598,2.0,1.0,0.0,0.0,0.0,0.0,0.0,1.0,1
1821.21,EUR,Shopify Merchant,DE,7.5078,1.0,1.0,0.0,0.0,0.0,1.0,0.0,1.0,1
34.93,GBP,Netflix,NG,3.5815,5.0,0.0,0.0,0.0,1.0,0.0,0.0,0.0,0
7201.37,GBP,Stripe Demo Store,NG,8.8822,3.0,1.0,1.0,0.0,1.0,0.0,0.0,0.0,1
13.6,EUR,Apple,NG,2.6813,1.0,0.0,0.0,0.0,0.0,0.0,0.45,0.0,0
800.0,EUR,Amazon,NG,6.6859,4.0,1.0,0.0,0.0,0.0,0.0,0.0,0.0,0
27.18,GBP,Shopify Merchant,RU,3.3387,3.0,0.0,0.0,0.0,0.0,0.0,0.45,1.0,1
20.2,GBP,Shopify Merchant,DE,3.054,1.0,0.0,0.0,0.0,1.0,1.0,0.0,1.0,1
1126.34,EUR,Amazon,NG,7.0276,2.0,1.0,0.0,0.0,0.0,0.0,0.0,0.0,1
8.08,USD,Amazon,RU,2.2056,4.0,0.0,0.0,0.0,0.0,0.0,0.0,1.0,1
11.63,GBP,Amazon,NG,2.5358,6.0,0.0,0.0,0.0,0.0,1.0,0.0,0.0,1
5.0,USD,Apple,NG,1.7918,1.0,0.0,0.0,0.0,1.0,0.0,0.0,0.0,1
53.82,GBP,Netflix,NG,4.004,2.0,0.0,0.0,0.0,0.0,1.0,0.0,0.0,1
25.98,EUR,Shopify Merchant,NG,3.2952,4.0,0.0,0.0,0.0,0.0,1.0,0.0,0.0,1
504.63,EUR,Stripe Demo Store,NG,6.2258,8.0,1.0,0.0,0.0,1.0,0.0,0.45,0.0,0
1675.1,GBP,Stripe Demo Store,NG,7.4242,1.0,1.0,0.0,0.0,0.0,0.0,0.0,0.0,1
5.6,USD,Amazon,NG,1.8875,2.0,0.0,0.0,0.0,0.0,0.0,0.0,0.0,1
20.05,EUR,Amazon,NG,3.047,4.0,0.0,0.0,0.0,0.0,1.0,0.0,0.0,1
79.79,GBP,Dark Web Market,NG,4.3918,1.0,0.0,0.0,1.0,0.0,1.0,0.45,0.0,0
12.32,GBP,Amazon,NG,2.589,1.0,0.0,0.0,0.0,0.0,0.0,0.0,0.0,1
36.77,GBP,Amazon,US,3.6315,2.0,0.0,0.0,0.0,0.0,0.0,0.0,1.0,1
3588.17,GBP,Gambling Anonymous Hub,NG,8.1857,2.0,1.0,1.0,1.0,1.0,1.0,0.45,0.0,1
1460.42,EUR,Amazon,NG,7.2872,3.0,1.0,0.0,0.0,0.0,0.0,0.0,0.0,0
1106.8,GBP,Stripe Demo Store,NG,7.0101,1.0,1.0,0.0,0.0,0.0,0.0,0.0,0.0,1
15.77,GBP,Netflix,NG,2.8193,3.0,0.0,0.0,0.0,0.0,0.0,1.0,0.0,0
12.39,EUR,Shopify Merchant,NG,2.5945,1.0,0.0,0.0,0.0,0.0,1.0,0.0,0.0,0
54.2,EUR,Apple,NG,4.0109,4.0,0.0,0.0,0.0,0.0,0.0,1.0,0.0,1
20.74,USD,Netflix,DE,3.079,1.0,0.0,0.0,0.0,0.0,0.0,0.0,1.0,0
43.11,USD,Shopify Merchant,NG,3.7868,1.0,0.0,0.0,0.0,1.0,1.0,0.0,0.0,1
12.43,GBP,Stripe Demo Store,NG,2.5977,6.0,0.0,0.0,0.0,0.0,0.0,0.0,0.0,1
53.77,GBP,Stripe Demo Store,NG,4.0031,3.0,0.0,0.0,0.0,0.0,0.0,0.45,0.0,1
3008.14,USD,Shopify Merchant,RU,8.0094,1.0,1.0,1.0,0.0,0.0,0.0,1.0,1.0,1
27.23,EUR,Spotify,US,3.3404,1.0,0.0,0.0,0.0,0.0,0.0,0.0,1.0,0
8472.6,USD,Stripe Demo Store,DE,9.0447,2.0,1.0,1.0,0.0,0.0,0.0,0.0,1.0,1
14.1,GBP,Amazon,US,2.7147,8.0,0.0,0.0,0.0,0.0,1.0,0.0,1.0,1
20.06,GBP,Netflix,NG,3.0475,1.0,0.0,0.0,0.0,1.0,0.0,0.0,0.0,1
14.73,USD,Stripe Demo Store,NG,2.7559,6.0,0.0,0.0,0.0,1.0,0.0,0.0,0.0,1
39.32,EUR,Amazon,NG,3.6968,1.0,0.0,0.0,0.0,0.0,0.0,0.0,0.0,0
17.42,GBP,Spotify,RU,2.9137,3.0,0.0,0.0,0.0,0.0,1.0,0.0,1.0,1
7.05,EUR,Stripe Demo Store,US,2.0852,1.0,0.0,0.0,0.0,0.0,0.0,0.0,1.0,1
1634.09,USD,Amazon,NG,7.3995,1.0,1.0,0.0,0.0,0.0,1.0,1.0,0.0,1
6.0,EUR,Spotify,NG,1.9455,5.0,0.0,0.0,0.0,0.0,0.0,0.0,0.0,0
30.96,USD,Wallet Drain Services,NG,3.4644,1.0,0.0,0.0,1.0,0.0,0.0,0.45,0.0,1
8.97,USD,Spotify,CN,2.2996,6.0,0.0,0.0,0.0,0.0,1.0,0.45,1.0,1
24.78,EUR,Amazon,NG,3.2496,1.0,0.0,0.0,0.0,0.0,0.0,0.0,0.0,0
22.1,GBP,Stripe Demo Store,NG,3.1399,1.0,0.0,0.0,0.0,0.0,1.0,0.0,0.0,1
19.2,USD,Amazon,NG,3.0055,5.0,0.0,0.0,0.0,0.0,1.0,0.45,0.0,1
3673.4,EUR,Spotify,DE,8.2091,2.0,1.0,1.0,0.0,0.0,0.0,0.0,1.0,1
768.54,EUR,Spotify,DE,6.6458,1.0,1.0,0.0,0.0,0.0,0.0,0.0,1.0,1
1194.32,GBP,Apple,NG,7.0862,2.0,1.0,0.0,0.0,1.0,1.0,0.45,0.0,1
16.01,EUR,Spotify,RU,2.834,1.0,0.0,0.0,0.0,0.0,1.0,0.45,1.0,0
27.05,USD,Shopify Merchant,NG,3.3339,4.0,0.0,0.0,0.0,0.0,1.0,0.0,0.0,1
7934.78,GBP,Gambling Anonymous Hub,NG,8.9791,1.0,1.0,1.0,1.0,0.0,0.0,0.45,0.0,1
65.4,GBP,Netflix,NG,4.1957,2.0,0.0,0.0,0.0,0.0,0.0,0.0,0.0,0
7.74,GBP,Amazon,NG,2.1674,1.0,0.0,0.0,0.0,0.0,1.0,1.0,0.0,1
15.72,USD,Amazon,CN,2.8168,2.0,0.0,0.0,0.0,0.0,0.0,0.45,1.0,1
2159.95,USD,Apple,DE,7.6783,5.0,1.0,0.0,0.0,1.0,1.0,0.0,1.0,1
58.2,USD,Amazon,NG,4.081,4.0,0.0,0.0,0.0,1.0,0.0,0.0,0.0,0
1429.03,GBP,Netflix,NG,7.2655,1.0,1.0,0.0,0.0,0.0,1.0,1.0,0.0,1
556.46,USD,Dark Web Market,RU,6.3234,1.0,1.0,0.0,1.0,0.0,0.0,0.45,1.0,0
22.56,GBP,Apple,RU,3.1596,1.0,0.0,0.0,0.0,0.0,0.0,0.45,1.0,1
7085.45,EUR,Stripe Demo Store,US,8.8659,4.0,1.0,1.0,0.0,0.0,1.0,0.0,1.0,1
46.9,USD,Stripe Demo Store,NG,3.869,1.0,0.0,0.0,0.0,0.0,1.0,0.0,0.0,0
45.18,EUR,Spotify,RU,3.8325,2.0,0.0,0.0,0.0,1.0,0.0,0.0,1.0,0
27.65,EUR,Apple,NG,3.3552,1.0,0.0,0.0,0.0,0.0,0.0,0.0,0.0,0
2709.52,USD,Spotify,NG,7.9049,10.0,1.0,1.0,0.0,1.0,0.0,0.0,0.0,1
34.36,USD,Apple,DE,3.5657,2.0,0.0,0.0,0.0,1.0,0.0,0.45,1.0,0
35.56,EUR,Spotify,NG,3.599,2.0,0.0,0.0,0.0,1.0,1.0,0.0,0.0,1
17.58,GBP,Amazon,NG,2.9219,5.0,0.0,0.0,0.0,0.0,0.0,1.0,0.0,1
15.71,USD,Amazon,NG,2.8158,6.0,0.0,0.0,0.0,0.0,0.0,0.0,0.0,1
44.4,GBP,Amazon,NG,3.8156,2.0,0.0,0.0,0.0,0.0,0.0,0.45,0.0,0
64.39,USD,Shopify Merchant,NG,4.1803,3.0,0.0,0.0,0.0,0.0,0.0,0.0,0.0,0
11.89,GBP,Spotify,NG,2.5562,2.0,0.0,0.0,0.0,0.0,0.0,0.45,0.0,0
5047.52,GBP,Apple,US,8.5268,1.0,1.0,1.0,0.0,0.0,0.0,0.45,1.0,1
25.68,USD,Stripe Demo Store,DE,3.2839,1.0,0.0,0.0,0.0,0.0,1.0,0.45,1.0,0
2050.77,USD,Amazon,DE,7.6265,3.0,1.0,0.0,0.0,0.0,0.0,0.0,1.0,1
13.93,EUR,Amazon,NG,2.7037,3.0,0.0,0.0,0.0,0.0,0.0,0.0,0.0,1
75.07,EUR,Shopify Merchant,NG,4.3317,1.0,0.0,0.0,0.0,1.0,1.0,1.0,0.0,1
26.99,GBP,Apple,NG,3.3318,1.0,0.0,0.0,0.0,0.0,0.0,0.0,0.0,1
29.14,USD,Spotify,NG,3.4057,3.0,0.0,0.0,0.0,0.0,1.0,0.0,0.0,1
7198.39,USD,Wallet Drain Services,NG,8.8818,1.0,1.0,1.0,1.0,0.0,1.0,0.45,0.0,1
14.67,EUR,Apple,NG,2.7516,2.0,0.0,0.0,0.0,0.0,1.0,0.45,0.0,0
18.88,EUR,Shopify Merchant,NG,2.9897,3.0,0.0,0.0,0.0,0.0,0.0,0.45,0.0,0
8.35,USD,Amazon,NG,2.2357,1.0,0.0,0.0,0.0,0.0,1.0,0.45,0.0,0
544.12,USD,Gambling Anonymous Hub,NG,6.301,1.0,1.0,0.0,1.0,0.0,1.0,0.45,0.0,1
7.08,USD,Apple,NG,2.0898,1.0,0.0,0.0,0.0,0.0,0.0,0.0,0.0,0
33.9,GBP,Shopify Merchant,US,3.5526,1.0,0.0,0.0,0.0,0.0,0.0,1.0,1.0,0
2243.47,USD,Stripe Demo Store,NG,7.7162,2.0,1.0,0.0,0.0,1.0,0.0,0.0,0.0,1
1256.72,EUR,Shopify Merchant,NG,7.1371,3.0,1.0,0.0,0.0,1.0,0.0,0.0,0.0,1
8268.83,USD,Spotify,NG,9.0204,4.0,1.0,1.0,0.0,0.0,0.0,1.0,0.0,1
34.23,EUR,Shopify Merchant,NG,3.5618,1.0,0.0,0.0,0.0,0.0,0.0,1.0,0.0,1
9.07,GBP,Stripe Demo Store,NG,2.3095,3.0,0.0,0.0,0.0,1.0,0.0,0.0,0.0,0
23.17,USD,Netflix,CN,3.1852,1.0,0.0,0.0,0.0,0.0,0.0,0.0,1.0,0
6144.36,EUR,Spotify,DE,8.7235,4.0,1.0,1.0,0.0,0.0,1.0,1.0,1.0,1
5.77,EUR,Stripe Demo Store,RU,1.9123,1.0,0.0,0.0,0.0,0.0,1.0,0.45,1.0,1
584.37,GBP,Spotify,NG,6.3722,2.0,1.0,0.0,0.0,0.0,0.0,0.0,0.0,1
6.22,GBP,Spotify,NG,1.9772,2.0,0.0,0.0,0.0,0.0,0.0,1.0,0.0,0
18.5,EUR,Spotify,DE,2.9703,1.0,0.0,0.0,0.0,0.0,0.0,0.45,1.0,1
8.9,USD,Shopify Merchant,NG,2.2922,8.0,0.0,0.0,0.0,0.0,1.0,0.45,0.0,0
54.7,EUR,XXX Test Casino,NG,4.02,1.0,0.0,0.0,1.0,0.0,0.0,0.45,0.0,0
1084.42,GBP,Amazon,NG,6.9897,1.0,1.0,0.0,0.0,0.0,0.0,0.0,0.0,1
6.33,EUR,Stripe Demo Store,CN,1.9916,2.0,0.0,0.0,0.0,0.0,0.0,0.0,1.0,0
22.05,EUR,Amazon,NG,3.1377,2.0,0.0,0.0,0.0,0.0,0.0,0.0,0.0,1
15.04,GBP,Netflix,NG,2.7748,1.0,0.0,0.0,0.0,0.0,0.0,0.0,0.0,0
7.01,EUR,Apple,NG,2.0802,1.0,0.0,0.0,0.0,0.0,0.0,0.45,0.0,0
29.02,GBP,Shopify Merchant,NG,3.4019,1.0,0.0,0.0,0.0,0.0,1.0,0.0,0.0,0
5.0,EUR,Stripe Demo Store,NG,1.7918,4.0,0.0,0.0,0.0,0.0,0.0,0.0,0.0,0
9.72,USD,Spotify,NG,2.3725,2.0,0.0,0.0,0.0,1.0,0.0,0.0,0.0,0
13.43,USD,Spotify,NG,2.6692,1.0,0.0,0.0,0.0,0.0,1.0,0.45,0.0,0
35.22,GBP,Amazon,NG,3.5896,1.0,0.0,0.0,0.0,0.0,1.0,0.45,0.0,0
49.74,EUR,Shopify Merchant,NG,3.9267,5.0,0.0,0.0,0.0,0.0,0.0,0.0,0.0,1
43.46,GBP,Stripe Demo Store,NG,3.7947,4.0,0.0,0.0,0.0,0.0,1.0,0.0,0.0,0
18.04,EUR,Stripe Demo Store,NG,2.9467,1.0,0.0,0.0,0.0,0.0,0.0,0.0,0.0,0
5.0,USD,Spotify,NG,1.7918,2.0,0.0,0.0,0.0,0.0,0.0,0.0,0.0,1
563.23,USD,Spotify,NG,6.3355,1.0,1.0,0.0,0.0,0.0,0.0,0.45,0.0,1
2086.2,GBP,Spotify,NG,7.6436,1.0,1.0,0.0,0.0,0.0,0.0,0.45,0.0,1
47.64,USD,Shopify Merchant,NG,3.8844,4.0,0.0,0.0,0.0,0.0,0.0,0.45,0.0,1
27.77,EUR,Apple,US,3.3594,5.0,0.0,0.0,0.0,0.0,1.0,0.45,1.0,1
8.74,EUR,Stripe Demo Store,NG,2.2757,1.0,0.0,0.0,0.0,0.0,1.0,0.0,0.0,1
13.91,USD,Shopify Merchant,NG,2.7017,4.0,0.0,0.0,0.0,0.0,0.0,0.0,0.0,1
77.76,GBP,Netflix,NG,4.3664,3.0,0.0,0.0,0.0,0.0,0.0,0.0,0.0,0
7.45,EUR,Amazon,NG,2.1342,3.0,0.0,0.0,0.0,0.0,0.0,0.0,0.0,0
8.99,EUR,XXX Test Casino,RU,2.3019,3.0,0.0,0.0,1.0,1.0,1.0,0.45,1.0,1
1632.73,EUR,Spotify,NG,7.3986,2.0,1.0,0.0,0.0,0.0,1.0,0.0,0.0,1
14.85,EUR,Spotify,NG,2.7633,6.0,0.0,0.0,0.0,0.0,0.0,0.0,0.0,1
8.78,GBP,Amazon,CN,2.2806,1.0,0.0,0.0,0.0,0.0,0.0,0.0,1.0,0
58.53,GBP,Stripe Demo Store,NG,4.0865,2.0,0.0,0.0,0.0,0.0,0.0,0.45,0.0,1
4590.97,USD,Shopify Merchant,NG,8.4321,1.0,1.0,1.0,0.0,0.0,1.0,0.0,0.0,1
15.37,EUR,Apple,CN,2.7958,4.0,0.0,0.0,0.0,0.0,0.0,0.0,1.0,1
9.01,EUR,Apple,NG,2.3032,1.0,0.0,0.0,0.0,0.0,0.0,0.0,0.0,0
84.2,USD,Apple,NG,4.445,1.0,0.0,0.0,0.0,0.0,0.0,0.0,0.0,1
19.74,GBP,Amazon,NG,3.0323,3.0,0.0,0.0,0.0,0.0,0.0,1.0,0.0,1
7820.36,GBP,Gambling Anonymous Hub,NG,8.9646,1.0,1.0,1.0,1.0,0.0,1.0,0.45,0.0,0
37.55,EUR,Spotify,NG,3.6518,1.0,0.0,0.0,0.0,0.0,0.0,0.45,0.0,1
13.95,GBP,Spotify,NG,2.7046,1.0,0.0,0.0,0.0,0.0,0.0,1.0,0.0,0
14.03,GBP,Amazon,CN,2.7098,3.0,0.0,0.0,0.0,0.0,0.0,0.45,1.0,1
55.28,GBP,Wallet Drain Services,NG,4.0303,1.0,0.0,0.0,1.0,0.0,1.0,0.45,0.0,1
1185.17,USD,Stripe Demo Store,NG,7.0785,1.0,1.0,0.0,0.0,0.0,0.0,0.0,0.0,1
5.4,USD,Shopify Merchant,NG,1.8561,2.0,0.0,0.0,0.0,0.0,1.0,0.0,0.0,1
29.51,USD,Apple,CN,3.4182,6.0,0.0,0.0,0.0,0.0,1.0,0.45,1.0,1
2659.65,EUR,Apple,NG,7.8863,3.0,1.0,1.0,0.0,0.0,0.0,1.0,0.0,1
676.85,GBP,Apple,NG,6.5189,1.0,1.0,0.0,0.0,0.0,0.0,0.0,0.0,1
24.12,EUR,Shopify Merchant,CN,3.2238,4.0,0.0,0.0,0.0,0.0,0.0,0.0,1.0,1
7.81,USD,Shopify Merchant,US,2.1758,4.0,0.0,0.0,0.0,0.0,1.0,0.0,1.0,1
14.49,EUR,Stripe Demo Store,RU,2.7402,3.0,0.0,0.0,0.0,0.0,0.0,0.0,1.0,1
11.49,EUR,Amazon,NG,2.5246,2.0,0.0,0.0,0.0,0.0,0.0,1.0,0.0,1
14.16,USD,Stripe Demo Store,US,2.7184,1.0,0.0,0.0,0.0,0.0,1.0,0.0,1.0,0
19.11,GBP,Netflix,NG,3.001,3.0,0.0,0.0,0.0,0.0,0.0,0.0,0.0,1
922.98,USD,Spotify,NG,6.8287,2.0,1.0,0.0,0.0,0.0,0.0,0.0,0.0,1
3946.4,USD,Gambling Anonymous Hub,DE,8.2808,1.0,1.0,1.0,1.0,0.0,1.0,0.45,1.0,1
1639.91,USD,Wallet Drain Services,NG,7.403,1.0,1.0,0.0,1.0,0.0,1.0,0.45,0.0,1
5500.56,USD,Gambling Anonymous Hub,NG,8.6128,1.0,1.0,1.0,1.0,0.0,1.0,0.45,0.0,1
1236.41,USD,Apple,RU,7.1208,2.0,1.0,0.0,0.0,0.0,1.0,0.0,1.0,1
1557.61,GBP,Shopify Merchant,US,7.3516,1.0,1.0,0.0,0.0,0.0,0.0,0.0,1.0,1
2343.22,EUR,Stripe Demo Store,US,7.7597,2.0,1.0,0.0,0.0,0.0,1.0,0.0,1.0,1
13.4,GBP,Apple,NG,2.6673,3.0,0.0,0.0,0.0,0.0,0.0,0.0,0.0,1
17.73,USD,Netflix,NG,2.9301,1.0,0.0,0.0,0.0,1.0,1.0,0.45,0.0,1
33.25,GBP,Amazon,US,3.5337,1.0,0.0,0.0,0.0,0.0,1.0,0.0,1.0,0
8.45,EUR,Netflix,RU,2.2455,1.0,0.0,0.0,0.0,0.0,1.0,0.0,1.0,1
33.05,USD,Spotify,RU,3.5277,1.0,0.0,0.0,0.0,0.0,1.0,0.0,1.0,0
30.22,USD,Wallet Drain Services,NG,3.4409,3.0,0.0,0.0,1.0,1.0,1.0,0.45,0.0,1
48.84,EUR,XXX Test Casino,NG,3.9088,2.0,0.0,0.0,1.0,0.0,0.0,0.45,0.0,1
37.45,GBP,Spotify,NG,3.6494,4.0,0.0,0.0,0.0,0.0,1.0,0.0,0.0,1
49.9,GBP,Netflix,NG,3.9298,10.0,0.0,0.0,0.0,0.0,0.0,0.45,0.0,1
1224.91,GBP,Shopify Merchant,NG,7.1114,1.0,1.0,0.0,0.0,0.0,0.0,0.0,0.0,0
2370.08,GBP,Stripe Demo Store,NG,7.7711,2.0,1.0,0.0,0.0,1.0,1.0,0.0,0.0,1
87.97,EUR,Shopify Merchant,NG,4.4883,2.0,0.0,0.0,0.0,0.0,1.0,0.0,0.0,1
6.9,USD,Spotify,NG,2.0667,2.0,0.0,0.0,0.0,0.0,0.0,0.45,0.0,1
7.4,USD,Netflix,NG,2.1282,1.0,0.0,0.0,0.0,0.0,1.0,0.45,0.0,0
1323.96,GBP,Netflix,RU,7.1891,1.0,1.0,0.0,0.0,0.0,1.0,0.0,1.0,0
2106.7,USD,Amazon,NG,7.6534,2.0,1.0,0.0,0.0,0.0,0.0,0.0,0.0,1
22.94,USD,Amazon,NG,3.1754,2.0,0.0,0.0,0.0,0.0,0.0,0.0,0.0,1
1578.56,GBP,Spotify,NG,7.3649,1.0,1.0,0.0,0.0,0.0,0.0,0.0,0.0,1
5.0,EUR,Stripe Demo Store,NG,1.7918,1.0,0.0,0.0,0.0,0.0,0.0,0.0,0.0,0
14.16,EUR,Dark Web Market,CN,2.7186,2.0,0.0,0.0,1.0,0.0,1.0,0.45,1.0,1
6459.8,EUR,Netflix,DE,8.7735,3.0,1.0,1.0,0.0,0.0,1.0,0.45,1.0,1
34.68,GBP,Spotify,NG,3.5747,2.0,0.0,0.0,0.0,1.0,1.0,1.0,0.0,0
6.8,GBP,XXX Test Casino,NG,2.0541,1.0,0.0,0.0,1.0,0.0,0.0,0.45,0.0,1
8.21,GBP,Stripe Demo Store,NG,2.2204,1.0,0.0,0.0,0.0,0.0,0.0,0.0,0.0,0
28.78,EUR,Shopify Merchant,NG,3.394,3.0,0.0,0.0,0.0,0.0,0.0,0.0,0.0,1
8730.11,USD,Amazon,NG,9.0746,3.0,1.0,1.0,0.0,0.0,0.0,0.0,0.0,1
4171.78,EUR,Gambling Anonymous Hub,NG,8.3363,1.0,1.0,1.0,1.0,0.0,0.0,0.45,0.0,1
29.94,USD,Netflix,RU,3.432,2.0,0.0,0.0,0.0,0.0,0.0,0.0,1.0,0
29.27,GBP,Shopify Merchant,NG,3.41,1.0,0.0,0.0,0.0,0.0,0.0,0.0,0.0,0
1734.18,GBP,Spotify,US,7.4589,2.0,1.0,0.0,0.0,0.0,1.0,0.0,1.0,1
9.33,USD,Amazon,NG,2.3355,1.0,0.0,0.0,0.0,1.0,0.0,0.0,0.0,0
1894.96,USD,Apple,NG,7.5475,2.0,1.0,0.0,0.0,0.0,0.0,0.45,0.0,1
30.85,GBP,Amazon,NG,3.4611,6.0,0.0,0.0,0.0,0.0,0.0,0.0,0.0,1
37.56,EUR,Spotify,RU,3.6521,1.0,0.0,0.0,0.0,1.0,1.0,0.45,1.0,0
549.14,GBP,Wallet Drain Services,NG,6.3102,1.0,1.0,0.0,1.0,0.0,1.0,0.45,0.0,1
8.86,USD,Netflix,NG,2.2889,1.0,0.0,0.0,0.0,0.0,0.0,0.0,0.0,0
32.57,EUR,Shopify Merchant,NG,3.5135,1.0,0.0,0.0,0.0,0.0,1.0,0.0,0.0,0
20.07,EUR,Gambling Anonymous Hub,NG,3.0477,5.0,0.0,0.0,1.0,0.0,0.0,0.45,0.0,1
14.33,USD,Amazon,NG,2.7296,8.0,0.0,0.0,0.0,1.0,0.0,0.0,0.0,1
16.34,EUR,Stripe Demo Store,CN,2.8531,1.0,0.0,0.0,0.0,1.0,1.0,0.0,1.0,0
12.39,USD,Stripe Demo Store,US,2.5944,5.0,0.0,0.0,0.0,0.0,1.0,0.0,1.0,1
8635.86,EUR,Stripe Demo Store,NG,9.0638,1.0,1.0,1.0,0.0,0.0,0.0,1.0,0.0,1
3980.66,EUR,Spotify,NG,8.2895,2.0,1.0,1.0,0.0,0.0,1.0,1.0,0.0,0
10.02,EUR,Amazon,NG,2.3997,2.0,0.0,0.0,0.0,0.0,0.0,0.0,0.0,1
15.96,GBP,Netflix,NG,2.8306,1.0,0.0,0.0,0.0,0.0,1.0,0.0,0.0,0
1864.39,USD,Spotify,RU,7.5312,2.0,1.0,0.0,0.0,1.0,0.0,0.0,1.0,1
4049.84,USD,Amazon,NG,8.3067,2.0,1.0,1.0,0.0,0.0,1.0,0.0,0.0,1
6.37,EUR,Wallet Drain Services,NG,1.9973,1.0,0.0,0.0,1.0,0.0,0.0,0.45,0.0,1
51.73,USD,Netflix,NG,3.9651,10.0,0.0,0.0,0.0,0.0,0.0,1.0,0.0,1
51.66,EUR,Shopify Merchant,NG,3.9638,1.0,0.0,0.0,0.0,0.0,1.0,0.0,0.0,0
8.83,USD,Stripe Demo Store,NG,2.2855,1.0,0.0,0.0,0.0,0.0,0.0,0.0,0.0,0
5.0,EUR,Spotify,NG,1.7918,6.0,0.0,0.0,0.0,0.0,0.0,0.45,0.0,1
19.1,EUR,Amazon,RU,3.0005,1.0,0.0,0.0,0.0,0.0,1.0,0.0,1.0,1
2347.47,EUR,Stripe Demo Store,US,7.7615,1.0,1.0,0.0,0.0,0.0,1.0,0.0,1.0,1
1393.03,EUR,Stripe Demo Store,NG,7.24,1.0,1.0,0.0,0.0,0.0,1.0,0.0,0.0,1
2237.41,EUR,Shopify Merchant,NG,7.7135,1.0,1.0,0.0,0.0,0.0,1.0,0.0,0.0,1
68.47,EUR,Apple,NG,4.2409,1.0,0.0,0.0,0.0,0.0,0.0,0.0,0.0,0
5.0,EUR,Stripe Demo Store,CN,1.7918,1.0,0.0,0.0,0.0,0.0,0.0,0.0,1.0,0
937.29,EUR,Amazon,NG,6.8441,2.0,1.0,0.0,0.0,0.0,1.0,1.0,0.0,1
1274.28,USD,Shopify Merchant,NG,7.1509,2.0,1.0,0.0,0.0,0.0,1.0,1.0,0.0,1
45.0,USD,Shopify Merchant,NG,3.8286,4.0,0.0,0.0,0.0,1.0,0.0,0.0,0.0,1
2145.08,GBP,Spotify,NG,7.6714,5.0,1.0,0.0,0.0,0.0,0.0,0.45,0.0,1
39.17,GBP,Stripe Demo Store,NG,3.6932,1.0,0.0,0.0,0.0,0.0,1.0,0.0,0.0,0
1598.79,EUR,Netflix,NG,7.3776,6.0,1.0,0.0,0.0,0.0,0.0,0.0,0.0,1
36.74,GBP,Netflix,NG,3.6307,4.0,0.0,0.0,0.0,0.0,1.0,0.0,0.0,1
28.68,USD,Wallet Drain Services,NG,3.3906,5.0,0.0,0.0,1.0,0.0,1.0,0.45,0.0,1
6.23,GBP,Gambling Anonymous Hub,NG,1.9789,3.0,0.0,0.0,1.0,0.0,1.0,0.45,0.0,1
5.0,USD,Stripe Demo Store,DE,1.7918,1.0,0.0,0.0,0.0,0.0,0.0,0.45,1.0,1
41.54,EUR,Apple,NG,3.7504,1.0,0.0,0.0,0.0,1.0,1.0,0.45,0.0,0
17.71,EUR,Netflix,US,2.9289,5.0,0.0,0.0,0.0,0.0,1.0,0.0,1.0,1
8.17,EUR,Spotify,NG,2.2159,2.0,0.0,0.0,0.0,0.0,0.0,0.0,0.0,1
547.06,USD,Apple,NG,6.3064,5.0,1.0,0.0,0.0,1.0,1.0,0.0,0.0,1
25.92,GBP,Spotify,NG,3.2927,3.0,0.0,0.0,0.0,0.0,0.0,1.0,0.0,1
18.95,USD,Stripe Demo Store,NG,2.9934,1.0,0.0,0.0,0.0,0.0,0.0,0.0,0.0,0
2395.33,GBP,Dark Web Market,NG,7.7817,1.0,1.0,0.0,1.0,1.0,0.0,0.45,0.0,1
75.18,USD,Apple,NG,4.3331,6.0,0.0,0.0,0.0,0.0,0.0,1.0,0.0,1
40.57,EUR,Stripe Demo Store,DE,3.7273,1.0,0.0,0.0,0.0,0.0,0.0,0.0,1.0,1
1969.46,GBP,Spotify,NG,7.586,3.0,1.0,0.0,0.0,0.0,1.0,0.45,0.0,0
568.76,EUR,Netflix,US,6.3452,8.0,1.0,0.0,0.0,0.0,0.0,0.0,1.0,1
25.83,EUR,Apple,CN,3.2896,1.0,0.0,0.0,0.0,0.0,1.0,1.0,1.0,1
689.67,EUR,Apple,CN,6.5377,1.0,1.0,0.0,0.0,0.0,0.0,0.45,1.0,1
25.18,GBP,Stripe Demo Store,NG,3.2648,2.0,0.0,0.0,0.0,0.0,0.0,0.0,0.0,1
7.91,EUR,Apple,NG,2.1875,4.0,0.0,0.0,0.0,0.0,0.0,0.0,0.0,1
1931.9,EUR,Shopify Merchant,CN,7.5668,2.0,1.0,0.0,0.0,1.0,0.0,0.0,1.0,1
8.86,USD,Apple,NG,2.2889,1.0,0.0,0.0,0.0,0.0,1.0,0.0,0.0,0
1917.49,GBP,Spotify,NG,7.5593,1.0,1.0,0.0,0.0,0.0,0.0,0.0,0.0,1
63.56,USD,Apple,NG,4.1676,1.0,0.0,0.0,0.0,0.0,1.0,0.0,0.0,1
1933.02,EUR,Amazon,NG,7.5674,1.0,1.0,0.0,0.0,0.0,0.0,0.0,0.0,1
23.22,USD,Anonymous Crypto Mix,NG,3.1873,1.0,0.0,0.0,1.0,1.0,1.0,0.45,0.0,1
5.0,USD,Netflix,CN,1.7918,4.0,0.0,0.0,0.0,0.0,0.0,0.0,1.0,1
13.22,GBP,Amazon,NG,2.655,1.0,0.0,0.0,0.0,0.0,0.0,0.0,0.0,0
27.74,GBP,Apple,DE,3.3583,4.0,0.0,0.0,0.0,0.0,0.0,0.0,1.0,1
991.14,GBP,Spotify,NG,6.8999,5.0,1.0,0.0,0.0,0.0,0.0,0.0,0.0,1
5.0,GBP,Netflix,NG,1.7918,2.0,0.0,0.0,0.0,0.0,0.0,0.0,0.0,0
23.22,GBP,Stripe Demo Store,NG,3.1872,2.0,0.0,0.0,0.0,0.0,0.0,0.0,0.0,0
25.96,GBP,Stripe Demo Store,NG,3.2944,1.0,0.0,0.0,0.0,0.0,1.0,0.0,0.0,0
49.33,GBP,Spotify,US,3.9187,2.0,0.0,0.0,0.0,0.0,0.0,0.45,1.0,0
1057.86,EUR,Stripe Demo Store,NG,6.9649,1.0,1.0,0.0,0.0,1.0,0.0,0.0,0.0,1
5.0,GBP,Shopify Merchant,US,1.7918,1.0,0.0,0.0,0.0,1.0,0.0,0.0,1.0,0
3556.42,EUR,Anonymous Crypto Mix,NG,8.1768,2.0,1.0,1.0,1.0,0.0,0.0,1.0,0.0,1
9.32,GBP,Netflix,RU,2.334,1.0,0.0,0.0,0.0,1.0,0.0,0.0,1.0,0
33.64,USD,Amazon,NG,3.545,1.0,0.0,0.0,0.0,0.0,0.0,0.45,0.0,0
5.0,EUR,Amazon,RU,1.7918,2.0,0.0,0.0,0.0,1.0,0.0,0.45,1.0,1
14.68,EUR,XXX Test Casino,NG,2.7521,2.0,0.0,0.0,1.0,0.0,0.0,0.45,0.0,1
2102.18,EUR,Netflix,NG,7.6512,1.0,1.0,0.0,0.0,0.0,0.0,1.0,0.0,1
6567.92,GBP,Netflix,NG,8.7901,1.0,1.0,1.0,0.0,1.0,1.0,0.0,0.0,1
1291.17,GBP,Amazon,NG,7.1641,1.0,1.0,0.0,0.0,1.0,0.0,0.45,0.0,1
6.36,EUR,Apple,NG,1.9967,2.0,0.0,0.0,0.0,0.0,1.0,0.0,0.0,0
6.54,GBP,Amazon,NG,2.0208,2.0,0.0,0.0,0.0,0.0,1.0,0.0,0.0,1
54.93,GBP,Shopify Merchant,NG,4.0241,1.0,0.0,0.0,0.0,0.0,1.0,0.0,0.0,1
21.56,USD,Apple,NG,3.1162,2.0,0.0,0.0,0.0,0.0,1.0,0.0,0.0,0
756.26,EUR,XXX Test Casino,NG,6.6297,10.0,1.0,0.0,1.0,1.0,0.0,0.45,0.0,1
9.18,USD,Amazon,RU,2.3207,2.0,0.0,0.0,0.0,1.0,1.0,0.0,1.0,1
21.55,USD,Amazon,NG,3.1159,2.0,0.0,0.0,0.0,0.0,0.0,0.0,0.0,1
1913.52,EUR,Amazon,NG,7.5572,2.0,1.0,0.0,0.0,0.0,1.0,0.0,0.0,1
46.1,USD,Netflix,US,3.8523,4.0,0.0,0.0,0.0,0.0,0.0,0.0,1.0,1
135.57,EUR,Spotify,NG,4.9168,6.0,0.0,0.0,0.0,1.0,1.0,0.0,0.0,1
28.18,USD,Spotify,NG,3.3736,1.0,0.0,0.0,0.0,0.0,0.0,0.0,0.0,0
12.88,GBP,Amazon,NG,2.6303,1.0,0.0,0.0,0.0,0.0,0.0,0.0,0.0,0
5.0,EUR,Stripe Demo Store,RU,1.7918,1.0,0.0,0.0,0.0,1.0,0.0,0.0,1.0,0
6.18,GBP,Shopify Merchant,NG,1.9709,3.0,0.0,0.0,0.0,1.0,0.0,0.0,0.0,1
59.64,GBP,Apple,NG,4.105,1.0,0.0,0.0,0.0,1.0,0.0,0.0,0.0,0
1805.94,GBP,Anonymous Crypto Mix,NG,7.4994,5.0,1.0,0.0,1.0,0.0,0.0,0.45,0.0,1
593.19,GBP,Spotify,NG,6.3872,1.0,1.0,0.0,0.0,1.0,0.0,0.0,0.0,1
31.78,EUR,Netflix,NG,3.4897,2.0,0.0,0.0,0.0,0.0,1.0,0.0,0.0,1
56.69,GBP,Gambling Anonymous Hub,DE,4.0551,1.0,0.0,0.0,1.0,0.0,0.0,0.45,1.0,0
17.47,GBP,Shopify Merchant,DE,2.916,2.0,0.0,0.0,0.0,0.0,1.0,0.0,1.0,1
15.13,USD,Spotify,US,2.7807,1.0,0.0,0.0,0.0,0.0,1.0,0.0,1.0,1
21.12,GBP,Netflix,NG,3.0964,3.0,0.0,0.0,0.0,0.0,0.0,0.0,0.0,1
12.94,GBP,Netflix,NG,2.6351,2.0,0.0,0.0,0.0,0.0,1.0,1.0,0.0,0
13.44,EUR,Netflix,NG,2.6701,1.0,0.0,0.0,0.0,0.0,0.0,0.0,0.0,0
26.8,GBP,Netflix,NG,3.325,3.0,0.0,0.0,0.0,0.0,0.0,0.45,0.0,1
22.87,EUR,Stripe Demo Store,NG,3.1725,5.0,0.0,0.0,0.0,1.0,0.0,0.0,0.0,1
89.31,EUR,Anonymous Crypto Mix,DE,4.5033,3.0,0.0,0.0,1.0,0.0,1.0,1.0,1.0,1
1079.73,USD,Shopify Merchant,NG,6.9854,3.0,1.0,0.0,0.0,0.0,0.0,0.45,0.0,1
44.96,USD,Stripe Demo Store,NG,3.8278,2.0,0.0,0.0,0.0,0.0,0.0,0.0,0.0,0
9.49,GBP,XXX Test Casino,NG,2.3503,5.0,0.0,0.0,1.0,0.0,0.0,0.45,0.0,1
1996.72,USD,Stripe Demo Store,RU,7.5998,2.0,1.0,0.0,0.0,0.0,0.0,1.0,1.0,1
12.11,GBP,Netflix,NG,2.5733,5.0,0.0,0.0,0.0,0.0,1.0,0.0,0.0,1
26.49,EUR,Netflix,NG,3.3139,3.0,0.0,0.0,0.0,1.0,1.0,0.0,0.0,1
5708.64,USD,Stripe Demo Store,NG,8.6499,1.0,1.0,1.0,0.0,1.0,1.0,0.45,0.0,1
20.8,USD,Amazon,NG,3.0819,1.0,0.0,0.0,0.0,0.0,1.0,0.0,0.0,1
108.32,USD,Stripe Demo Store,NG,4.6943,3.0,0.0,0.0,0.0,0.0,1.0,0.45,0.0,1
54.58,EUR,Netflix,NG,4.0177,2.0,0.0,0.0,0.0,0.0,0.0,0.0,0.0,0
45.79,USD,Stripe Demo Store,CN,3.8457,2.0,0.0,0.0,0.0,0.0,0.0,0.45,1.0,1
34.3,EUR,Netflix,US,3.5637,8.0,0.0,0.0,0.0,0.0,0.0,0.0,1.0,1
69.02,GBP,Stripe Demo Store,NG,4.2487,2.0,0.0,0.0,0.0,0.0,0.0,0.0,0.0,1
7.35,GBP,Netflix,NG,2.1218,1.0,0.0,0.0,0.0,0.0,0.0,1.0,0.0,1
52.42,GBP,Amazon,NG,3.9781,2.0,0.0,0.0,0.0,0.0,0.0,0.0,0.0,0
10.04,EUR,Spotify,NG,2.4011,1.0,0.0,0.0,0.0,0.0,1.0,0.45,0.0,0
13.53,EUR,Netflix,NG,2.6763,2.0,0.0,0.0,0.0,0.0,0.0,0.0,0.0,0
29.75,USD,Apple,NG,3.426,5.0,0.0,0.0,0.0,1.0,1.0,0.0,0.0,1
2068.25,GBP,Apple,NG,7.6349,1.0,1.0,0.0,0.0,0.0,0.0,0.45,0.0,1
8.96,USD,Spotify,NG,2.2983,4.0,0.0,0.0,0.0,0.0,1.0,0.0,0.0,1
14.03,GBP,Stripe Demo Store,NG,2.7101,3.0,0.0,0.0,0.0,0.0,0.0,1.0,0.0,0
21.5,USD,Shopify Merchant,NG,3.1137,1.0,0.0,0.0,0.0,0.0,1.0,0.45,0.0,1
17.63,GBP,Shopify Merchant,DE,2.9247,4.0,0.0,0.0,0.0,0.0,0.0,0.0,1.0,1
36.52,USD,Shopify Merchant,RU,3.6248,3.0,0.0,0.0,0.0,1.0,0.0,0.45,1.0,1
222.55,USD,Apple,NG,5.4096,2.0,0.0,0.0,0.0,0.0,1.0,1.0,0.0,1
26.94,GBP,Netflix,DE,3.33,1.0,0.0,0.0,0.0,0.0,0.0,1.0,1.0,1
1840.64,GBP,Netflix,US,7.5184,1.0,1.0,0.0,0.0,0.0,1.0,1.0,1.0,0
8026.2,GBP,Dark Web Market,NG,8.9906,2.0,1.0,1.0,1.0,0.0,1.0,0.45,0.0,1
16.0,USD,Stripe Demo Store,NG,2.833,1.0,0.0,0.0,0.0,0.0,0.0,0.45,0.0,0
10.4,GBP,Anonymous Crypto Mix,NG,2.4336,1.0,0.0,0.0,1.0,0.0,1.0,0.45,0.0,1
27.86,EUR,Shopify Merchant,NG,3.3625,5.0,0.0,0.0,0.0,0.0,1.0,0.0,0.0,0
27.56,USD,Anonymous Crypto Mix,NG,3.3521,3.0,0.0,0.0,1.0,0.0,0.0,0.45,0.0,0
14.52,USD,Apple,NG,2.7424,3.0,0.0,0.0,0.0,0.0,0.0,0.0,0.0,1
2157.72,GBP,Amazon,NG,7.6773,6.0,1.0,0.0,0.0,0.0,0.0,0.0,0.0,1
622.33,USD,Spotify,NG,6.4351,1.0,1.0,0.0,0.0,0.0,0.0,0.0,0.0,0
1938.03,EUR,Apple,NG,7.5699,1.0,1.0,0.0,0.0,0.0,0.0,0.0,0.0,1
31.42,USD,Amazon,US,3.4787,2.0,0.0,0.0,0.0,0.0,0.0,0.45,1.0,0
6538.76,USD,Stripe Demo Store,NG,8.7857,1.0,1.0,1.0,0.0,0.0,0.0,0.0,0.0,1
49.12,EUR,Netflix,CN,3.9145,1.0,0.0,0.0,0.0,0.0,0.0,0.0,1.0,0
27.11,EUR,Shopify Merchant,NG,3.3362,3.0,0.0,0.0,0.0,0.0,0.0,0.0,0.0,1
41.91,EUR,Amazon,NG,3.7592,1.0,0.0,0.0,0.0,0.0,0.0,0.0,0.0,1
2801.62,USD,Netflix,NG,7.9383,2.0,1.0,1.0,0.0,1.0,0.0,0.0,0.0,1
38.19,GBP,Spotify,NG,3.6685,2.0,0.0,0.0,0.0,0.0,1.0,0.0,0.0,0
2259.14,USD,Spotify,NG,7.7232,2.0,1.0,0.0,0.0,1.0,1.0,0.0,0.0,1
57.92,EUR,Apple,NG,4.0761,1.0,0.0,0.0,0.0,0.0,1.0,1.0,0.0,1
8947.35,EUR,Anonymous Crypto Mix,NG,9.0992,1.0,1.0,1.0,1.0,0.0,0.0,0.45,0.0,1
10.64,EUR,Apple,NG,2.4548,4.0,0.0,0.0,0.0,0.0,0.0,1.0,0.0,1
35.74,EUR,Shopify Merchant,NG,3.6038,5.0,0.0,0.0,0.0,0.0,1.0,0.0,0.0,1
5671.64,GBP,Apple,NG,8.6434,2.0,1.0,1.0,0.0,1.0,0.0,0.0,0.0,1
28.34,EUR,Stripe Demo Store,NG,3.3791,1.0,0.0,0.0,0.0,1.0,0.0,1.0,0.0,0
42.18,GBP,Shopify Merchant,DE,3.7653,2.0,0.0,0.0,0.0,1.0,1.0,0.0,1.0,1
13.42,GBP,Spotify,RU,2.6684,1.0,0.0,0.0,0.0,0.0,1.0,0.0,1.0,0
14.86,EUR,Shopify Merchant,NG,2.764,1.0,0.0,0.0,0.0,0.0,0.0,0.0,0.0,1
9.47,USD,Stripe Demo Store,NG,2.3485,1.0,0.0,0.0,0.0,1.0,1.0,0.0,0.0,0
13.94,GBP,Netflix,NG,2.7042,1.0,0.0,0.0,0.0,1.0,0.0,0.0,0.0,1
14.23,EUR,Apple,NG,2.7231,1.0,0.0,0.0,0.0,0.0,0.0,0.0,0.0,1
1836.47,USD,Shopify Merchant,NG,7.5161,1.0,1.0,0.0,0.0,0.0,1.0,0.0,0.0,1
11.98,EUR,XXX Test Casino,RU,2.5638,4.0,0.0,0.0,1.0,0.0,1.0,0.45,1.0,1
16.61,USD,Spotify,NG,2.8687,2.0,0.0,0.0,0.0,0.0,1.0,0.0,0.0,0
16.47,EUR,Spotify,NG,2.8608,1.0,0.0,0.0,0.0,0.0,1.0,0.45,0.0,0
74.58,EUR,Apple,NG,4.3252,1.0,0.0,0.0,0.0,1.0,0.0,0.0,0.0,0
15.24,GBP,Amazon,NG,2.7876,4.0,0.0,0.0,0.0,0.0,1.0,0.0,0.0,1
6739.9,EUR,Apple,NG,8.8159,1.0,1.0,1.0,0.0,0.0,0.0,0.0,0.0,1
3116.35,USD,XXX Test Casino,NG,8.0447,1.0,1.0,1.0,1.0,0.0,0.0,1.0,0.0,1
13.29,USD,Apple,CN,2.6598,2.0,0.0,0.0,0.0,0.0,1.0,0.0,1.0,1
6.09,GBP,Stripe Demo Store,NG,1.9589,3.0,0.0,0.0,0.0,0.0,1.0,0.0,0.0,1
6.69,GBP,Spotify,NG,2.0394,3.0,0.0,0.0,0.0,0.0,1.0,1.0,0.0,1
8.63,GBP,Netflix,NG,2.2648,1.0,0.0,0.0,0.0,1.0,0.0,0.0,0.0,0
22.84,USD,Netflix,NG,3.1714,1.0,0.0,0.0,0.0,0.0,0.0,0.0,0.0,0
42.66,GBP,Amazon,CN,3.7765,1.0,0.0,0.0,0.0,0.0,0.0,0.45,1.0,1
5.75,USD,Netflix,NG,1.9097,2.0,0.0,0.0,0.0,0.0,1.0,0.0,0.0,0
13.68,EUR,Apple,NG,2.6862,1.0,0.0,0.0,0.0,0.0,0.0,0.0,0.0,0
7.72,USD,Stripe Demo Store,CN,2.1651,1.0,0.0,0.0,0.0,0.0,0.0,0.0,1.0,0
16.69,USD,Amazon,NG,2.8732,1.0,0.0,0.0,0.0,0.0,0.0,1.0,0.0,0
42.65,EUR,Spotify,NG,3.7762,6.0,0.0,0.0,0.0,0.0,1.0,1.0,0.0,1
14.69,USD,Spotify,NG,2.753,1.0,0.0,0.0,0.0,0.0,0.0,0.0,0.0,1
982.65,GBP,Apple,NG,6.8913,1.0,1.0,0.0,0.0,0.0,1.0,0.0,0.0,0
55.63,GBP,Stripe Demo Store,NG,4.0365,5.0,0.0,0.0,0.0,0.0,0.0,0.0,0.0,1
27.68,GBP,Amazon,NG,3.356,3.0,0.0,0.0,0.0,0.0,1.0,1.0,0.0,1
11.8,GBP,Shopify Merchant,RU,2.5493,2.0,0.0,0.0,0.0,0.0,1.0,0.0,1.0,1
2185.14,GBP,Stripe Demo Store,DE,7.6899,2.0,1.0,0.0,0.0,0.0,0.0,0.0,1.0,1
11.25,USD,Anonymous Crypto Mix,NG,2.5058,1.0,0.0,0.0,1.0,0.0,1.0,1.0,0.0,1
1975.66,EUR,Amazon,NG,7.5892,3.0,1.0,0.0,0.0,1.0,1.0,1.0,0.0,1
3120.78,EUR,Apple,NG,8.0462,1.0,1.0,1.0,0.0,0.0,1.0,0.0,0.0,1
7.71,USD,Netflix,US,2.1649,6.0,0.0,0.0,0.0,0.0,0.0,0.0,1.0,1
22.71,USD,Dark Web Market,NG,3.1657,1.0,0.0,0.0,1.0,0.0,0.0,0.45,0.0,1
18.5,GBP,Apple,NG,2.9703,2.0,0.0,0.0,0.0,0.0,1.0,0.0,0.0,0
6908.24,USD,Wallet Drain Services,CN,8.8406,2.0,1.0,1.0,1.0,0.0,1.0,1.0,1.0,1
35.94,EUR,Dark Web Market,RU,3.6094,1.0,0.0,0.0,1.0,0.0,1.0,0.45,1.0,1
5945.91,GBP,Apple,NG,8.6906,1.0,1.0,1.0,0.0,0.0,1.0,0.0,0.0,0
16.24,USD,Apple,US,2.8475,3.0,0.0,0.0,0.0,1.0,0.0,1.0,1.0,1
38.6,GBP,Shopify Merchant,NG,3.6789,1.0,0.0,0.0,0.0,0.0,1.0,1.0,0.0,1
10.9,EUR,Netflix,US,2.4766,6.0,0.0,0.0,0.0,0.0,0.0,0.0,1.0,0
7.97,EUR,Netflix,NG,2.1938,1.0,0.0,0.0,0.0,0.0,0.0,0.45,0.0,1
5.0,USD,Amazon,NG,1.7918,2.0,0.0,0.0,0.0,0.0,0.0,0.0,0.0,0
19.12,GBP,Apple,RU,3.0019,2.0,0.0,0.0,0.0,0.0,1.0,0.45,1.0,1
1664.42,GBP,Anonymous Crypto Mix,NG,7.4178,2.0,1.0,0.0,1.0,0.0,1.0,0.45,0.0,1
1747.69,GBP,Amazon,DE,7.4666,2.0,1.0,0.0,0.0,1.0,0.0,1.0,1.0,1
5.05,EUR,Amazon,NG,1.8007,3.0,0.0,0.0,0.0,0.0,0.0,0.45,0.0,1
12.77,GBP,Spotify,NG,2.6224,2.0,0.0,0.0,0.0,1.0,0.0,0.45,0.0,0
27.92,GBP,Stripe Demo Store,NG,3.3644,2.0,0.0,0.0,0.0,0.0,1.0,0.0,0.0,0
1599.26,GBP,Shopify Merchant,US,7.3779,2.0,1.0,0.0,0.0,0.0,0.0,0.0,1.0,1
26.75,EUR,Stripe Demo Store,NG,3.3232,1.0,0.0,0.0,0.0,0.0,0.0,0.0,0.0,0
602.27,USD,Netflix,NG,6.4024,1.0,1.0,0.0,0.0,0.0,0.0,0.0,0.0,1
19.63,EUR,Amazon,NG,3.0267,1.0,0.0,0.0,0.0,0.0,0.0,1.0,0.0,0
30.47,GBP,Shopify Merchant,NG,3.4489,2.0,0.0,0.0,0.0,0.0,0.0,0.0,0.0,1
39.13,GBP,Spotify,NG,3.6922,5.0,0.0,0.0,0.0,0.0,0.0,0.0,0.0,0
21.43,USD,Netflix,NG,3.1104,1.0,0.0,0.0,0.0,0.0,1.0,0.0,0.0,0
1596.39,GBP,Apple,NG,7.3761,2.0,1.0,0.0,0.0,1.0,0.0,0.45,0.0,1
14.58,GBP,Apple,NG,2.7457,1.0,0.0,0.0,0.0,0.0,0.0,0.0,0.0,1
31.37,EUR,Spotify,NG,3.4772,2.0,0.0,0.0,0.0,1.0,0.0,0.45,0.0,1
7039.61,GBP,Amazon,NG,8.8595,3.0,1.0,1.0,0.0,0.0,1.0,0.0,0.0,1
2647.82,USD,Stripe Demo Store,NG,7.8819,3.0,1.0,1.0,0.0,0.0,0.0,0.0,0.0,1
1975.72,USD,Apple,DE,7.5892,3.0,1.0,0.0,0.0,0.0,1.0,0.0,1.0,1
18.68,USD,Wallet Drain Services,US,2.9798,3.0,0.0,0.0,1.0,0.0,0.0,0.45,1.0,0
9.91,EUR,Spotify,NG,2.3896,1.0,0.0,0.0,0.0,0.0,0.0,0.0,0.0,1
1881.08,GBP,Stripe Demo Store,NG,7.5401,2.0,1.0,0.0,0.0,0.0,0.0,0.45,0.0,1
28.92,EUR,Netflix,NG,3.3985,1.0,0.0,0.0,0.0,1.0,1.0,0.0,0.0,1
39.44,EUR,Apple,NG,3.6999,5.0,0.0,0.0,0.0,0.0,1.0,0.45,0.0,1
2367.77,USD,Dark Web Market,DE,7.7701,3.0,1.0,0.0,1.0,1.0,1.0,1.0,1.0,1
26.0,EUR,Amazon,NG,3.296,1.0,0.0,0.0,0.0,0.0,0.0,0.45,0.0,1
42.87,USD,Stripe Demo Store,RU,3.7813,1.0,0.0,0.0,0.0,0.0,1.0,0.0,1.0,0
2954.22,EUR,Dark Web Market,NG,7.9913,2.0,1.0,1.0,1.0,1.0,1.0,0.45,0.0,1
15.0,GBP,Amazon,NG,2.7729,6.0,0.0,0.0,0.0,0.0,1.0,0.0,0.0,1
10.38,GBP,Shopify Merchant,RU,2.4316,1.0,0.0,0.0,0.0,0.0,0.0,0.0,1.0,0
21.26,GBP,Netflix,DE,3.1027,2.0,0.0,0.0,0.0,0.0,1.0,0.0,1.0,0
23.89,EUR,Shopify Merchant,NG,3.2145,1.0,0.0,0.0,0.0,0.0,0.0,0.0,0.0,0
21.48,USD,Spotify,NG,3.1126,2.0,0.0,0.0,0.0,0.0,0.0,0.0,0.0,0
998.88,EUR,Amazon,CN,6.9076,2.0,1.0,0.0,0.0,0.0,1.0,0.0,1.0,1
1834.1,GBP,Shopify Merchant,NG,7.5149,1.0,1.0,0.0,0.0,1.0,0.0,0.0,0.0,1
27.0,GBP,Apple,DE,3.3322,3.0,0.0,0.0,0.0,0.0,0.0,0.45,1.0,1
27.93,EUR,Stripe Demo Store,NG,3.3648,1.0,0.0,0.0,0.0,0.0,0.0,0.0,0.0,0
1964.61,USD,Shopify Merchant,DE,7.5836,3.0,1.0,0.0,0.0,0.0,0.0,0.0,1.0,1
21.71,USD,Apple,NG,3.1227,1.0,0.0,0.0,0.0,1.0,0.0,0.0,0.0,0
65.07,USD,Spotify,NG,4.1907,2.0,0.0,0.0,0.0,1.0,1.0,0.0,0.0,1
12.97,USD,Amazon,NG,2.6372,1.0,0.0,0.0,0.0,0.0,1.0,0.0,0.0,0
49.25,EUR,Stripe Demo Store,NG,3.9171,2.0,0.0,0.0,0.0,0.0,0.0,0.0,0.0,1
12.02,GBP,Shopify Merchant,NG,2.5661,1.0,0.0,0.0,0.0,1.0,1.0,0.0,0.0,1
43.65,EUR,Stripe Demo Store,NG,3.7989,2.0,0.0,0.0,0.0,0.0,0.0,0.0,0.0,0
47.62,EUR,Gambling Anonymous Hub,NG,3.8841,1.0,0.0,0.0,1.0,1.0,1.0,0.45,0.0,0
16.36,EUR,Shopify Merchant,NG,2.8542,1.0,0.0,0.0,0.0,1.0,0.0,0.0,0.0,0
64.24,GBP,Netflix,NG,4.1781,4.0,0.0,0.0,0.0,0.0,0.0,1.0,0.0,1
27.89,USD,Spotify,NG,3.3636,2.0,0.0,0.0,0.0,0.0,1.0,0.0,0.0,1
10.87,GBP,Netflix,NG,2.4739,2.0,0.0,0.0,0.0,0.0,1.0,0.0,0.0,1
15.46,GBP,Shopify Merchant,NG,2.8008,2.0,0.0,0.0,0.0,0.0,0.0,0.0,0.0,0
44.39,GBP,Stripe Demo Store,NG,3.8152,1.0,0.0,0.0,0.0,1.0,0.0,1.0,0.0,0
38.33,USD,Spotify,NG,3.6719,4.0,0.0,0.0,0.0,0.0,0.0,0.0,0.0,1
9.58,USD,Netflix,US,2.3587,1.0,0.0,0.0,0.0,0.0,0.0,0.0,1.0,1
18.22,GBP,Netflix,RU,2.956,6.0,0.0,0.0,0.0,1.0,1.0,0.0,1.0,1
8263.43,EUR,Apple,CN,9.0197,4.0,1.0,1.0,0.0,0.0,0.0,1.0,1.0,1
14.08,EUR,Spotify,NG,2.7133,1.0,0.0,0.0,0.0,0.0,1.0,0.0,0.0,0
955.47,USD,Netflix,US,6.8633,1.0,1.0,0.0,0.0,0.0,0.0,0.0,1.0,0
2584.02,USD,Shopify Merchant,NG,7.8575,2.0,1.0,1.0,0.0,0.0,0.0,0.0,0.0,1
19.23,EUR,Apple,NG,3.0074,3.0,0.0,0.0,0.0,0.0,1.0,0.45,0.0,1
46.23,GBP,Shopify Merchant,RU,3.855,1.0,0.0,0.0,0.0,0.0,0.0,0.0,1.0,1
1550.42,GBP,Shopify Merchant,NG,7.3469,1.0,1.0,0.0,0.0,0.0,1.0,0.0,0.0,1
40.66,USD,Apple,NG,3.7295,1.0,0.0,0.0,0.0,0.0,1.0,0.0,0.0,1
6.25,EUR,Apple,NG,1.981,3.0,0.0,0.0,0.0,1.0,0.0,0.0,0.0,1
14.62,GBP,Amazon,NG,2.7486,3.0,0.0,0.0,0.0,1.0,0.0,0.0,0.0,1
41.86,EUR,Amazon,DE,3.758,1.0,0.0,0.0,0.0,0.0,0.0,1.0,1.0,0
60.29,GBP,Netflix,NG,4.1156,2.0,0.0,0.0,0.0,0.0,1.0,0.0,0.0,1
7597.58,USD,Shopify Merchant,NG,8.9357,3.0,1.0,1.0,0.0,0.0,1.0,0.0,0.0,1
6841.69,EUR,Gambling Anonymous Hub,NG,8.8309,6.0,1.0,1.0,1.0,0.0,1.0,0.45,0.0,1
29.88,USD,Stripe Demo Store,RU,3.4301,1.0,0.0,0.0,0.0,1.0,1.0,0.0,1.0,1
12.99,GBP,Apple,NG,2.6381,1.0,0.0,0.0,0.0,0.0,1.0,0.0,0.0,0
16.64,USD,Netflix,NG,2.8703,1.0,0.0,0.0,0.0,1.0,1.0,0.0,0.0,1
1381.45,EUR,Spotify,NG,7.2316,2.0,1.0,0.0,0.0,0.0,0.0,0.0,0.0,1
13.72,USD,Shopify Merchant,NG,2.6895,1.0,0.0,0.0,0.0,0.0,1.0,1.0,0.0,0
6468.21,USD,Amazon,US,8.7748,1.0,1.0,1.0,0.0,1.0,1.0,0.0,1.0,1
1430.96,EUR,Stripe Demo Store,NG,7.2668,3.0,1.0,0.0,0.0,0.0,0.0,0.45,0.0,1
20.23,USD,Netflix,NG,3.0552,2.0,0.0,0.0,0.0,0.0,0.0,0.45,0.0,0
5.45,EUR,Apple,NG,1.8641,1.0,0.0,0.0,0.0,0.0,0.0,0.0,0.0,1
1727.4,USD,Shopify Merchant,NG,7.4549,1.0,1.0,0.0,0.0,0.0,0.0,0.45,0.0,1
7.58,EUR,Netflix,NG,2.1495,1.0,0.0,0.0,0.0,0.0,1.0,0.0,0.0,0
63.3,USD,Shopify Merchant,DE,4.1636,1.0,0.0,0.0,0.0,0.0,1.0,0.0,1.0,1
968.77,USD,Netflix,RU,6.8771,1.0,1.0,0.0,0.0,0.0,1.0,0.0,1.0,1
9.58,GBP,Stripe Demo Store,DE,2.3586,1.0,0.0,0.0,0.0,0.0,0.0,0.0,1.0,1
24.04,USD,Apple,NG,3.2205,1.0,0.0,0.0,0.0,0.0,1.0,0.0,0.0,0
10.25,EUR,Shopify Merchant,DE,2.4208,4.0,0.0,0.0,0.0,0.0,1.0,0.0,1.0,1
16.18,EUR,Apple,NG,2.8435,4.0,0.0,0.0,0.0,0.0,0.0,0.0,0.0,0
8843.03,USD,Spotify,NG,9.0875,1.0,1.0,1.0,0.0,0.0,0.0,0.0,0.0,1
14.49,USD,Apple,CN,2.7401,2.0,0.0,0.0,0.0,0.0,1.0,0.0,1.0,0
16.44,EUR,Apple,US,2.8588,1.0,0.0,0.0,0.0,1.0,1.0,0.0,1.0,1
10.38,USD,Shopify Merchant,NG,2.4322,3.0,0.0,0.0,0.0,0.0,0.0,0.45,0.0,1
3821.31,USD,Wallet Drain Services,NG,8.2486,4.0,1.0,1.0,1.0,0.0,0.0,1.0,0.0,1
5.0,GBP,Spotify,NG,1.7918,2.0,0.0,0.0,0.0,1.0,0.0,0.0,0.0,1
1984.7,USD,Netflix,NG,7.5937,2.0,1.0,0.0,0.0,0.0,0.0,1.0,0.0,1
19.45,USD,Amazon,DE,3.018,1.0,0.0,0.0,0.0,1.0,1.0,1.0,1.0,1
1337.16,GBP,Spotify,NG,7.199,1.0,1.0,0.0,0.0,0.0,0.0,0.0,0.0,1
6976.34,USD,Shopify Merchant,NG,8.8504,2.0,1.0,1.0,0.0,0.0,0.0,1.0,0.0,1
2084.34,EUR,Shopify Merchant,NG,7.6427,1.0,1.0,0.0,0.0,0.0,1.0,0.45,0.0,1
5726.24,USD,Wallet Drain Services,NG,8.653,2.0,1.0,1.0,1.0,0.0,0.0,0.45,0.0,0
86.96,EUR,Shopify Merchant,NG,4.4769,2.0,0.0,0.0,0.0,0.0,0.0,0.0,0.0,1
1613.02,USD,Netflix,NG,7.3865,1.0,1.0,0.0,0.0,0.0,0.0,0.45,0.0,1
49.5,EUR,Stripe Demo Store,NG,3.922,2.0,0.0,0.0,0.0,0.0,0.0,0.0,0.0,1
22.31,GBP,Apple,NG,3.1487,3.0,0.0,0.0,0.0,0.0,1.0,0.45,0.0,1
1555.59,EUR,Amazon,NG,7.3503,2.0,1.0,0.0,0.0,0.0,1.0,0.0,0.0,1
4316.25,GBP,XXX Test Casino,NG,8.3704,2.0,1.0,1.0,1.0,1.0,1.0,0.45,0.0,0
19.62,GBP,Apple,NG,3.0263,4.0,0.0,0.0,0.0,0.0,0.0,0.45,0.0,0
23.24,EUR,Shopify Merchant,NG,3.188,1.0,0.0,0.0,0.0,1.0,0.0,0.0,0.0,0
10.55,USD,Gambling Anonymous Hub,RU,2.4465,2.0,0.0,0.0,1.0,0.0,1.0,0.45,1.0,1
17.05,USD,Spotify,RU,2.8932,1.0,0.0,0.0,0.0,1.0,0.0,0.0,1.0,1
11.71,EUR,Stripe Demo Store,NG,2.5425,1.0,0.0,0.0,0.0,1.0,1.0,0.0,0.0,0
8.58,GBP,Stripe Demo Store,NG,2.2597,8.0,0.0,0.0,0.0,1.0,1.0,1.0,0.0,1
11.33,GBP,Shopify Merchant,NG,2.5124,1.0,0.0,0.0,0.0,1.0,0.0,0.45,0.0,0
8.98,USD,Netflix,NG,2.3006,1.0,0.0,0.0,0.0,1.0,1.0,0.45,0.0,0
1036.95,EUR,Spotify,NG,6.945,1.0,1.0,0.0,0.0,0.0,0.0,0.45,0.0,1
27.19,GBP,Spotify,NG,3.3389,10.0,0.0,0.0,0.0,1.0,1.0,0.0,0.0,0
5922.87,EUR,XXX Test Casino,NG,8.6867,4.0,1.0,1.0,1.0,0.0,0.0,0.45,0.0,1
80.0,GBP,Apple,CN,4.3945,1.0,0.0,0.0,0.0,1.0,0.0,0.0,1.0,1
5.0,EUR,Stripe Demo Store,NG,1.7918,2.0,0.0,0.0,0.0,0.0,1.0,0.0,0.0,1
27.9,GBP,Stripe Demo Store,US,3.3638,1.0,0.0,0.0,0.0,0.0,0.0,0.45,1.0,1
20.18,USD,Stripe Demo Store,NG,3.0529,3.0,0.0,0.0,0.0,0.0,1.0,0.45,0.0,1
7706.68,USD,Wallet Drain Services,NG,8.95,2.0,1.0,1.0,1.0,0.0,1.0,0.45,0.0,1
33.17,EUR,Spotify,NG,3.5312,1.0,0.0,0.0,0.0,0.0,0.0,0.0,0.0,0
17.89,USD,Netflix,NG,2.9389,2.0,0.0,0.0,0.0,0.0,0.0,0.0,0.0,0
3393.85,EUR,Apple,NG,8.13,5.0,1.0,1.0,0.0,0.0,0.0,0.0,0.0,1
3829.71,USD,XXX Test Casino,NG,8.2508,1.0,1.0,1.0,1.0,0.0,1.0,0.45,0.0,1
30.86,USD,Apple,NG,3.4615,1.0,0.0,0.0,0.0,0.0,1.0,0.0,0.0,1
5.39,EUR,Stripe Demo Store,NG,1.8549,6.0,0.0,0.0,0.0,0.0,0.0,0.0,0.0,0
34.6,USD,Netflix,NG,3.5723,1.0,0.0,0.0,0.0,0.0,0.0,0.45,0.0,0
19.76,GBP,Spotify,NG,3.0331,2.0,0.0,0.0,0.0,0.0,0.0,0.0,0.0,0
14.28,GBP,Apple,DE,2.7267,2.0,0.0,0.0,0.0,0.0,0.0,0.0,1.0,0
17.07,EUR,Stripe Demo Store,NG,2.8942,1.0,0.0,0.0,0.0,0.0,0.0,0.0,0.0,0
798.79,USD,Netflix,NG,6.6843,1.0,1.0,0.0,0.0,1.0,0.0,0.45,0.0,1
49.8,EUR,Netflix,NG,3.928,1.0,0.0,0.0,0.0,0.0,0.0,1.0,0.0,1
193.15,EUR,Shopify Merchant,RU,5.2686,1.0,0.0,0.0,0.0,0.0,1.0,0.0,1.0,0
47.18,EUR,Netflix,NG,3.8749,2.0,0.0,0.0,0.0,1.0,0.0,0.0,0.0,1
1679.66,EUR,Amazon,US,7.4269,4.0,1.0,0.0,0.0,0.0,0.0,1.0,1.0,1
31.21,EUR,Anonymous Crypto Mix,NG,3.4724,1.0,0.0,0.0,1.0,0.0,0.0,0.45,0.0,0
929.12,EUR,Wallet Drain Services,NG,6.8353,3.0,1.0,0.0,1.0,0.0,1.0,0.45,0.0,1
6857.37,USD,Apple,NG,8.8332,1.0,1.0,1.0,0.0,0.0,1.0,0.0,0.0,1
8.31,USD,Shopify Merchant,DE,2.2311,1.0,0.0,0.0,0.0,1.0,0.0,0.0,1.0,0
19.22,EUR,Shopify Merchant,NG,3.0064,2.0,0.0,0.0,0.0,0.0,0.0,0.45,0.0,0
35.35,GBP,Spotify,NG,3.5933,1.0,0.0,0.0,0.0,0.0,1.0,0.0,0.0,1
6.5,EUR,Apple,CN,2.0148,2.0,0.0,0.0,0.0,0.0,0.0,0.45,1.0,0
8837.61,USD,Dark Web Market,NG,9.0869,1.0,1.0,1.0,1.0,0.0,0.0,0.45,0.0,1
29.99,EUR,Wallet Drain Services,NG,3.4337,2.0,0.0,0.0,1.0,1.0,1.0,0.45,0.0,1
1933.98,EUR,Amazon,NG,7.5679,5.0,1.0,0.0,0.0,0.0,0.0,0.0,0.0,1
54.13,GBP,XXX Test Casino,NG,4.0097,1.0,0.0,0.0,1.0,0.0,1.0,0.45,0.0,1
7.48,GBP,Stripe Demo Store,NG,2.1375,5.0,0.0,0.0,0.0,1.0,0.0,1.0,0.0,1
104.22,GBP,Spotify,NG,4.6561,1.0,0.0,0.0,0.0,0.0,1.0,0.0,0.0,1
6.84,USD,Netflix,NG,2.0598,1.0,0.0,0.0,0.0,0.0,0.0,0.0,0.0,0
5.0,EUR,Amazon,US,1.7918,1.0,0.0,0.0,0.0,1.0,0.0,0.45,1.0,1
19.27,GBP,Shopify Merchant,NG,3.0093,3.0,0.0,0.0,0.0,0.0,0.0,0.0,0.0,0
9.08,GBP,Stripe Demo Store,NG,2.3104,2.0,0.0,0.0,0.0,0.0,0.0,0.0,0.0,1
979.12,GBP,Shopify Merchant,NG,6.8877,8.0,1.0,0.0,0.0,0.0,0.0,0.0,0.0,1
19.08,EUR,Netflix,US,2.9995,3.0,0.0,0.0,0.0,0.0,0.0,0.0,1.0,0
5821.54,GBP,Apple,US,8.6695,1.0,1.0,1.0,0.0,1.0,0.0,0.0,1.0,1
11.14,EUR,Amazon,NG,2.4963,5.0,0.0,0.0,0.0,0.0,1.0,0.0,0.0,0
27.19,EUR,Spotify,NG,3.339,6.0,0.0,0.0,0.0,0.0,1.0,1.0,0.0,1
16.08,EUR,Shopify Merchant,NG,2.8382,3.0,0.0,0.0,0.0,0.0,0.0,0.45,0.0,1
43.49,USD,Netflix,NG,3.7953,2.0,0.0,0.0,0.0,0.0,0.0,0.0,0.0,1
17.7,USD,Amazon,NG,2.9287,4.0,0.0,0.0,0.0,1.0,0.0,0.0,0.0,1
10.22,USD,Amazon,NG,2.4181,1.0,0.0,0.0,0.0,0.0,0.0,0.45,0.0,0
3033.77,GBP,Stripe Demo Store,NG,8.0179,5.0,1.0,1.0,0.0,0.0,0.0,0.0,0.0,1
17.81,GBP,Apple,CN,2.9342,10.0,0.0,0.0,0.0,0.0,0.0,0.45,1.0,1
8.26,GBP,Spotify,NG,2.2258,2.0,0.0,0.0,0.0,0.0,0.0,0.0,0.0,0
7.81,EUR,Netflix,NG,2.1756,1.0,0.0,0.0,0.0,1.0,0.0,0.0,0.0,0
29.06,USD,Spotify,DE,3.4031,1.0,0.0,0.0,0.0,0.0,0.0,0.0,1.0,1
5.79,GBP,Stripe Demo Store,NG,1.915,6.0,0.0,0.0,0.0,0.0,1.0,0.0,0.0,1
53.98,GBP,Amazon,RU,4.0069,4.0,0.0,0.0,0.0,1.0,1.0,0.0,1.0,1
22.46,USD,Stripe Demo Store,NG,3.1554,3.0,0.0,0.0,0.0,0.0,0.0,0.45,0.0,1
19.48,GBP,Stripe Demo Store,NG,3.0194,6.0,0.0,0.0,0.0,0.0,0.0,0.45,0.0,1
3843.58,USD,Gambling Anonymous Hub,NG,8.2544,2.0,1.0,1.0,1.0,0.0,1.0,0.45,0.0,1
34.3,USD,Spotify,NG,3.5638,4.0,0.0,0.0,0.0,0.0,0.0,0.45,0.0,1
1688.52,USD,Stripe Demo Store,NG,7.4322,1.0,1.0,0.0,0.0,0.0,1.0,0.0,0.0,1
12.43,USD,Shopify Merchant,NG,2.5971,1.0,0.0,0.0,0.0,1.0,1.0,0.0,0.0,1
23.1,USD,Shopify Merchant,NG,3.1823,2.0,0.0,0.0,0.0,0.0,0.0,0.0,0.0,0
1873.82,GBP,Amazon,NG,7.5363,1.0,1.0,0.0,0.0,0.0,0.0,0.0,0.0,1
6.39,GBP,Amazon,CN,2.0006,1.0,0.0,0.0,0.0,0.0,0.0,0.45,1.0,1
1623.28,USD,Shopify Merchant,NG,7.3928,3.0,1.0,0.0,0.0,0.0,1.0,0.0,0.0,1
25.65,GBP,Amazon,NG,3.2829,1.0,0.0,0.0,0.0,0.0,0.0,0.0,0.0,1
20.04,GBP,Spotify,NG,3.0464,3.0,0.0,0.0,0.0,0.0,1.0,0.0,0.0,1
2034.04,GBP,Netflix,DE,7.6183,1.0,1.0,0.0,0.0,0.0,1.0,0.45,1.0,1
10.55,GBP,Shopify Merchant,NG,2.4466,4.0,0.0,0.0,0.0,0.0,0.0,1.0,0.0,1
30.03,USD,Spotify,NG,3.435,1.0,0.0,0.0,0.0,0.0,1.0,0.0,0.0,1
18.55,GBP,Stripe Demo Store,NG,2.9728,3.0,0.0,0.0,0.0,0.0,1.0,0.0,0.0,1
10.38,GBP,Spotify,NG,2.4318,2.0,0.0,0.0,0.0,0.0,0.0,0.0,0.0,1
4483.49,EUR,Apple,NG,8.4084,1.0,1.0,1.0,0.0,0.0,0.0,0.0,0.0,1
19.18,USD,Shopify Merchant,US,3.0046,1.0,0.0,0.0,0.0,0.0,0.0,0.45,1.0,0
12.93,USD,Spotify,NG,2.6341,1.0,0.0,0.0,0.0,0.0,0.0,0.45,0.0,1
1692.31,EUR,Stripe Demo Store,DE,7.4344,1.0,1.0,0.0,0.0,0.0,0.0,0.45,1.0,0
18.34,USD,Amazon,NG,2.9624,1.0,0.0,0.0,0.0,0.0,0.0,0.0,0.0,0
1470.9,GBP,Apple,NG,7.2943,1.0,1.0,0.0,0.0,0.0,1.0,0.0,0.0,0
15.05,USD,Apple,NG,2.7755,3.0,0.0,0.0,0.0,0.0,0.0,1.0,0.0,1
8.06,EUR,Anonymous Crypto Mix,NG,2.2035,1.0,0.0,0.0,1.0,0.0,1.0,0.45,0.0,1
1467.03,EUR,Spotify,DE,7.2917,1.0,1.0,0.0,0.0,0.0,1.0,0.0,1.0,1
11.45,EUR,Shopify Merchant,NG,2.5218,1.0,0.0,0.0,0.0,0.0,0.0,0.0,0.0,0
9.83,GBP,Stripe Demo Store,NG,2.3826,2.0,0.0,0.0,0.0,0.0,0.0,0.0,0.0,0
16.97,USD,Apple,NG,2.8888,2.0,0.0,0.0,0.0,0.0,1.0,0.45,0.0,1
1528.82,USD,Apple,NG,7.3329,2.0,1.0,0.0,0.0,0.0,0.0,0.0,0.0,1
1714.17,USD,Spotify,NG,7.4473,2.0,1.0,0.0,0.0,1.0,0.0,1.0,0.0,1
13.85,USD,Wallet Drain Services,NG,2.6979,2.0,0.0,0.0,1.0,0.0,1.0,0.45,0.0,1
13.46,USD,Stripe Demo Store,NG,2.6717,1.0,0.0,0.0,0.0,0.0,1.0,0.0,0.0,0
8462.55,USD,Dark Web Market,RU,9.0435,1.0,1.0,1.0,1.0,0.0,0.0,0.45,1.0,1
5.0,EUR,Stripe Demo Store,NG,1.7918,3.0,0.0,0.0,0.0,1.0,0.0,0.45,0.0,0
35.1,EUR,Spotify,NG,3.5862,1.0,0.0,0.0,0.0,0.0,0.0,0.0,0.0,0
5.41,GBP,Gambling Anonymous Hub,CN,1.8578,4.0,0.0,0.0,1.0,0.0,0.0,0.45,1.0,1
7.46,GBP,Netflix,NG,2.135,2.0,0.0,0.0,0.0,0.0,0.0,0.0,0.0,0
668.36,GBP,Netflix,NG,6.5063,2.0,1.0,0.0,0.0,0.0,1.0,0.0,0.0,0
2373.5,GBP,Stripe Demo Store,NG,7.7725,2.0,1.0,0.0,0.0,0.0,0.0,0.0,0.0,0
64.99,GBP,Stripe Demo Store,NG,4.1895,5.0,0.0,0.0,0.0,0.0,0.0,0.0,0.0,1
32.94,USD,Netflix,NG,3.5245,1.0,0.0,0.0,0.0,1.0,1.0,0.0,0.0,1
25.78,GBP,Netflix,NG,3.2876,1.0,0.0,0.0,0.0,0.0,1.0,0.45,0.0,1
5.45,GBP,Amazon,RU,1.8647,5.0,0.0,0.0,0.0,0.0,0.0,0.45,1.0,1
22.42,USD,Stripe Demo Store,NG,3.1534,2.0,0.0,0.0,0.0,0.0,1.0,0.0,0.0,1
13.67,EUR,Stripe Demo Store,NG,2.6861,1.0,0.0,0.0,0.0,1.0,0.0,0.45,0.0,1
11.34,GBP,Wallet Drain Services,CN,2.5128,1.0,0.0,0.0,1.0,0.0,1.0,0.45,1.0,1
22.38,GBP,Stripe Demo Store,NG,3.1521,1.0,0.0,0.0,0.0,0.0,0.0,0.0,0.0,1
14.44,GBP,Netflix,NG,2.7372,3.0,0.0,0.0,0.0,0.0,0.0,0.0,0.0,0
36.91,GBP,Dark Web Market,NG,3.6352,1.0,0.0,0.0,1.0,0.0,1.0,0.45,0.0,1
5.18,EUR,Amazon,NG,1.8213,1.0,0.0,0.0,0.0,0.0,0.0,0.45,0.0,0
21.17,USD,Shopify Merchant,NG,3.0987,1.0,0.0,0.0,0.0,0.0,1.0,0.0,0.0,1
695.87,EUR,Shopify Merchant,RU,6.5466,8.0,1.0,0.0,0.0,1.0,0.0,0.0,1.0,1
777.59,USD,Netflix,NG,6.6575,2.0,1.0,0.0,0.0,0.0,0.0,0.0,0.0,1
539.02,USD,Shopify Merchant,US,6.2916,2.0,1.0,0.0,0.0,0.0,0.0,1.0,1.0,1
9.19,GBP,Stripe Demo Store,NG,2.3212,5.0,0.0,0.0,0.0,0.0,1.0,0.0,0.0,1
1715.21,USD,Wallet Drain Services,NG,7.4479,1.0,1.0,0.0,1.0,0.0,0.0,0.45,0.0,1
17.31,GBP,Amazon,NG,2.9075,3.0,0.0,0.0,0.0,0.0,1.0,0.45,0.0,1
12.65,EUR,Amazon,DE,2.6137,3.0,0.0,0.0,0.0,0.0,1.0,0.0,1.0,1
14.45,EUR,Spotify,NG,2.7375,2.0,0.0,0.0,0.0,0.0,1.0,0.0,0.0,0
18.03,USD,Amazon,NG,2.9458,3.0,0.0,0.0,0.0,1.0,0.0,0.0,0.0,1
11.73,USD,Netflix,US,2.5443,6.0,0.0,0.0,0.0,0.0,1.0,0.0,1.0,1
20.19,GBP,Stripe Demo Store,NG,3.0533,1.0,0.0,0.0,0.0,1.0,1.0,0.0,0.0,0
1741.13,USD,Spotify,NG,7.4629,1.0,1.0,0.0,0.0,1.0,0.0,0.45,0.0,1
13.09,EUR,Netflix,DE,2.6457,4.0,0.0,0.0,0.0,0.0,0.0,0.45,1.0,0
61.12,USD,Anonymous Crypto Mix,DE,4.1291,1.0,0.0,0.0,1.0,0.0,1.0,1.0,1.0,1
26.86,GBP,Amazon,CN,3.3272,2.0,0.0,0.0,0.0,0.0,0.0,0.0,1.0,0
15.37,USD,Shopify Merchant,NG,2.7952,1.0,0.0,0.0,0.0,0.0,1.0,0.0,0.0,0
22.24,GBP,Netflix,NG,3.1461,4.0,0.0,0.0,0.0,1.0,0.0,0.0,0.0,1
9.79,EUR,Apple,NG,2.3785,3.0,0.0,0.0,0.0,0.0,0.0,0.0,0.0,1
14.79,USD,Gambling Anonymous Hub,NG,2.7597,6.0,0.0,0.0,1.0,0.0,1.0,0.45,0.0,1
1293.68,USD,Shopify Merchant,NG,7.166,2.0,1.0,0.0,0.0,0.0,0.0,0.45,0.0,0
7167.67,GBP,Apple,CN,8.8775,8.0,1.0,1.0,0.0,0.0,1.0,0.0,1.0,1
26.34,USD,Shopify Merchant,NG,3.3084,2.0,0.0,0.0,0.0,0.0,0.0,1.0,0.0,1
14.1,USD,Netflix,NG,2.7146,2.0,0.0,0.0,0.0,0.0,0.0,0.45,0.0,0
775.27,USD,Amazon,RU,6.6545,2.0,1.0,0.0,0.0,0.0,1.0,0.0,1.0,1
6935.48,USD,Wallet Drain Services,NG,8.8445,2.0,1.0,1.0,1.0,0.0,1.0,0.45,0.0,1
159.39,USD,Netflix,NG,5.0776,2.0,0.0,0.0,0.0,0.0,0.0,0.45,0.0,0
639.81,EUR,Apple,NG,6.4627,1.0,1.0,0.0,0.0,0.0,0.0,0.0,0.0,1
1854.93,EUR,Stripe Demo Store,NG,7.5261,1.0,1.0,0.0,0.0,0.0,0.0,0.0,0.0,1
620.71,USD,Spotify,NG,6.4325,3.0,1.0,0.0,0.0,0.0,0.0,0.0,0.0,1
34.18,EUR,Shopify Merchant,NG,3.5604,1.0,0.0,0.0,0.0,0.0,0.0,0.45,0.0,0
51.19,GBP,Spotify,NG,3.9549,3.0,0.0,0.0,0.0,1.0,0.0,0.0,0.0,1
12.46,GBP,Shopify Merchant,NG,2.5999,1.0,0.0,0.0,0.0,0.0,1.0,0.0,0.0,1
49.17,USD,Stripe Demo Store,US,3.9154,1.0,0.0,0.0,0.0,0.0,0.0,1.0,1.0,1
33.75,EUR,Stripe Demo Store,NG,3.5483,2.0,0.0,0.0,0.0,0.0,0.0,0.45,0.0,0
17.59,EUR,Stripe Demo Store,NG,2.9227,1.0,0.0,0.0,0.0,0.0,1.0,0.0,0.0,0
16.74,USD,Shopify Merchant,NG,2.8757,6.0,0.0,0.0,0.0,1.0,0.0,0.45,0.0,1
22.8,EUR,Shopify Merchant,NG,3.1695,10.0,0.0,0.0,0.0,0.0,1.0,1.0,0.0,1
1876.34,USD,Spotify,US,7.5376,2.0,1.0,0.0,0.0,0.0,0.0,0.45,1.0,1
26.53,GBP,Netflix,US,3.3151,1.0,0.0,0.0,0.0,0.0,0.0,0.45,1.0,1
12.51,EUR,Apple,DE,2.6032,1.0,0.0,0.0,0.0,1.0,1.0,0.0,1.0,1
1710.89,EUR,Netflix,NG,7.4454,3.0,1.0,0.0,0.0,0.0,0.0,0.45,0.0,1
1437.28,GBP,Apple,NG,7.2712,1.0,1.0,0.0,0.0,0.0,1.0,0.45,0.0,1
5650.74,USD,Stripe Demo Store,NG,8.6397,5.0,1.0,1.0,0.0,0.0,0.0,0.0,0.0,1
844.59,USD,Stripe Demo Store,NG,6.74,10.0,1.0,0.0,0.0,1.0,0.0,0.0,0.0,1
1157.24,EUR,Shopify Merchant,NG,7.0547,1.0,1.0,0.0,0.0,0.0,1.0,0.0,0.0,0
29.31,GBP,Apple,DE,3.4115,2.0,0.0,0.0,0.0,1.0,1.0,0.0,1.0,1
24.32,GBP,Spotify,DE,3.2316,2.0,0.0,0.0,0.0,1.0,1.0,0.0,1.0,0
21.67,GBP,Stripe Demo Store,NG,3.1212,2.0,0.0,0.0,0.0,0.0,1.0,0.0,0.0,0
37.64,GBP,Netflix,NG,3.6544,1.0,0.0,0.0,0.0,0.0,0.0,0.0,0.0,0
6987.36,GBP,Spotify,NG,8.852,3.0,1.0,1.0,0.0,1.0,0.0,0.0,0.0,1
24.16,GBP,Shopify Merchant,DE,3.2253,1.0,0.0,0.0,0.0,0.0,0.0,1.0,1.0,1
12.36,EUR,Spotify,NG,2.5922,4.0,0.0,0.0,0.0,0.0,1.0,0.0,0.0,1
26.31,EUR,Spotify,NG,3.3072,2.0,0.0,0.0,0.0,0.0,1.0,1.0,0.0,0
19.17,USD,Amazon,US,3.004,2.0,0.0,0.0,0.0,0.0,1.0,0.0,1.0,0
16.19,GBP,Stripe Demo Store,US,2.8442,5.0,0.0,0.0,0.0,1.0,0.0,1.0,1.0,1
130.99,EUR,Wallet Drain Services,NG,4.8827,3.0,0.0,0.0,1.0,1.0,1.0,0.45,0.0,1
4881.64,USD,Stripe Demo Store,NG,8.4934,2.0,1.0,1.0,0.0,0.0,1.0,0.0,0.0,1
39.29,USD,Spotify,NG,3.6961,1.0,0.0,0.0,0.0,0.0,1.0,0.0,0.0,1
1820.36,GBP,Netflix,US,7.5073,2.0,1.0,0.0,0.0,1.0,0.0,0.0,1.0,0
22.02,GBP,Spotify,NG,3.1363,1.0,0.0,0.0,0.0,0.0,0.0,0.45,0.0,0
121.27,USD,Spotify,NG,4.8062,6.0,0.0,0.0,0.0,0.0,1.0,0.0,0.0,1
10.24,USD,Shopify Merchant,NG,2.4195,1.0,0.0,0.0,0.0,0.0,1.0,0.0,0.0,0
1331.79,GBP,Stripe Demo Store,DE,7.195,1.0,1.0,0.0,0.0,0.0,1.0,1.0,1.0,1
19.84,GBP,Netflix,NG,3.0369,3.0,0.0,0.0,0.0,0.0,1.0,0.0,0.0,1
1631.12,EUR,Amazon,NG,7.3976,1.0,1.0,0.0,0.0,0.0,1.0,0.0,0.0,1
37.29,GBP,Anonymous Crypto Mix,NG,3.6453,4.0,0.0,0.0,1.0,1.0,0.0,0.45,0.0,1
13.82,EUR,Apple,NG,2.6957,1.0,0.0,0.0,0.0,1.0,1.0,0.0,0.0,1
1891.75,EUR,Dark Web Market,NG,7.5458,1.0,1.0,0.0,1.0,0.0,1.0,0.45,0.0,1
7.92,USD,Stripe Demo Store,NG,2.1885,2.0,0.0,0.0,0.0,0.0,0.0,0.0,0.0,0
5.67,USD,Amazon,US,1.8976,2.0,0.0,0.0,0.0,0.0,0.0,0.0,1.0,0
7600.65,USD,Shopify Merchant,NG,8.9361,5.0,1.0,1.0,0.0,0.0,1.0,0.0,0.0,1
6.7,USD,Shopify Merchant,CN,2.0412,1.0,0.0,0.0,0.0,0.0,0.0,0.0,1.0,0
58.14,EUR,Amazon,NG,4.0798,1.0,0.0,0.0,0.0,1.0,1.0,0.0,0.0,1
6.88,EUR,Amazon,NG,2.0648,1.0,0.0,0.0,0.0,0.0,0.0,0.0,0.0,0
9.71,GBP,Netflix,NG,2.3716,1.0,0.0,0.0,0.0,0.0,0.0,0.0,0.0,1
1756.3,USD,Netflix,NG,7.4715,2.0,1.0,0.0,0.0,0.0,0.0,0.45,0.0,1
1999.15,GBP,XXX Test Casino,NG,7.601,1.0,1.0,0.0,1.0,0.0,1.0,0.45,0.0,1
6.94,EUR,Netflix,NG,2.0718,2.0,0.0,0.0,0.0,0.0,0.0,0.0,0.0,0
939.73,USD,Spotify,NG,6.8467,5.0,1.0,0.0,0.0,0.0,1.0,0.0,0.0,1
9.96,EUR,Apple,NG,2.3945,1.0,0.0,0.0,0.0,0.0,0.0,0.0,0.0,1
17.51,EUR,Spotify,NG,2.9182,2.0,0.0,0.0,0.0,0.0,0.0,0.0,0.0,1
17.35,USD,Apple,NG,2.9096,1.0,0.0,0.0,0.0,0.0,1.0,0.0,0.0,0
6212.92,EUR,Dark Web Market,NG,8.7345,3.0,1.0,1.0,1.0,0.0,0.0,0.45,0.0,1
42.21,GBP,Amazon,CN,3.7661,1.0,0.0,0.0,0.0,0.0,1.0,0.0,1.0,1
33.02,USD,Netflix,US,3.527,2.0,0.0,0.0,0.0,0.0,1.0,0.45,1.0,0
27.76,GBP,Netflix,NG,3.359,1.0,0.0,0.0,0.0,0.0,1.0,0.45,0.0,0
1875.8,GBP,Apple,NG,7.5373,1.0,1.0,0.0,0.0,1.0,0.0,0.45,0.0,1
15.99,GBP,Amazon,NG,2.8326,1.0,0.0,0.0,0.0,1.0,0.0,0.45,0.0,1
17.14,GBP,Netflix,DE,2.8979,1.0,0.0,0.0,0.0,0.0,0.0,0.0,1.0,0
691.74,USD,Apple,NG,6.5407,5.0,1.0,0.0,0.0,0.0,0.0,0.0,0.0,1
8.87,USD,Amazon,NG,2.2891,1.0,0.0,0.0,0.0,0.0,0.0,0.0,0.0,0
82.49,GBP,XXX Test Casino,NG,4.4247,8.0,0.0,0.0,1.0,0.0,0.0,0.45,0.0,1
11.81,USD,Netflix,NG,2.5499,2.0,0.0,0.0,0.0,0.0,0.0,0.0,0.0,1
19.96,GBP,Stripe Demo Store,CN,3.0428,1.0,0.0,0.0,0.0,0.0,0.0,0.0,1.0,0
8.92,USD,Amazon,NG,2.2943,1.0,0.0,0.0,0.0,0.0,1.0,0.45,0.0,1
1369.6,GBP,Stripe Demo Store,NG,7.223,1.0,1.0,0.0,0.0,0.0,0.0,0.0,0.0,0
10.89,EUR,Apple,NG,2.4757,4.0,0.0,0.0,0.0,0.0,0.0,0.0,0.0,1
10.18,USD,Apple,NG,2.4143,1.0,0.0,0.0,0.0,1.0,0.0,0.45,0.0,1
3559.82,USD,Amazon,NG,8.1777,4.0,1.0,1.0,0.0,1.0,1.0,0.0,0.0,1
10.12,EUR,Netflix,NG,2.4089,1.0,0.0,0.0,0.0,0.0,0.0,0.0,0.0,0
32.68,USD,Apple,NG,3.517,1.0,0.0,0.0,0.0,0.0,0.0,0.0,0.0,0
2812.6,EUR,Apple,NG,7.9422,1.0,1.0,1.0,0.0,0.0,1.0,0.0,0.0,1
10.74,GBP,Spotify,CN,2.4633,2.0,0.0,0.0,0.0,0.0,0.0,0.45,1.0,0
1252.18,GBP,Spotify,NG,7.1334,2.0,1.0,0.0,0.0,0.0,0.0,0.45,0.0,0
1185.86,GBP,Apple,DE,7.0791,5.0,1.0,0.0,0.0,1.0,0.0,0.45,1.0,1
23.35,USD,XXX Test Casino,NG,3.1924,1.0,0.0,0.0,1.0,0.0,1.0,0.45,0.0,1
18.73,GBP,Amazon,RU,2.9822,1.0,0.0,0.0,0.0,0.0,0.0,0.45,1.0,1
7.37,EUR,Shopify Merchant,NG,2.1242,3.0,0.0,0.0,0.0,0.0,0.0,0.45,0.0,0
9.03,GBP,Gambling Anonymous Hub,NG,2.3052,2.0,0.0,0.0,1.0,0.0,1.0,0.45,0.0,0
8.21,EUR,Shopify Merchant,NG,2.2201,4.0,0.0,0.0,0.0,1.0,1.0,0.0,0.0,0
50.14,EUR,Shopify Merchant,NG,3.9345,1.0,0.0,0.0,0.0,0.0,0.0,0.0,0.0,0
2391.96,GBP,Spotify,CN,7.7803,3.0,1.0,0.0,0.0,1.0,0.0,0.0,1.0,1
2255.23,EUR,Spotify,US,7.7214,1.0,1.0,0.0,0.0,0.0,0.0,0.0,1.0,1
2154.45,GBP,Stripe Demo Store,NG,7.6758,10.0,1.0,0.0,0.0,0.0,1.0,0.45,0.0,1
13.53,GBP,Stripe Demo Store,NG,2.6762,1.0,0.0,0.0,0.0,0.0,0.0,0.45,0.0,0
11.27,GBP,Shopify Merchant,NG,2.5073,4.0,0.0,0.0,0.0,0.0,1.0,0.45,0.0,0
10.8,USD,Apple,NG,2.4684,1.0,0.0,0.0,0.0,0.0,0.0,0.0,0.0,1
27.72,GBP,Shopify Merchant,NG,3.3576,3.0,0.0,0.0,0.0,0.0,0.0,0.0,0.0,1
5113.5,GBP,Shopify Merchant,NG,8.5398,4.0,1.0,1.0,0.0,0.0,0.0,1.0,0.0,1
86.21,USD,Apple,US,4.4683,4.0,0.0,0.0,0.0,0.0,1.0,0.0,1.0,1
48.19,EUR,Spotify,RU,3.8958,2.0,0.0,0.0,0.0,0.0,0.0,0.0,1.0,1
1831.04,EUR,Stripe Demo Store,NG,7.5132,1.0,1.0,0.0,0.0,0.0,0.0,0.0,0.0,1
32.14,USD,Amazon,NG,3.5006,4.0,0.0,0.0,0.0,0.0,0.0,0.45,0.0,1
14.94,GBP,Apple,NG,2.7689,2.0,0.0,0.0,0.0,1.0,0.0,0.0,0.0,1
30.52,EUR,Apple,NG,3.4507,2.0,0.0,0.0,0.0,1.0,0.0,0.0,0.0,1
15.73,USD,Netflix,NG,2.8174,1.0,0.0,0.0,0.0,0.0,0.0,0.0,0.0,0
2319.95,GBP,Stripe Demo Store,NG,7.7497,1.0,1.0,0.0,0.0,0.0,1.0,0.45,0.0,1
26.66,EUR,Amazon,NG,3.3198,1.0,0.0,0.0,0.0,0.0,1.0,0.0,0.0,0
767.69,GBP,Shopify Merchant,NG,6.6447,2.0,1.0,0.0,0.0,0.0,0.0,0.0,0.0,1
510.43,USD,Shopify Merchant,NG,6.2372,1.0,1.0,0.0,0.0,0.0,0.0,0.0,0.0,0
2128.09,EUR,Apple,NG,7.6635,1.0,1.0,0.0,0.0,0.0,0.0,0.0,0.0,0
7.36,USD,Shopify Merchant,NG,2.1237,4.0,0.0,0.0,0.0,0.0,1.0,0.0,0.0,1
72.73,GBP,Shopify Merchant,NG,4.3005,2.0,0.0,0.0,0.0,0.0,0.0,0.0,0.0,0
789.26,EUR,Stripe Demo Store,NG,6.6724,5.0,1.0,0.0,0.0,0.0,0.0,0.45,0.0,1
7.51,EUR,Amazon,NG,2.1408,1.0,0.0,0.0,0.0,0.0,0.0,1.0,0.0,0
11.86,EUR,Amazon,NG,2.5544,1.0,0.0,0.0,0.0,1.0,0.0,0.0,0.0,1
1898.06,USD,Spotify,NG,7.5491,2.0,1.0,0.0,0.0,0.0,0.0,0.0,0.0,1
31.74,EUR,Netflix,US,3.4886,1.0,0.0,0.0,0.0,0.0,1.0,0.0,1.0,1
1544.45,EUR,Anonymous Crypto Mix,NG,7.3431,2.0,1.0,0.0,1.0,0.0,1.0,0.45,0.0,1
4988.15,USD,Apple,NG,8.515,1.0,1.0,1.0,0.0,0.0,0.0,0.0,0.0,1
1383.4,EUR,Netflix,NG,7.233,2.0,1.0,0.0,0.0,0.0,1.0,0.0,0.0,1
12.55,GBP,Stripe Demo Store,NG,2.6063,1.0,0.0,0.0,0.0,0.0,0.0,0.0,0.0,0
791.0,GBP,Shopify Merchant,NG,6.6746,2.0,1.0,0.0,0.0,0.0,0.0,0.0,0.0,0
8.07,USD,Shopify Merchant,NG,2.2045,4.0,0.0,0.0,0.0,1.0,0.0,0.45,0.0,0
623.13,GBP,Apple,NG,6.4364,1.0,1.0,0.0,0.0,0.0,1.0,0.0,0.0,1
719.04,GBP,Apple,NG,6.5793,2.0,1.0,0.0,0.0,0.0,1.0,0.0,0.0,1
2358.0,USD,Netflix,NG,7.766,2.0,1.0,0.0,0.0,0.0,0.0,0.0,0.0,1
16.69,USD,Apple,NG,2.8729,3.0,0.0,0.0,0.0,0.0,0.0,0.0,0.0,1
13.09,GBP,Shopify Merchant,RU,2.6454,1.0,0.0,0.0,0.0,0.0,1.0,0.0,1.0,1
19.49,EUR,Amazon,NG,3.0202,1.0,0.0,0.0,0.0,1.0,1.0,0.0,0.0,0
22.0,USD,Shopify Merchant,NG,3.1355,3.0,0.0,0.0,0.0,0.0,0.0,0.0,0.0,0
14.98,EUR,Spotify,US,2.7713,2.0,0.0,0.0,0.0,0.0,1.0,0.0,1.0,0
29.11,GBP,Amazon,NG,3.4048,3.0,0.0,0.0,0.0,0.0,0.0,0.0,0.0,0
10.3,USD,Netflix,CN,2.4252,1.0,0.0,0.0,0.0,0.0,1.0,0.0,1.0,1
2045.14,GBP,Amazon,NG,7.6237,5.0,1.0,0.0,0.0,0.0,1.0,0.45,0.0,1
1268.04,EUR,Spotify,NG,7.146,1.0,1.0,0.0,0.0,0.0,1.0,0.45,0.0,1
8.86,EUR,XXX Test Casino,RU,2.2888,1.0,0.0,0.0,1.0,1.0,1.0,0.45,1.0,1
2017.19,USD,XXX Test Casino,NG,7.61,2.0,1.0,0.0,1.0,0.0,0.0,0.45,0.0,1
19.89,GBP,Spotify,NG,3.0391,2.0,0.0,0.0,0.0,0.0,0.0,0.45,0.0,1
5.59,USD,Apple,NG,1.8851,2.0,0.0,0.0,0.0,1.0,0.0,0.0,0.0,1
21.69,EUR,Netflix,NG,3.1217,1.0,0.0,0.0,0.0,0.0,0.0,0.0,0.0,0
663.84,EUR,Shopify Merchant,NG,6.4996,1.0,1.0,0.0,0.0,0.0,1.0,0.45,0.0,1
8000.27,GBP,XXX Test Casino,NG,8.9874,3.0,1.0,1.0,1.0,0.0,0.0,0.45,0.0,1
515.1,EUR,Spotify,NG,6.2463,1.0,1.0,0.0,0.0,0.0,0.0,0.0,0.0,1
1887.31,GBP,Amazon,NG,7.5434,3.0,1.0,0.0,0.0,1.0,0.0,0.45,0.0,1
8923.25,GBP,Apple,NG,9.0965,2.0,1.0,1.0,0.0,0.0,0.0,0.0,0.0,1
9.56,GBP,Spotify,NG,2.357,1.0,0.0,0.0,0.0,0.0,0.0,0.0,0.0,0
5.0,EUR,Apple,NG,1.7918,3.0,0.0,0.0,0.0,0.0,0.0,0.0,0.0,0
11.84,GBP,Spotify,DE,2.5525,4.0,0.0,0.0,0.0,0.0,1.0,1.0,1.0,1
7730.54,GBP,Stripe Demo Store,NG,8.9531,3.0,1.0,1.0,0.0,0.0,0.0,0.45,0.0,1
72.1,EUR,Spotify,NG,4.2918,1.0,0.0,0.0,0.0,0.0,0.0,0.0,0.0,0
19.94,USD,Spotify,US,3.0417,2.0,0.0,0.0,0.0,1.0,0.0,0.0,1.0,0
1653.64,USD,Shopify Merchant,NG,7.4113,5.0,1.0,0.0,0.0,0.0,0.0,0.0,0.0,0
16.45,GBP,Apple,NG,2.8595,2.0,0.0,0.0,0.0,0.0,0.0,0.0,0.0,0
1067.04,GBP,Stripe Demo Store,NG,6.9736,1.0,1.0,0.0,0.0,0.0,1.0,0.0,0.0,0
19.63,USD,Apple,NG,3.0268,1.0,0.0,0.0,0.0,0.0,0.0,1.0,0.0,1
8956.67,GBP,Wallet Drain Services,NG,9.1003,2.0,1.0,1.0,1.0,0.0,1.0,0.45,0.0,0
834.82,USD,Apple,DE,6.7284,3.0,1.0,0.0,0.0,1.0,0.0,1.0,1.0,1
9.58,GBP,Dark Web Market,NG,2.3591,5.0,0.0,0.0,1.0,0.0,1.0,0.45,0.0,1
1620.53,EUR,Spotify,NG,7.3911,5.0,1.0,0.0,0.0,0.0,1.0,0.0,0.0,1
16.36,GBP,Amazon,NG,2.8543,1.0,0.0,0.0,0.0,0.0,1.0,1.0,0.0,0
14.6,EUR,Stripe Demo Store,CN,2.7474,2.0,0.0,0.0,0.0,0.0,1.0,0.45,1.0,0
5.0,USD,Stripe Demo Store,DE,1.7918,1.0,0.0,0.0,0.0,0.0,0.0,0.0,1.0,1
1753.07,EUR,Stripe Demo Store,NG,7.4697,1.0,1.0,0.0,0.0,1.0,0.0,0.0,0.0,1
21.56,GBP,XXX Test Casino,NG,3.1161,1.0,0.0,0.0,1.0,0.0,1.0,0.45,0.0,1
21.54,EUR,Amazon,NG,3.1153,5.0,0.0,0.0,0.0,0.0,0.0,0.0,0.0,1
15.15,EUR,Amazon,CN,2.7819,1.0,0.0,0.0,0.0,0.0,0.0,1.0,1.0,1
13.43,EUR,Spotify,NG,2.6692,2.0,0.0,0.0,0.0,0.0,1.0,0.0,0.0,1
15.51,USD,Apple,CN,2.8038,1.0,0.0,0.0,0.0,0.0,1.0,0.0,1.0,1
27.78,EUR,Apple,NG,3.3596,1.0,0.0,0.0,0.0,1.0,1.0,0.0,0.0,0
31.42,GBP,Spotify,RU,3.4787,2.0,0.0,0.0,0.0,1.0,0.0,0.0,1.0,0
2199.04,USD,Netflix,NG,7.6962,1.0,1.0,0.0,0.0,0.0,1.0,0.45,0.0,1
39.03,USD,Netflix,NG,3.6896,1.0,0.0,0.0,0.0,1.0,0.0,0.0,0.0,1
19.01,USD,Spotify,NG,2.996,2.0,0.0,0.0,0.0,0.0,1.0,0.0,0.0,0
8718.42,GBP,Gambling Anonymous Hub,NG,9.0733,3.0,1.0,1.0,1.0,1.0,1.0,0.45,0.0,1
23.08,EUR,Spotify,NG,3.1813,3.0,0.0,0.0,0.0,0.0,1.0,0.0,0.0,1
1109.76,USD,Netflix,NG,7.0128,4.0,1.0,0.0,0.0,0.0,0.0,0.0,0.0,1
23.64,EUR,Amazon,CN,3.2043,1.0,0.0,0.0,0.0,0.0,0.0,0.0,1.0,0
1647.55,EUR,Anonymous Crypto Mix,NG,7.4077,1.0,1.0,0.0,1.0,1.0,1.0,0.45,0.0,1
1332.99,EUR,Amazon,NG,7.1959,1.0,1.0,0.0,0.0,0.0,0.0,0.0,0.0,1
1924.18,EUR,Wallet Drain Services,NG,7.5628,6.0,1.0,0.0,1.0,0.0,1.0,1.0,0.0,1
17.22,EUR,Netflix,NG,2.9024,1.0,0.0,0.0,0.0,0.0,0.0,0.0,0.0,1
17.77,EUR,Apple,NG,2.9322,1.0,0.0,0.0,0.0,0.0,0.0,0.0,0.0,0
964.91,EUR,Wallet Drain Services,NG,6.8731,6.0,1.0,0.0,1.0,0.0,0.0,0.45,0.0,1
18.51,GBP,Shopify Merchant,NG,2.9707,6.0,0.0,0.0,0.0,0.0,0.0,0.0,0.0,0
31.52,USD,Shopify Merchant,NG,3.4817,1.0,0.0,0.0,0.0,0.0,0.0,0.45,0.0,1
104.23,EUR,Stripe Demo Store,DE,4.6562,3.0,0.0,0.0,0.0,0.0,0.0,0.0,1.0,1
4397.63,GBP,XXX Test Casino,NG,8.389,1.0,1.0,1.0,1.0,0.0,0.0,1.0,0.0,1
11.76,EUR,Shopify Merchant,NG,2.546,2.0,0.0,0.0,0.0,0.0,1.0,0.0,0.0,0
12.94,GBP,Apple,NG,2.6351,2.0,0.0,0.0,0.0,1.0,0.0,0.0,0.0,1
975.15,USD,Shopify Merchant,NG,6.8836,6.0,1.0,0.0,0.0,0.0,1.0,0.0,0.0,1
12.9,USD,Amazon,NG,2.6317,1.0,0.0,0.0,0.0,0.0,0.0,0.0,0.0,0
13.59,USD,Spotify,NG,2.6803,3.0,0.0,0.0,0.0,0.0,0.0,0.0,0.0,1
40.03,GBP,Shopify Merchant,NG,3.7144,1.0,0.0,0.0,0.0,0.0,0.0,0.45,0.0,1
41.19,EUR,Apple,NG,3.7423,2.0,0.0,0.0,0.0,1.0,1.0,1.0,0.0,1
6.34,EUR,Stripe Demo Store,NG,1.9936,2.0,0.0,0.0,0.0,0.0,1.0,0.0,0.0,0
1871.11,USD,Apple,NG,7.5348,3.0,1.0,0.0,0.0,0.0,0.0,1.0,0.0,1
1534.75,GBP,XXX Test Casino,CN,7.3368,5.0,1.0,0.0,1.0,0.0,1.0,0.45,1.0,1
30.55,USD,Apple,US,3.4516,3.0,0.0,0.0,0.0,0.0,0.0,0.45,1.0,1
44.71,EUR,Shopify Merchant,NG,3.8223,3.0,0.0,0.0,0.0,0.0,0.0,1.0,0.0,0
133.14,GBP,Spotify,DE,4.8989,1.0,0.0,0.0,0.0,1.0,0.0,1.0,1.0,1
6773.68,USD,XXX Test Casino,NG,8.8209,10.0,1.0,1.0,1.0,0.0,0.0,0.45,0.0,1
1817.33,EUR,Amazon,NG,7.5057,2.0,1.0,0.0,0.0,0.0,1.0,0.0,0.0,1
7794.42,EUR,XXX Test Casino,CN,8.9613,1.0,1.0,1.0,1.0,0.0,1.0,0.45,1.0,1
12.46,USD,Amazon,NG,2.5997,2.0,0.0,0.0,0.0,0.0,0.0,0.0,0.0,0
18.2,USD,Netflix,NG,2.9548,1.0,0.0,0.0,0.0,0.0,0.0,0.0,0.0,0
15.02,USD,Amazon,NG,2.7739,2.0,0.0,0.0,0.0,1.0,1.0,0.45,0.0,0
5.0,USD,Amazon,NG,1.7918,1.0,0.0,0.0,0.0,0.0,1.0,0.0,0.0,1
21.9,EUR,Apple,NG,3.1309,1.0,0.0,0.0,0.0,1.0,1.0,0.0,0.0,0
17.68,USD,Apple,NG,2.9274,5.0,0.0,0.0,0.0,0.0,1.0,0.0,0.0,0
3893.92,EUR,Spotify,DE,8.2674,5.0,1.0,1.0,0.0,0.0,0.0,0.0,1.0,1
20.16,GBP,Wallet Drain Services,US,3.0522,2.0,0.0,0.0,1.0,0.0,1.0,0.45,1.0,1
8.35,EUR,Stripe Demo Store,DE,2.2349,6.0,0.0,0.0,0.0,0.0,1.0,1.0,1.0,1
2215.59,GBP,Shopify Merchant,NG,7.7037,1.0,1.0,0.0,0.0,0.0,1.0,0.45,0.0,1
5.0,EUR,Apple,NG,1.7918,1.0,0.0,0.0,0.0,1.0,1.0,0.0,0.0,0
729.59,USD,Apple,DE,6.5938,5.0,1.0,0.0,0.0,0.0,1.0,0.0,1.0,1
31.34,EUR,Stripe Demo Store,NG,3.4763,2.0,0.0,0.0,0.0,0.0,0.0,0.0,0.0,1
585.41,USD,Shopify Merchant,RU,6.374,3.0,1.0,0.0,0.0,0.0,0.0,0.0,1.0,1
38.31,EUR,Netflix,NG,3.6715,1.0,0.0,0.0,0.0,0.0,1.0,0.0,0.0,0
5.07,EUR,Stripe Demo Store,CN,1.8032,1.0,0.0,0.0,0.0,0.0,0.0,0.0,1.0,0
16.95,GBP,Shopify Merchant,NG,2.8876,1.0,0.0,0.0,0.0,0.0,0.0,0.0,0.0,0
14.4,EUR,Spotify,NG,2.7343,6.0,0.0,0.0,0.0,0.0,0.0,0.0,0.0,1
39.22,USD,Amazon,RU,3.6943,1.0,0.0,0.0,0.0,0.0,0.0,0.0,1.0,0
32.17,USD,Spotify,NG,3.5015,2.0,0.0,0.0,0.0,0.0,0.0,1.0,0.0,0
31.49,USD,Netflix,DE,3.4808,1.0,0.0,0.0,0.0,0.0,0.0,0.45,1.0,1
1654.33,USD,Amazon,NG,7.4118,2.0,1.0,0.0,0.0,0.0,1.0,0.0,0.0,1
15.52,GBP,Netflix,NG,2.8048,1.0,0.0,0.0,0.0,0.0,1.0,0.0,0.0,1
51.14,EUR,Spotify,NG,3.9539,3.0,0.0,0.0,0.0,0.0,0.0,0.0,0.0,0
9.67,USD,Stripe Demo Store,DE,2.3675,2.0,0.0,0.0,0.0,0.0,1.0,0.45,1.0,1
2150.15,USD,Shopify Merchant,NG,7.6738,1.0,1.0,0.0,0.0,0.0,1.0,0.45,0.0,0
34.02,EUR,Netflix,NG,3.5559,1.0,0.0,0.0,0.0,0.0,1.0,0.0,0.0,0
7.01,EUR,Spotify,NG,2.0801,1.0,0.0,0.0,0.0,0.0,1.0,0.0,0.0,0
1337.46,EUR,Stripe Demo Store,NG,7.1993,3.0,1.0,0.0,0.0,1.0,0.0,0.45,0.0,1
21.56,GBP,Stripe Demo Store,NG,3.1163,4.0,0.0,0.0,0.0,0.0,0.0,0.0,0.0,0
1090.7,EUR,Spotify,NG,6.9955,1.0,1.0,0.0,0.0,0.0,0.0,0.45,0.0,1
19.27,GBP,Spotify,RU,3.009,2.0,0.0,0.0,0.0,0.0,1.0,0.0,1.0,1
20.89,EUR,Spotify,NG,3.086,1.0,0.0,0.0,0.0,0.0,0.0,0.0,0.0,0
28.69,EUR,Stripe Demo Store,NG,3.3907,4.0,0.0,0.0,0.0,0.0,0.0,0.0,0.0,1
2337.18,GBP,Netflix,NG,7.7571,6.0,1.0,0.0,0.0,0.0,1.0,0.0,0.0,1
12.25,EUR,Stripe Demo Store,NG,2.5841,3.0,0.0,0.0,0.0,0.0,1.0,0.0,0.0,0
28.0,USD,Spotify,NG,3.3672,1.0,0.0,0.0,0.0,1.0,0.0,0.0,0.0,0
19.68,GBP,Shopify Merchant,NG,3.0291,1.0,0.0,0.0,0.0,0.0,0.0,1.0,0.0,0
15.1,EUR,Apple,US,2.779,10.0,0.0,0.0,0.0,0.0,1.0,0.0,1.0,1
18.95,GBP,XXX Test Casino,NG,2.9935,1.0,0.0,0.0,1.0,0.0,0.0,0.45,0.0,1
61.33,GBP,Netflix,NG,4.1324,2.0,0.0,0.0,0.0,0.0,0.0,0.0,0.0,0
14.73,EUR,Spotify,NG,2.7556,5.0,0.0,0.0,0.0,1.0,0.0,1.0,0.0,1
14.43,GBP,Stripe Demo Store,NG,2.7366,3.0,0.0,0.0,0.0,0.0,1.0,0.0,0.0,1
6.08,GBP,Netflix,NG,1.9571,2.0,0.0,0.0,0.0,1.0,0.0,0.0,0.0,0
19.5,GBP,Amazon,NG,3.0204,2.0,0.0,0.0,0.0,0.0,1.0,0.0,0.0,0
31.81,EUR,Spotify,NG,3.4908,5.0,0.0,0.0,0.0,1.0,0.0,0.0,0.0,0
36.07,EUR,Stripe Demo Store,NG,3.6127,1.0,0.0,0.0,0.0,0.0,0.0,0.45,0.0,0
21.67,EUR,Stripe Demo Store,NG,3.1209,5.0,0.0,0.0,0.0,1.0,0.0,0.0,0.0,1
39.22,GBP,Netflix,NG,3.6943,1.0,0.0,0.0,0.0,0.0,1.0,0.0,0.0,0
33.51,EUR,Stripe Demo Store,NG,3.5413,3.0,0.0,0.0,0.0,0.0,0.0,0.0,0.0,0
43.78,USD,Shopify Merchant,NG,3.8017,5.0,0.0,0.0,0.0,0.0,1.0,0.0,0.0,1
40.01,EUR,Apple,NG,3.7137,2.0,0.0,0.0,0.0,0.0,0.0,0.45,0.0,1
2114.15,EUR,Shopify Merchant,NG,7.6569,1.0,1.0,0.0,0.0,0.0,1.0,0.0,0.0,1
17.84,USD,Dark Web Market,NG,2.9358,1.0,0.0,0.0,1.0,0.0,1.0,0.45,0.0,1
823.75,GBP,Shopify Merchant,NG,6.7151,3.0,1.0,0.0,0.0,0.0,0.0,0.0,0.0,1
31.96,GBP,Shopify Merchant,NG,3.4954,2.0,0.0,0.0,0.0,0.0,1.0,0.0,0.0,1
2116.03,EUR,Apple,NG,7.6578,1.0,1.0,0.0,0.0,0.0,0.0,0.45,0.0,1
60.28,GBP,Spotify,NG,4.1154,4.0,0.0,0.0,0.0,1.0,0.0,0.45,0.0,0
49.25,USD,Netflix,NG,3.917,5.0,0.0,0.0,0.0,0.0,0.0,0.0,0.0,1
78.4,EUR,Stripe Demo Store,NG,4.3745,4.0,0.0,0.0,0.0,0.0,1.0,1.0,0.0,1
3699.8,GBP,XXX Test Casino,NG,8.2163,2.0,1.0,1.0,1.0,0.0,0.0,0.45,0.0,1
23.57,GBP,Stripe Demo Store,RU,3.2017,8.0,0.0,0.0,0.0,0.0,1.0,0.45,1.0,1
7.62,EUR,Dark Web Market,NG,2.1539,4.0,0.0,0.0,1.0,0.0,1.0,0.45,0.0,1
24.92,USD,Stripe Demo Store,NG,3.255,1.0,0.0,0.0,0.0,1.0,0.0,0.0,0.0,0
2086.14,EUR,Netflix,CN,7.6436,8.0,1.0,0.0,0.0,0.0,0.0,0.45,1.0,1
23.29,GBP,Spotify,NG,3.1901,2.0,0.0,0.0,0.0,0.0,1.0,0.0,0.0,0
20.87,GBP,Netflix,NG,3.085,5.0,0.0,0.0,0.0,0.0,0.0,0.0,0.0,1
27.94,USD,Netflix,RU,3.3654,3.0,0.0,0.0,0.0,0.0,0.0,0.45,1.0,1
4151.55,EUR,Wallet Drain Services,NG,8.3315,2.0,1.0,1.0,1.0,0.0,1.0,0.45,0.0,1
38.65,USD,Gambling Anonymous Hub,NG,3.6801,1.0,0.0,0.0,1.0,0.0,1.0,0.45,0.0,1
5.0,EUR,Amazon,NG,1.7918,1.0,0.0,0.0,0.0,0.0,1.0,0.0,0.0,0
3528.94,EUR,Stripe Demo Store,CN,8.169,1.0,1.0,1.0,0.0,0.0,0.0,0.0,1.0,1
46.61,EUR,Stripe Demo Store,NG,3.863,2.0,0.0,0.0,0.0,0.0,0.0,0.0,0.0,0
74.37,USD,Netflix,NG,4.3224,4.0,0.0,0.0,0.0,1.0,0.0,0.0,0.0,1
33.53,USD,Netflix,NG,3.5418,1.0,0.0,0.0,0.0,0.0,0.0,0.0,0.0,0
65.33,USD,Stripe Demo Store,NG,4.1946,1.0,0.0,0.0,0.0,0.0,1.0,0.0,0.0,1
22.61,EUR,Netflix,NG,3.1615,2.0,0.0,0.0,0.0,0.0,1.0,0.45,0.0,0
20.13,USD,Spotify,NG,3.0505,1.0,0.0,0.0,0.0,1.0,0.0,0.0,0.0,0
790.96,USD,Netflix,NG,6.6745,1.0,1.0,0.0,0.0,0.0,0.0,0.0,0.0,0
1451.15,EUR,Stripe Demo Store,NG,7.2808,1.0,1.0,0.0,0.0,0.0,1.0,0.45,0.0,1
11.62,GBP,Netflix,NG,2.5349,2.0,0.0,0.0,0.0,0.0,0.0,0.0,0.0,0
14.0,EUR,Shopify Merchant,NG,2.7083,2.0,0.0,0.0,0.0,0.0,1.0,1.0,0.0,1
9.22,GBP,Netflix,CN,2.3245,4.0,0.0,0.0,0.0,0.0,1.0,0.0,1.0,1
5252.95,GBP,Shopify Merchant,NG,8.5667,1.0,1.0,1.0,0.0,0.0,0.0,1.0,0.0,1
20.25,GBP,Apple,NG,3.0562,1.0,0.0,0.0,0.0,0.0,0.0,0.45,0.0,0
15.61,USD,Gambling Anonymous Hub,NG,2.8099,3.0,0.0,0.0,1.0,1.0,1.0,0.45,0.0,1
13.51,GBP,Amazon,NG,2.6747,8.0,0.0,0.0,0.0,0.0,0.0,0.0,0.0,1
28.6,EUR,Amazon,NG,3.3879,1.0,0.0,0.0,0.0,0.0,1.0,0.0,0.0,0
34.69,GBP,Amazon,NG,3.5747,4.0,0.0,0.0,0.0,1.0,1.0,0.0,0.0,1
974.5,USD,Spotify,NG,6.8829,3.0,1.0,0.0,0.0,1.0,0.0,0.0,0.0,0
7.01,USD,XXX Test Casino,NG,2.0812,5.0,0.0,0.0,1.0,0.0,0.0,0.45,0.0,1
1179.59,GBP,Amazon,NG,7.0738,1.0,1.0,0.0,0.0,0.0,1.0,0.0,0.0,1
39.18,USD,Stripe Demo Store,NG,3.6934,1.0,0.0,0.0,0.0,0.0,0.0,0.45,0.0,0
2137.72,GBP,Amazon,NG,7.668,1.0,1.0,0.0,0.0,0.0,0.0,0.0,0.0,0
833.04,USD,Stripe Demo Store,DE,6.7263,3.0,1.0,0.0,0.0,1.0,0.0,0.45,1.0,1
4797.41,GBP,Apple,NG,8.476,4.0,1.0,1.0,0.0,0.0,1.0,1.0,0.0,1
62.39,GBP,Netflix,NG,4.1494,2.0,0.0,0.0,0.0,0.0,0.0,0.0,0.0,0
33.67,EUR,Gambling Anonymous Hub,NG,3.5458,1.0,0.0,0.0,1.0,0.0,0.0,0.45,0.0,1
32.99,USD,Apple,US,3.526,1.0,0.0,0.0,0.0,0.0,1.0,0.0,1.0,0
97.16,GBP,Amazon,CN,4.5866,2.0,0.0,0.0,0.0,1.0,1.0,1.0,1.0,1
5.0,USD,Stripe Demo Store,US,1.7918,5.0,0.0,0.0,0.0,0.0,1.0,0.45,1.0,1
7529.45,EUR,Spotify,RU,8.9267,1.0,1.0,1.0,0.0,0.0,0.0,0.0,1.0,1
2754.77,GBP,Stripe Demo Store,CN,7.9215,2.0,1.0,1.0,0.0,0.0,0.0,1.0,1.0,1
15.86,USD,Shopify Merchant,RU,2.825,2.0,0.0,0.0,0.0,0.0,0.0,0.0,1.0,1
47.84,USD,Shopify Merchant,NG,3.8885,4.0,0.0,0.0,0.0,0.0,1.0,0.0,0.0,1
1457.23,GBP,Netflix,NG,7.285,4.0,1.0,0.0,0.0,0.0,0.0,0.0,0.0,0
2568.8,GBP,XXX Test Casino,NG,7.8516,1.0,1.0,1.0,1.0,0.0,1.0,0.45,0.0,1
16.57,USD,Stripe Demo Store,DE,2.8663,2.0,0.0,0.0,0.0,0.0,1.0,0.0,1.0,1
13.93,USD,Amazon,NG,2.7036,4.0,0.0,0.0,0.0,0.0,0.0,0.45,0.0,1
2067.79,EUR,Shopify Merchant,NG,7.6347,5.0,1.0,0.0,0.0,0.0,0.0,0.0,0.0,1
24.28,USD,Netflix,NG,3.2302,2.0,0.0,0.0,0.0,0.0,0.0,0.0,0.0,1
11.68,GBP,Spotify,NG,2.54,1.0,0.0,0.0,0.0,0.0,0.0,1.0,0.0,0
7004.06,EUR,Gambling Anonymous Hub,DE,8.8544,2.0,1.0,1.0,1.0,0.0,1.0,0.45,1.0,0
8486.27,USD,Amazon,NG,9.0463,2.0,1.0,1.0,0.0,0.0,1.0,0.0,0.0,1
928.42,USD,Netflix,DE,6.8346,1.0,1.0,0.0,0.0,0.0,0.0,0.45,1.0,0
883.99,USD,Stripe Demo Store,NG,6.7856,8.0,1.0,0.0,0.0,1.0,0.0,0.0,0.0,1
6.11,GBP,Stripe Demo Store,NG,1.9619,1.0,0.0,0.0,0.0,0.0,1.0,0.0,0.0,1
20.03,USD,Apple,RU,3.0458,5.0,0.0,0.0,0.0,1.0,0.0,0.0,1.0,1
152.8,EUR,Shopify Merchant,NG,5.0357,1.0,0.0,0.0,0.0,1.0,0.0,1.0,0.0,1
48.73,EUR,Netflix,NG,3.9067,1.0,0.0,0.0,0.0,0.0,0.0,0.0,0.0,0
13.62,USD,Netflix,NG,2.6827,2.0,0.0,0.0,0.0,1.0,1.0,0.0,0.0,0
27.04,EUR,Spotify,DE,3.3335,2.0,0.0,0.0,0.0,0.0,1.0,0.45,1.0,1
33.43,EUR,Spotify,NG,3.5388,4.0,0.0,0.0,0.0,0.0,0.0,0.0,0.0,0
2132.08,EUR,Anonymous Crypto Mix,NG,7.6653,2.0,1.0,0.0,1.0,0.0,0.0,0.45,0.0,1
52.39,USD,Amazon,NG,3.9776,1.0,0.0,0.0,0.0,0.0,0.0,0.0,0.0,0
17.86,EUR,Stripe Demo Store,NG,2.9373,5.0,0.0,0.0,0.0,0.0,0.0,1.0,0.0,1
18.85,GBP,Spotify,NG,2.9882,2.0,0.0,0.0,0.0,0.0,0.0,0.0,0.0,0
20.42,EUR,Dark Web Market,US,3.0645,1.0,0.0,0.0,1.0,1.0,0.0,0.45,1.0,1
1120.99,EUR,Spotify,NG,7.0229,5.0,1.0,0.0,0.0,1.0,1.0,0.0,0.0,1
11.84,GBP,Amazon,DE,2.5525,1.0,0.0,0.0,0.0,0.0,0.0,0.0,1.0,0
6.08,EUR,Netflix,NG,1.9574,1.0,0.0,0.0,0.0,0.0,0.0,0.0,0.0,0
1284.46,GBP,Stripe Demo Store,CN,7.1589,2.0,1.0,0.0,0.0,0.0,0.0,0.0,1.0,1
5.0,USD,Netflix,NG,1.7918,2.0,0.0,0.0,0.0,1.0,0.0,0.0,0.0,1
16.27,USD,Amazon,NG,2.8489,2.0,0.0,0.0,0.0,0.0,0.0,0.0,0.0,1
46.1,USD,Apple,NG,3.8523,5.0,0.0,0.0,0.0,0.0,1.0,0.0,0.0,1
30.13,EUR,Spotify,NG,3.438,1.0,0.0,0.0,0.0,0.0,1.0,0.0,0.0,0
41.66,GBP,Spotify,NG,3.7534,10.0,0.0,0.0,0.0,0.0,1.0,0.0,0.0,1
31.01,GBP,Amazon,NG,3.466,1.0,0.0,0.0,0.0,0.0,1.0,0.45,0.0,1
108.55,USD,Amazon,NG,4.6964,1.0,0.0,0.0,0.0,0.0,0.0,0.0,0.0,1
13.31,EUR,Apple,NG,2.6607,1.0,0.0,0.0,0.0,0.0,0.0,0.0,0.0,0
26.54,USD,Amazon,DE,3.3157,1.0,0.0,0.0,0.0,0.0,1.0,0.0,1.0,0
14.78,GBP,Apple,DE,2.7588,1.0,0.0,0.0,0.0,0.0,0.0,0.0,1.0,0
2008.98,USD,Apple,US,7.6059,4.0,1.0,0.0,0.0,0.0,0.0,0.45,1.0,1
19.24,EUR,Netflix,NG,3.0076,4.0,0.0,0.0,0.0,0.0,0.0,0.45,0.0,0
66.9,USD,Amazon,NG,4.218,3.0,0.0,0.0,0.0,0.0,1.0,0.0,0.0,1
13.85,USD,Shopify Merchant,NG,2.6981,1.0,0.0,0.0,0.0,0.0,0.0,0.0,0.0,0
53.78,USD,Apple,NG,4.0034,4.0,0.0,0.0,0.0,0.0,1.0,0.0,0.0,0
30.42,EUR,Amazon,NG,3.4475,1.0,0.0,0.0,0.0,0.0,0.0,0.0,0.0,0
2167.63,USD,Apple,US,7.6819,3.0,1.0,0.0,0.0,0.0,0.0,0.0,1.0,0
1053.62,EUR,Netflix,NG,6.9609,3.0,1.0,0.0,0.0,0.0,1.0,0.0,0.0,0
24.12,USD,Shopify Merchant,NG,3.2235,1.0,0.0,0.0,0.0,0.0,1.0,0.0,0.0,0
25.77,EUR,Netflix,NG,3.2872,2.0,0.0,0.0,0.0,1.0,0.0,0.0,0.0,0
1958.17,USD,Shopify Merchant,NG,7.5803,5.0,1.0,0.0,0.0,1.0,0.0,0.0,0.0,1
12.29,USD,Apple,NG,2.5871,1.0,0.0,0.0,0.0,0.0,0.0,0.0,0.0,0
15.89,GBP,Amazon,DE,2.8265,3.0,0.0,0.0,0.0,0.0,0.0,0.0,1.0,1
6.18,GBP,Netflix,NG,1.9717,6.0,0.0,0.0,0.0,0.0,0.0,0.0,0.0,1
36.21,GBP,Spotify,NG,3.6166,1.0,0.0,0.0,0.0,0.0,1.0,0.0,0.0,0
1588.79,GBP,Stripe Demo Store,NG,7.3714,1.0,1.0,0.0,0.0,1.0,0.0,0.0,0.0,1
17.25,GBP,Stripe Demo Store,RU,2.904,2.0,0.0,0.0,0.0,0.0,0.0,0.0,1.0,0
2730.45,USD,Shopify Merchant,NG,7.9126,3.0,1.0,1.0,0.0,0.0,0.0,1.0,0.0,1
36.15,EUR,Shopify Merchant,NG,3.6149,1.0,0.0,0.0,0.0,0.0,0.0,0.0,0.0,1
5.8,GBP,Spotify,NG,1.9168,2.0,0.0,0.0,0.0,0.0,0.0,0.0,0.0,1
18.83,USD,Spotify,DE,2.9874,1.0,0.0,0.0,0.0,0.0,0.0,0.0,1.0,0
27.71,EUR,Amazon,NG,3.3573,8.0,0.0,0.0,0.0,0.0,1.0,0.0,0.0,1
20.83,EUR,Apple,NG,3.0833,5.0,0.0,0.0,0.0,0.0,1.0,0.45,0.0,1
51.46,EUR,Shopify Merchant,NG,3.9601,2.0,0.0,0.0,0.0,0.0,0.0,0.0,0.0,0
11.3,GBP,Netflix,DE,2.5095,6.0,0.0,0.0,0.0,0.0,1.0,0.0,1.0,1
5.0,GBP,Spotify,NG,1.7918,2.0,0.0,0.0,0.0,0.0,0.0,0.0,0.0,0
35.42,GBP,Wallet Drain Services,NG,3.5951,6.0,0.0,0.0,1.0,0.0,1.0,0.45,0.0,0
13.79,GBP,Stripe Demo Store,DE,2.694,1.0,0.0,0.0,0.0,0.0,1.0,0.0,1.0,0
5.87,USD,Spotify,RU,1.9265,1.0,0.0,0.0,0.0,1.0,0.0,1.0,1.0,0
17.98,GBP,Amazon,NG,2.9432,4.0,0.0,0.0,0.0,0.0,1.0,0.0,0.0,1
1348.07,EUR,Netflix,NG,7.2072,1.0,1.0,0.0,0.0,0.0,0.0,0.45,0.0,0
1137.52,USD,Spotify,NG,7.0375,1.0,1.0,0.0,0.0,1.0,1.0,0.0,0.0,1
103.05,EUR,Shopify Merchant,NG,4.6449,3.0,0.0,0.0,0.0,0.0,0.0,0.0,0.0,1
11.17,EUR,Spotify,NG,2.4992,2.0,0.0,0.0,0.0,1.0,0.0,0.0,0.0,1
21.35,EUR,Apple,NG,3.1067,1.0,0.0,0.0,0.0,0.0,0.0,1.0,0.0,1
8.56,USD,Stripe Demo Store,DE,2.2571,1.0,0.0,0.0,0.0,0.0,1.0,0.0,1.0,0
20.68,USD,Amazon,NG,3.0764,1.0,0.0,0.0,0.0,0.0,0.0,0.0,0.0,0
18.29,GBP,Amazon,NG,2.9596,1.0,0.0,0.0,0.0,0.0,0.0,0.0,0.0,0
7.08,GBP,Shopify Merchant,NG,2.0895,1.0,0.0,0.0,0.0,0.0,1.0,0.0,0.0,0
145.2,EUR,Stripe Demo Store,NG,4.9849,2.0,0.0,0.0,0.0,1.0,0.0,0.0,0.0,0
14.2,EUR,Amazon,NG,2.7213,3.0,0.0,0.0,0.0,1.0,0.0,0.0,0.0,0
14.21,GBP,Apple,NG,2.7219,1.0,0.0,0.0,0.0,0.0,0.0,0.45,0.0,1
1873.27,USD,Netflix,NG,7.536,1.0,1.0,0.0,0.0,0.0,1.0,0.0,0.0,1
3111.39,GBP,Netflix,NG,8.0431,2.0,1.0,1.0,0.0,0.0,1.0,0.0,0.0,1
44.19,EUR,Apple,NG,3.8109,1.0,0.0,0.0,0.0,0.0,1.0,0.0,0.0,0
4688.55,USD,Spotify,NG,8.4531,1.0,1.0,1.0,0.0,0.0,0.0,0.0,0.0,1
23.33,GBP,Amazon,NG,3.1917,1.0,0.0,0.0,0.0,0.0,0.0,0.0,0.0,0
3219.68,GBP,Anonymous Crypto Mix,NG,8.0773,2.0,1.0,1.0,1.0,0.0,1.0,0.45,0.0,1
7111.66,GBP,Amazon,US,8.8696,1.0,1.0,1.0,0.0,1.0,1.0,0.45,1.0,1
6.39,EUR,Netflix,US,2.0007,1.0,0.0,0.0,0.0,0.0,1.0,0.0,1.0,1
700.04,EUR,Spotify,NG,6.5526,2.0,1.0,0.0,0.0,0.0,1.0,0.45,0.0,1
3318.11,GBP,Apple,US,8.1075,4.0,1.0,1.0,0.0,0.0,0.0,0.45,1.0,1
1033.99,EUR,Netflix,NG,6.9421,3.0,1.0,0.0,0.0,0.0,0.0,0.0,0.0,0
2577.58,USD,Apple,NG,7.855,6.0,1.0,1.0,0.0,0.0,1.0,0.0,0.0,1
58.17,USD,Anonymous Crypto Mix,NG,4.0804,2.0,0.0,0.0,1.0,0.0,0.0,0.45,0.0,1
33.32,EUR,Netflix,NG,3.5358,1.0,0.0,0.0,0.0,1.0,0.0,1.0,0.0,1
1654.42,GBP,Netflix,NG,7.4118,1.0,1.0,0.0,0.0,0.0,1.0,0.0,0.0,0
8.49,EUR,Apple,NG,2.2507,1.0,0.0,0.0,0.0,0.0,0.0,1.0,0.0,0
65.99,GBP,Apple,NG,4.2046,1.0,0.0,0.0,0.0,0.0,1.0,0.0,0.0,0
11.45,GBP,Netflix,NG,2.5216,1.0,0.0,0.0,0.0,0.0,1.0,0.0,0.0,0
67.78,GBP,Apple,CN,4.2309,1.0,0.0,0.0,0.0,0.0,0.0,0.45,1.0,0
82.73,USD,Spotify,NG,4.4276,3.0,0.0,0.0,0.0,0.0,1.0,0.0,0.0,1
1054.3,GBP,Netflix,NG,6.9616,2.0,1.0,0.0,0.0,0.0,0.0,0.45,0.0,0
41.36,EUR,Netflix,NG,3.7463,1.0,0.0,0.0,0.0,0.0,0.0,0.0,0.0,0
1202.07,EUR,Anonymous Crypto Mix,RU,7.0926,2.0,1.0,0.0,1.0,0.0,0.0,0.45,1.0,0
766.01,USD,Shopify Merchant,NG,6.6425,1.0,1.0,0.0,0.0,0.0,1.0,1.0,0.0,1
43.45,EUR,Netflix,NG,3.7943,2.0,0.0,0.0,0.0,0.0,0.0,0.0,0.0,0
38.37,USD,Shopify Merchant,NG,3.6729,2.0,0.0,0.0,0.0,0.0,1.0,0.45,0.0,0
8.55,EUR,Netflix,NG,2.2568,1.0,0.0,0.0,0.0,0.0,0.0,1.0,0.0,1
3574.76,EUR,Stripe Demo Store,NG,8.1819,1.0,1.0,1.0,0.0,0.0,1.0,0.45,0.0,1
1209.48,USD,Apple,NG,7.0988,8.0,1.0,0.0,0.0,0.0,0.0,1.0,0.0,1
26.82,USD,Apple,CN,3.3257,2.0,0.0,0.0,0.0,0.0,0.0,1.0,1.0,1
5.37,EUR,Amazon,DE,1.8523,2.0,0.0,0.0,0.0,0.0,0.0,0.0,1.0,0
44.32,USD,Dark Web Market,NG,3.8136,1.0,0.0,0.0,1.0,0.0,0.0,0.45,0.0,1
45.97,EUR,Spotify,NG,3.8494,1.0,0.0,0.0,0.0,0.0,1.0,0.0,0.0,1
2738.26,GBP,Shopify Merchant,NG,7.9154,1.0,1.0,1.0,0.0,1.0,0.0,0.0,0.0,1
1077.22,USD,Netflix,US,6.9831,6.0,1.0,0.0,0.0,0.0,0.0,0.45,1.0,1
17.25,GBP,Apple,NG,2.9044,1.0,0.0,0.0,0.0,0.0,0.0,0.0,0.0,1
1252.0,USD,Spotify,NG,7.1333,1.0,1.0,0.0,0.0,1.0,0.0,0.45,0.0,0
9.0,USD,Amazon,RU,2.3023,10.0,0.0,0.0,0.0,0.0,0.0,0.0,1.0,1
844.04,GBP,Shopify Merchant,NG,6.7394,2.0,1.0,0.0,0.0,1.0,1.0,0.0,0.0,1
6.37,USD,Apple,DE,1.997,1.0,0.0,0.0,0.0,0.0,0.0,0.0,1.0,0
5.58,EUR,Shopify Merchant,NG,1.8839,2.0,0.0,0.0,0.0,1.0,0.0,0.0,0.0,0
5809.69,EUR,Shopify Merchant,NG,8.6675,2.0,1.0,1.0,0.0,0.0,1.0,0.0,0.0,1
17.32,GBP,Apple,NG,2.9082,6.0,0.0,0.0,0.0,0.0,0.0,0.0,0.0,0
24.3,GBP,Shopify Merchant,NG,3.2309,1.0,0.0,0.0,0.0,0.0,0.0,0.45,0.0,1
8579.12,EUR,Gambling Anonymous Hub,NG,9.0572,3.0,1.0,1.0,1.0,0.0,0.0,0.45,0.0,1
75.19,EUR,Stripe Demo Store,NG,4.3332,1.0,0.0,0.0,0.0,0.0,1.0,0.45,0.0,0
22.48,USD,Amazon,NG,3.156,3.0,0.0,0.0,0.0,0.0,0.0,0.45,0.0,1
23.64,USD,Netflix,NG,3.2044,4.0,0.0,0.0,0.0,0.0,0.0,1.0,0.0,1
23.06,EUR,Shopify Merchant,NG,3.1805,4.0,0.0,0.0,0.0,0.0,1.0,0.0,0.0,0
40.53,USD,XXX Test Casino,NG,3.7264,4.0,0.0,0.0,1.0,0.0,1.0,0.45,0.0,1
30.06,GBP,Apple,NG,3.4359,3.0,0.0,0.0,0.0,0.0,0.0,0.0,0.0,1
1041.03,USD,Apple,RU,6.9489,1.0,1.0,0.0,0.0,0.0,0.0,0.0,1.0,1
33.62,EUR,Amazon,NG,3.5445,1.0,0.0,0.0,0.0,0.0,1.0,0.45,0.0,1
5.6,EUR,Netflix,NG,1.8871,1.0,0.0,0.0,0.0,0.0,0.0,0.45,0.0,0
907.69,USD,Shopify Merchant,DE,6.812,2.0,1.0,0.0,0.0,1.0,0.0,0.0,1.0,1
19.04,USD,Netflix,DE,2.9979,1.0,0.0,0.0,0.0,0.0,1.0,0.0,1.0,1
2258.81,EUR,Stripe Demo Store,DE,7.723,3.0,1.0,0.0,0.0,0.0,0.0,0.0,1.0,1
30.14,EUR,XXX Test Casino,NG,3.4385,3.0,0.0,0.0,1.0,0.0,0.0,1.0,0.0,1
8215.32,USD,Shopify Merchant,NG,9.0139,8.0,1.0,1.0,0.0,0.0,1.0,0.0,0.0,1
30.18,USD,Apple,NG,3.4399,1.0,0.0,0.0,0.0,0.0,1.0,0.0,0.0,0
8.4,EUR,Amazon,US,2.2406,3.0,0.0,0.0,0.0,0.0,0.0,0.0,1.0,0
1927.54,USD,Spotify,NG,7.5645,3.0,1.0,0.0,0.0,0.0,1.0,1.0,0.0,1
7.86,USD,Spotify,NG,2.1811,8.0,0.0,0.0,0.0,0.0,0.0,0.0,0.0,1
26.33,EUR,Netflix,NG,3.3081,3.0,0.0,0.0,0.0,1.0,0.0,0.0,0.0,1
5.39,USD,Apple,CN,1.8553,1.0,0.0,0.0,0.0,0.0,0.0,0.0,1.0,1
25.63,GBP,Wallet Drain Services,NG,3.2821,1.0,0.0,0.0,1.0,0.0,0.0,0.45,0.0,1
7.18,USD,Anonymous Crypto Mix,NG,2.102,6.0,0.0,0.0,1.0,0.0,1.0,0.45,0.0,1
15.36,GBP,Amazon,NG,2.7946,3.0,0.0,0.0,0.0,0.0,0.0,0.0,0.0,1
37.58,EUR,Stripe Demo Store,NG,3.6527,3.0,0.0,0.0,0.0,0.0,0.0,0.0,0.0,0
23.55,EUR,Apple,NG,3.2008,3.0,0.0,0.0,0.0,0.0,0.0,0.0,0.0,0
6.35,EUR,Spotify,NG,1.9943,3.0,0.0,0.0,0.0,0.0,1.0,0.0,0.0,0
12.55,GBP,Spotify,NG,2.606,3.0,0.0,0.0,0.0,0.0,0.0,0.0,0.0,1
7.02,USD,Dark Web Market,NG,2.0822,5.0,0.0,0.0,1.0,1.0,1.0,0.45,0.0,1
6.13,USD,Amazon,NG,1.9647,5.0,0.0,0.0,0.0,0.0,0.0,0.45,0.0,1
21.81,GBP,Amazon,US,3.1272,1.0,0.0,0.0,0.0,1.0,1.0,0.0,1.0,0
29.73,EUR,Stripe Demo Store,NG,3.4253,1.0,0.0,0.0,0.0,0.0,0.0,0.0,0.0,0
27.34,EUR,Netflix,NG,3.3443,1.0,0.0,0.0,0.0,0.0,0.0,0.0,0.0,0
30.63,EUR,Spotify,NG,3.454,1.0,0.0,0.0,0.0,0.0,0.0,1.0,0.0,1
19.92,EUR,Shopify Merchant,NG,3.0406,4.0,0.0,0.0,0.0,0.0,1.0,1.0,0.0,0
16.59,GBP,Shopify Merchant,NG,2.8672,4.0,0.0,0.0,0.0,0.0,0.0,0.0,0.0,1
9.48,EUR,Netflix,NG,2.3492,1.0,0.0,0.0,0.0,1.0,0.0,0.0,0.0,0
14.76,USD,Amazon,CN,2.7575,1.0,0.0,0.0,0.0,0.0,0.0,0.0,1.0,1
2094.99,GBP,Stripe Demo Store,NG,7.6478,2.0,1.0,0.0,0.0,1.0,0.0,0.0,0.0,1
11.12,USD,Apple,NG,2.4945,4.0,0.0,0.0,0.0,0.0,0.0,0.0,0.0,0
21.38,GBP,Amazon,NG,3.108,2.0,0.0,0.0,0.0,0.0,0.0,0.0,0.0,0
18.5,EUR,Spotify,NG,2.9702,1.0,0.0,0.0,0.0,0.0,0.0,0.0,0.0,0
171.62,EUR,Spotify,NG,5.1511,1.0,0.0,0.0,0.0,0.0,0.0,0.0,0.0,0
7.83,GBP,Apple,NG,2.1781,2.0,0.0,0.0,0.0,0.0,1.0,0.0,0.0,0
18.4,GBP,Stripe Demo Store,NG,2.9653,2.0,0.0,0.0,0.0,0.0,0.0,0.0,0.0,0
7.41,GBP,Stripe Demo Store,NG,2.1299,4.0,0.0,0.0,0.0,0.0,0.0,0.0,0.0,0
15.31,USD,Apple,NG,2.7918,5.0,0.0,0.0,0.0,0.0,0.0,0.45,0.0,1
633.63,GBP,Spotify,DE,6.453,1.0,1.0,0.0,0.0,0.0,1.0,0.0,1.0,1
6219.77,GBP,Amazon,NG,8.7356,1.0,1.0,1.0,0.0,0.0,1.0,0.0,0.0,1
14.66,EUR,Apple,NG,2.7512,1.0,0.0,0.0,0.0,1.0,1.0,1.0,0.0,1
17.57,EUR,Shopify Merchant,RU,2.9214,1.0,0.0,0.0,0.0,0.0,1.0,0.0,1.0,0
2324.19,USD,Netflix,US,7.7516,1.0,1.0,0.0,0.0,0.0,0.0,0.0,1.0,1
7.53,USD,Dark Web Market,CN,2.1439,1.0,0.0,0.0,1.0,0.0,1.0,0.45,1.0,1
700.7,GBP,Shopify Merchant,NG,6.5535,1.0,1.0,0.0,0.0,0.0,0.0,0.0,0.0,0
15.37,GBP,Shopify Merchant,NG,2.7957,4.0,0.0,0.0,0.0,0.0,0.0,0.0,0.0,0
8397.1,EUR,Shopify Merchant,NG,9.0358,1.0,1.0,1.0,0.0,0.0,1.0,0.45,0.0,1
4523.31,GBP,Shopify Merchant,NG,8.4172,4.0,1.0,1.0,0.0,0.0,0.0,0.0,0.0,1
17.04,USD,Netflix,NG,2.8928,1.0,0.0,0.0,0.0,0.0,0.0,0.45,0.0,0
16.84,GBP,Shopify Merchant,NG,2.8812,1.0,0.0,0.0,0.0,1.0,0.0,0.0,0.0,0
6.02,USD,Shopify Merchant,NG,1.9491,1.0,0.0,0.0,0.0,0.0,1.0,0.0,0.0,1
29.31,EUR,Stripe Demo Store,NG,3.4114,1.0,0.0,0.0,0.0,1.0,1.0,0.0,0.0,1
12.34,USD,Netflix,NG,2.5908,1.0,0.0,0.0,0.0,0.0,1.0,0.0,0.0,0
7167.57,EUR,Apple,CN,8.8775,4.0,1.0,1.0,0.0,0.0,0.0,0.45,1.0,1
50.48,USD,Netflix,NG,3.9411,5.0,0.0,0.0,0.0,0.0,1.0,0.0,0.0,1
17.61,EUR,Netflix,NG,2.9237,1.0,0.0,0.0,0.0,0.0,1.0,0.0,0.0,0
928.39,USD,Spotify,RU,6.8345,1.0,1.0,0.0,0.0,0.0,1.0,1.0,1.0,1
19.85,USD,Stripe Demo Store,NG,3.0375,1.0,0.0,0.0,0.0,0.0,0.0,0.0,0.0,1
25.64,GBP,Amazon,RU,3.2824,3.0,0.0,0.0,0.0,0.0,0.0,1.0,1.0,1
6762.78,USD,Amazon,DE,8.8193,1.0,1.0,1.0,0.0,1.0,1.0,0.0,1.0,1
13.53,EUR,Apple,NG,2.6765,1.0,0.0,0.0,0.0,0.0,1.0,0.0,0.0,0
29.8,EUR,Amazon,CN,3.4275,4.0,0.0,0.0,0.0,1.0,0.0,0.0,1.0,1
28.45,EUR,Stripe Demo Store,NG,3.3828,4.0,0.0,0.0,0.0,0.0,0.0,0.0,0.0,0
3556.19,EUR,XXX Test Casino,RU,8.1767,2.0,1.0,1.0,1.0,0.0,1.0,0.45,1.0,1
6.31,GBP,Apple,NG,1.9893,1.0,0.0,0.0,0.0,0.0,1.0,0.0,0.0,1
27.65,EUR,Anonymous Crypto Mix,CN,3.355,1.0,0.0,0.0,1.0,0.0,1.0,0.45,1.0,0
11.74,EUR,XXX Test Casino,NG,2.5446,1.0,0.0,0.0,1.0,0.0,0.0,0.45,0.0,1
23.34,USD,Apple,NG,3.192,2.0,0.0,0.0,0.0,0.0,0.0,0.0,0.0,0
6620.89,USD,Shopify Merchant,NG,8.7981,3.0,1.0,1.0,0.0,0.0,0.0,0.0,0.0,1
5.35,GBP,Spotify,NG,1.849,1.0,0.0,0.0,0.0,0.0,0.0,0.45,0.0,0
6792.71,USD,Apple,NG,8.8238,5.0,1.0,1.0,0.0,0.0,0.0,0.0,0.0,1
28.79,USD,Stripe Demo Store,DE,3.3943,2.0,0.0,0.0,0.0,1.0,0.0,0.0,1.0,1
31.37,USD,Apple,NG,3.4774,3.0,0.0,0.0,0.0,0.0,0.0,0.0,0.0,0
765.06,GBP,Anonymous Crypto Mix,NG,6.6413,1.0,1.0,0.0,1.0,0.0,1.0,0.45,0.0,0
5.03,USD,Apple,NG,1.7972,1.0,0.0,0.0,0.0,1.0,0.0,0.0,0.0,0
49.1,USD,Shopify Merchant,CN,3.9141,1.0,0.0,0.0,0.0,0.0,0.0,0.0,1.0,0
1964.96,GBP,Shopify Merchant,CN,7.5837,3.0,1.0,0.0,0.0,1.0,1.0,0.0,1.0,1
8.65,GBP,Netflix,NG,2.2671,1.0,0.0,0.0,0.0,0.0,0.0,0.0,0.0,1
11.57,EUR,Spotify,NG,2.5315,1.0,0.0,0.0,0.0,0.0,1.0,0.0,0.0,0
6736.27,USD,XXX Test Casino,NG,8.8154,3.0,1.0,1.0,1.0,0.0,1.0,1.0,0.0,1
32.33,EUR,Dark Web Market,NG,3.5063,3.0,0.0,0.0,1.0,0.0,0.0,0.45,0.0,1
14.27,GBP,Apple,NG,2.7261,2.0,0.0,0.0,0.0,0.0,0.0,0.0,0.0,1
35.8,EUR,Netflix,NG,3.6054,2.0,0.0,0.0,0.0,0.0,0.0,0.0,0.0,0
5.73,GBP,Shopify Merchant,CN,1.906,2.0,0.0,0.0,0.0,0.0,1.0,0.45,1.0,1
9.68,EUR,Spotify,NG,2.3686,2.0,0.0,0.0,0.0,0.0,1.0,0.0,0.0,0
5.0,GBP,Stripe Demo Store,NG,1.7918,1.0,0.0,0.0,0.0,0.0,0.0,0.0,0.0,0
10.72,EUR,Amazon,NG,2.461,1.0,0.0,0.0,0.0,0.0,0.0,0.0,0.0,0
57.72,EUR,Apple,NG,4.0728,1.0,0.0,0.0,0.0,0.0,1.0,0.0,0.0,1
84.81,EUR,Wallet Drain Services,NG,4.4522,1.0,0.0,0.0,1.0,0.0,0.0,1.0,0.0,1
23.67,GBP,Netflix,NG,3.2056,2.0,0.0,0.0,0.0,0.0,1.0,0.45,0.0,1
12.85,USD,Spotify,CN,2.6281,2.0,0.0,0.0,0.0,1.0,0.0,0.0,1.0,1
17.2,EUR,Spotify,CN,2.9014,1.0,0.0,0.0,0.0,0.0,0.0,0.0,1.0,0
27.98,USD,Shopify Merchant,DE,3.3665,3.0,0.0,0.0,0.0,0.0,1.0,0.45,1.0,1
6.73,EUR,Apple,US,2.0445,3.0,0.0,0.0,0.0,0.0,0.0,0.0,1.0,0
1093.5,USD,Spotify,NG,6.9981,2.0,1.0,0.0,0.0,0.0,0.0,0.45,0.0,1
54.84,EUR,Stripe Demo Store,NG,4.0225,5.0,0.0,0.0,0.0,1.0,1.0,0.0,0.0,1
9.66,EUR,Apple,NG,2.3665,1.0,0.0,0.0,0.0,0.0,0.0,0.0,0.0,0
671.87,USD,Stripe Demo Store,NG,6.5116,1.0,1.0,0.0,0.0,0.0,0.0,1.0,0.0,1
20.27,USD,Netflix,NG,3.0574,1.0,0.0,0.0,0.0,0.0,0.0,0.0,0.0,1
24.49,USD,Amazon,NG,3.2382,2.0,0.0,0.0,0.0,0.0,1.0,0.0,0.0,0
12.97,USD,Spotify,NG,2.6368,1.0,0.0,0.0,0.0,0.0,1.0,0.0,0.0,0
21.2,USD,Apple,RU,3.1,4.0,0.0,0.0,0.0,0.0,0.0,0.0,1.0,1
30.74,EUR,Spotify,NG,3.4576,1.0,0.0,0.0,0.0,0.0,1.0,0.45,0.0,0
735.26,EUR,Stripe Demo Store,NG,6.6016,2.0,1.0,0.0,0.0,0.0,0.0,0.0,0.0,1
18.39,GBP,Netflix,NG,2.9646,2.0,0.0,0.0,0.0,1.0,0.0,0.0,0.0,1
2171.1,EUR,Dark Web Market,NG,7.6835,1.0,1.0,0.0,1.0,0.0,1.0,0.45,0.0,1
3192.69,USD,Spotify,NG,8.0689,3.0,1.0,1.0,0.0,0.0,1.0,0.45,0.0,1
13.68,USD,Netflix,NG,2.6862,2.0,0.0,0.0,0.0,0.0,0.0,0.0,0.0,1
7.95,USD,Amazon,NG,2.1915,3.0,0.0,0.0,0.0,1.0,0.0,1.0,0.0,1
23.93,GBP,Apple,NG,3.2161,2.0,0.0,0.0,0.0,0.0,1.0,0.0,0.0,0
3867.23,GBP,Wallet Drain Services,NG,8.2606,2.0,1.0,1.0,1.0,1.0,0.0,0.45,0.0,1
25.86,GBP,Spotify,NG,3.2907,1.0,0.0,0.0,0.0,0.0,0.0,0.0,0.0,0
18.77,USD,Gambling Anonymous Hub,NG,2.984,3.0,0.0,0.0,1.0,1.0,0.0,1.0,0.0,1
7.29,USD,Shopify Merchant,DE,2.1147,1.0,0.0,0.0,0.0,0.0,1.0,0.45,1.0,0
19.28,USD,Amazon,NG,3.0097,1.0,0.0,0.0,0.0,0.0,1.0,0.45,0.0,0
47.62,USD,Netflix,NG,3.884,1.0,0.0,0.0,0.0,0.0,1.0,0.0,0.0,0
8.47,EUR,Spotify,NG,2.2478,2.0,0.0,0.0,0.0,0.0,0.0,0.45,0.0,0
16.92,GBP,Netflix,NG,2.8861,1.0,0.0,0.0,0.0,0.0,1.0,0.0,0.0,0
5870.58,GBP,Gambling Anonymous Hub,NG,8.6779,10.0,1.0,1.0,1.0,0.0,1.0,0.45,0.0,1
12.32,USD,Netflix,RU,2.5896,1.0,0.0,0.0,0.0,0.0,0.0,1.0,1.0,0
23.89,GBP,Spotify,NG,3.2145,1.0,0.0,0.0,0.0,0.0,0.0,0.45,0.0,1
27.39,USD,Stripe Demo Store,NG,3.3462,1.0,0.0,0.0,0.0,1.0,0.0,0.0,0.0,0
27.19,EUR,Netflix,US,3.3391,1.0,0.0,0.0,0.0,1.0,0.0,0.0,1.0,0
10.14,GBP,Amazon,NG,2.4103,1.0,0.0,0.0,0.0,0.0,0.0,0.0,0.0,0
6.35,GBP,Shopify Merchant,NG,1.9941,3.0,0.0,0.0,0.0,0.0,0.0,0.0,0.0,1
24.14,GBP,Apple,NG,3.2243,1.0,0.0,0.0,0.0,1.0,1.0,0.0,0.0,1
14.1,EUR,Netflix,CN,2.7144,1.0,0.0,0.0,0.0,0.0,0.0,1.0,1.0,1
72.73,USD,Stripe Demo Store,DE,4.3005,1.0,0.0,0.0,0.0,0.0,0.0,0.0,1.0,1
75.13,EUR,Netflix,NG,4.3324,1.0,0.0,0.0,0.0,1.0,0.0,0.0,0.0,0
80.92,GBP,Netflix,NG,4.4058,6.0,0.0,0.0,0.0,0.0,0.0,0.0,0.0,1
10.4,EUR,Apple,NG,2.4337,1.0,0.0,0.0,0.0,0.0,1.0,0.0,0.0,0
29.92,EUR,Stripe Demo Store,NG,3.4314,3.0,0.0,0.0,0.0,0.0,0.0,0.0,0.0,0
36.95,EUR,Netflix,NG,3.6364,2.0,0.0,0.0,0.0,1.0,1.0,0.45,0.0,1
34.15,EUR,Stripe Demo Store,NG,3.5597,1.0,0.0,0.0,0.0,1.0,0.0,0.0,0.0,0
778.28,EUR,Apple,NG,6.6584,4.0,1.0,0.0,0.0,0.0,1.0,0.0,0.0,1
6144.71,USD,Shopify Merchant,NG,8.7235,1.0,1.0,1.0,0.0,0.0,1.0,0.0,0.0,1
4938.07,GBP,Wallet Drain Services,NG,8.5049,4.0,1.0,1.0,1.0,0.0,1.0,0.45,0.0,1
21.97,GBP,Spotify,NG,3.1342,2.0,0.0,0.0,0.0,1.0,1.0,0.0,0.0,0
6.84,GBP,Netflix,CN,2.0599,1.0,0.0,0.0,0.0,1.0,0.0,0.0,1.0,0
31.54,USD,Shopify Merchant,DE,3.4825,5.0,0.0,0.0,0.0,1.0,1.0,1.0,1.0,1
2221.81,EUR,Apple,CN,7.7065,1.0,1.0,0.0,0.0,0.0,0.0,0.0,1.0,0
2070.15,EUR,Amazon,NG,7.6359,8.0,1.0,0.0,0.0,0.0,0.0,0.0,0.0,1
2196.29,USD,Stripe Demo Store,NG,7.695,5.0,1.0,0.0,0.0,0.0,0.0,0.45,0.0,1
778.71,EUR,Spotify,NG,6.6589,1.0,1.0,0.0,0.0,0.0,0.0,0.0,0.0,0
19.45,EUR,Apple,NG,3.0181,1.0,0.0,0.0,0.0,0.0,1.0,0.45,0.0,0
1104.03,GBP,Spotify,NG,7.0076,3.0,1.0,0.0,0.0,0.0,1.0,0.0,0.0,1
2186.03,USD,Shopify Merchant,NG,7.6903,1.0,1.0,0.0,0.0,0.0,1.0,0.0,0.0,1
7.25,EUR,Amazon,NG,2.1105,3.0,0.0,0.0,0.0,0.0,0.0,0.0,0.0,1
3929.64,USD,XXX Test Casino,NG,8.2766,1.0,1.0,1.0,1.0,1.0,0.0,0.45,0.0,1
11.4,USD,Stripe Demo Store,NG,2.5178,1.0,0.0,0.0,0.0,0.0,1.0,0.0,0.0,0
3077.85,EUR,Netflix,NG,8.0323,2.0,1.0,1.0,0.0,1.0,1.0,0.0,0.0,1
1891.5,USD,Apple,US,7.5457,3.0,1.0,0.0,0.0,0.0,0.0,0.0,1.0,1
24.49,GBP,Apple,NG,3.2384,3.0,0.0,0.0,0.0,1.0,0.0,0.0,0.0,1
18.77,EUR,Spotify,NG,2.9843,2.0,0.0,0.0,0.0,0.0,0.0,0.0,0.0,0
5.0,GBP,Shopify Merchant,NG,1.7918,1.0,0.0,0.0,0.0,0.0,1.0,0.0,0.0,0
1658.26,USD,Netflix,NG,7.4141,1.0,1.0,0.0,0.0,0.0,0.0,0.0,0.0,1
904.1,EUR,Spotify,DE,6.808,1.0,1.0,0.0,0.0,0.0,0.0,0.45,1.0,0
14.64,USD,Netflix,NG,2.7501,1.0,0.0,0.0,0.0,0.0,0.0,1.0,0.0,1
584.77,GBP,Shopify Merchant,NG,6.3729,1.0,1.0,0.0,0.0,0.0,0.0,0.0,0.0,1
41.68,GBP,Stripe Demo Store,NG,3.7538,2.0,0.0,0.0,0.0,0.0,0.0,0.0,0.0,0
35.05,USD,Spotify,CN,3.585,1.0,0.0,0.0,0.0,0.0,1.0,0.0,1.0,1
41.07,EUR,Amazon,NG,3.7393,1.0,0.0,0.0,0.0,0.0,1.0,0.0,0.0,1
5.0,EUR,Shopify Merchant,NG,1.7918,2.0,0.0,0.0,0.0,0.0,0.0,0.0,0.0,0
67.59,USD,Spotify,CN,4.2282,1.0,0.0,0.0,0.0,0.0,0.0,0.45,1.0,0
31.36,USD,Spotify,RU,3.4769,8.0,0.0,0.0,0.0,1.0,0.0,1.0,1.0,1
112.51,GBP,Shopify Merchant,RU,4.7319,1.0,0.0,0.0,0.0,0.0,1.0,0.0,1.0,0
11.62,USD,Amazon,NG,2.535,1.0,0.0,0.0,0.0,0.0,1.0,0.0,0.0,0
1395.81,USD,Wallet Drain Services,RU,7.2419,4.0,1.0,0.0,1.0,0.0,1.0,0.45,1.0,1
20.19,USD,Amazon,NG,3.0534,2.0,0.0,0.0,0.0,0.0,0.0,0.0,0.0,0
2249.81,EUR,Spotify,NG,7.719,3.0,1.0,0.0,0.0,1.0,1.0,0.45,0.0,1
31.74,GBP,Shopify Merchant,NG,3.4886,1.0,0.0,0.0,0.0,0.0,0.0,0.0,0.0,0
42.63,GBP,Stripe Demo Store,NG,3.7756,1.0,0.0,0.0,0.0,0.0,0.0,0.0,0.0,1
18.89,GBP,Amazon,US,2.9905,2.0,0.0,0.0,0.0,0.0,0.0,0.0,1.0,0
16.97,GBP,Amazon,NG,2.8888,1.0,0.0,0.0,0.0,0.0,0.0,0.0,0.0,0
28.96,EUR,Apple,NG,3.3999,2.0,0.0,0.0,0.0,0.0,0.0,0.0,0.0,0
16.79,EUR,Amazon,NG,2.8784,1.0,0.0,0.0,0.0,0.0,1.0,0.0,0.0,1
15.83,USD,Spotify,CN,2.8233,1.0,0.0,0.0,0.0,0.0,1.0,0.0,1.0,0
41.51,EUR,XXX Test Casino,NG,3.7498,1.0,0.0,0.0,1.0,0.0,1.0,0.45,0.0,0
48.51,EUR,Stripe Demo Store,CN,3.9022,3.0,0.0,0.0,0.0,1.0,0.0,0.45,1.0,1
42.9,GBP,Amazon,CN,3.7818,1.0,0.0,0.0,0.0,0.0,0.0,0.0,1.0,1
1471.92,USD,Wallet Drain Services,NG,7.295,8.0,1.0,0.0,1.0,0.0,1.0,0.45,0.0,1
5.0,USD,Netflix,NG,1.7918,1.0,0.0,0.0,0.0,0.0,0.0,0.0,0.0,1
4177.7,GBP,Wallet Drain Services,NG,8.3378,2.0,1.0,1.0,1.0,0.0,1.0,0.45,0.0,1
1181.14,GBP,Shopify Merchant,NG,7.0751,1.0,1.0,0.0,0.0,0.0,1.0,0.0,0.0,1
2560.35,GBP,Spotify,NG,7.8483,2.0,1.0,1.0,0.0,0.0,0.0,0.45,0.0,1
1292.99,EUR,Amazon,NG,7.1655,3.0,1.0,0.0,0.0,1.0,0.0,1.0,0.0,1
19.8,EUR,Apple,NG,3.0348,2.0,0.0,0.0,0.0,0.0,1.0,0.0,0.0,0
9.7,EUR,Spotify,NG,2.3706,1.0,0.0,0.0,0.0,1.0,0.0,1.0,0.0,0
8.19,EUR,Shopify Merchant,NG,2.2186,3.0,0.0,0.0,0.0,1.0,0.0,0.0,0.0,1
1568.08,GBP,Apple,NG,7.3582,1.0,1.0,0.0,0.0,0.0,0.0,0.0,0.0,1
10.19,GBP,Shopify Merchant,DE,2.4149,2.0,0.0,0.0,0.0,0.0,0.0,0.0,1.0,1
20.09,USD,Netflix,NG,3.0488,3.0,0.0,0.0,0.0,0.0,0.0,0.0,0.0,1
2886.37,GBP,Spotify,DE,7.9681,1.0,1.0,1.0,0.0,0.0,1.0,0.0,1.0,1
38.09,EUR,Stripe Demo Store,NG,3.6659,2.0,0.0,0.0,0.0,0.0,0.0,0.0,0.0,0
35.04,USD,Shopify Merchant,NG,3.5845,3.0,0.0,0.0,0.0,0.0,0.0,0.0,0.0,0
1863.63,EUR,Amazon,RU,7.5308,1.0,1.0,0.0,0.0,0.0,1.0,0.0,1.0,0
33.34,GBP,Netflix,NG,3.5364,1.0,0.0,0.0,0.0,0.0,0.0,0.0,0.0,1
52.52,EUR,Netflix,NG,3.98,1.0,0.0,0.0,0.0,0.0,0.0,0.0,0.0,1
1905.22,GBP,Netflix,RU,7.5529,3.0,1.0,0.0,0.0,0.0,0.0,0.0,1.0,1
5.55,EUR,Apple,NG,1.8796,2.0,0.0,0.0,0.0,0.0,0.0,0.0,0.0,0
13.87,USD,Spotify,NG,2.6996,1.0,0.0,0.0,0.0,0.0,0.0,0.0,0.0,0
32.7,EUR,Apple,NG,3.5176,1.0,0.0,0.0,0.0,0.0,0.0,1.0,0.0,1
12.95,USD,Shopify Merchant,NG,2.6354,1.0,0.0,0.0,0.0,0.0,0.0,0.0,0.0,0
62.43,GBP,Spotify,NG,4.15,1.0,0.0,0.0,0.0,0.0,0.0,0.0,0.0,1
5929.38,USD,Anonymous Crypto Mix,NG,8.6878,1.0,1.0,1.0,1.0,0.0,0.0,0.45,0.0,1
1948.98,USD,Stripe Demo Store,US,7.5756,1.0,1.0,0.0,0.0,0.0,0.0,0.0,1.0,0
44.14,USD,Netflix,RU,3.8097,1.0,0.0,0.0,0.0,0.0,0.0,0.45,1.0,1
17.67,USD,Apple,NG,2.927,2.0,0.0,0.0,0.0,0.0,0.0,0.0,0.0,0
22.72,USD,Stripe Demo Store,NG,3.1665,2.0,0.0,0.0,0.0,0.0,0.0,0.0,0.0,0
37.69,EUR,Apple,RU,3.6556,1.0,0.0,0.0,0.0,1.0,0.0,0.0,1.0,1
7.17,USD,Spotify,NG,2.1,2.0,0.0,0.0,0.0,0.0,0.0,0.0,0.0,0
16.45,GBP,Spotify,CN,2.8593,1.0,0.0,0.0,0.0,0.0,0.0,0.0,1.0,1
35.89,USD,Netflix,NG,3.6079,1.0,0.0,0.0,0.0,0.0,1.0,0.0,0.0,0
2521.82,EUR,XXX Test Casino,NG,7.8331,8.0,1.0,1.0,1.0,0.0,0.0,0.45,0.0,1
56.1,EUR,Stripe Demo Store,NG,4.0448,2.0,0.0,0.0,0.0,0.0,0.0,0.0,0.0,1
1141.54,GBP,Netflix,US,7.041,1.0,1.0,0.0,0.0,0.0,1.0,0.0,1.0,1
6.15,EUR,Netflix,NG,1.9676,1.0,0.0,0.0,0.0,0.0,0.0,0.0,0.0,1
7606.11,GBP,Netflix,NG,8.9368,2.0,1.0,1.0,0.0,0.0,1.0,0.0,0.0,1
36.82,EUR,Amazon,NG,3.6329,1.0,0.0,0.0,0.0,0.0,0.0,0.0,0.0,0
17.54,GBP,Spotify,NG,2.9202,6.0,0.0,0.0,0.0,0.0,1.0,0.0,0.0,1
2743.85,USD,Gambling Anonymous Hub,US,7.9175,1.0,1.0,1.0,1.0,0.0,1.0,1.0,1.0,1
8549.21,EUR,Stripe Demo Store,NG,9.0537,1.0,1.0,1.0,0.0,1.0,1.0,0.0,0.0,1
11.36,USD,Netflix,NG,2.5146,2.0,0.0,0.0,0.0,1.0,0.0,0.0,0.0,1
12.25,USD,Amazon,NG,2.5837,2.0,0.0,0.0,0.0,1.0,0.0,0.0,0.0,0
22.94,EUR,Stripe Demo Store,NG,3.1755,2.0,0.0,0.0,0.0,0.0,0.0,0.45,0.0,0
37.82,EUR,Shopify Merchant,NG,3.659,5.0,0.0,0.0,0.0,0.0,0.0,0.45,0.0,1
8.88,GBP,XXX Test Casino,DE,2.2905,5.0,0.0,0.0,1.0,0.0,1.0,0.45,1.0,1
1082.45,EUR,Spotify,RU,6.9879,1.0,1.0,0.0,0.0,0.0,0.0,0.0,1.0,1
16.93,EUR,Spotify,NG,2.8864,1.0,0.0,0.0,0.0,0.0,0.0,0.0,0.0,0
26.91,USD,Amazon,NG,3.3291,1.0,0.0,0.0,0.0,0.0,0.0,0.45,0.0,0
19.96,EUR,Gambling Anonymous Hub,NG,3.0428,2.0,0.0,0.0,1.0,1.0,1.0,0.45,0.0,0
13.71,USD,Apple,NG,2.6883,2.0,0.0,0.0,0.0,0.0,0.0,1.0,0.0,0
48.13,EUR,Apple,NG,3.8946,1.0,0.0,0.0,0.0,0.0,0.0,0.45,0.0,0
13.77,USD,Amazon,NG,2.6926,6.0,0.0,0.0,0.0,0.0,0.0,0.0,0.0,0
16.37,EUR,XXX Test Casino,NG,2.8548,1.0,0.0,0.0,1.0,0.0,0.0,0.45,0.0,1
6.59,EUR,Amazon,NG,2.0272,3.0,0.0,0.0,0.0,0.0,0.0,0.0,0.0,0
4455.58,GBP,Wallet Drain Services,NG,8.4021,4.0,1.0,1.0,1.0,0.0,0.0,0.45,0.0,1
1306.27,GBP,Amazon,DE,7.1757,1.0,1.0,0.0,0.0,0.0,0.0,0.0,1.0,1
1398.95,USD,Apple,CN,7.2442,1.0,1.0,0.0,0.0,0.0,0.0,0.0,1.0,1
30.56,GBP,Dark Web Market,NG,3.4519,1.0,0.0,0.0,1.0,0.0,1.0,1.0,0.0,1
29.54,GBP,Stripe Demo Store,NG,3.419,5.0,0.0,0.0,0.0,0.0,0.0,0.0,0.0,1
86.61,EUR,Netflix,RU,4.4729,1.0,0.0,0.0,0.0,0.0,1.0,0.0,1.0,0
11.9,USD,Apple,NG,2.5572,4.0,0.0,0.0,0.0,0.0,0.0,0.0,0.0,1
6.47,GBP,Stripe Demo Store,NG,2.0102,2.0,0.0,0.0,0.0,0.0,0.0,0.0,0.0,1
9.63,EUR,Apple,NG,2.3634,2.0,0.0,0.0,0.0,0.0,1.0,0.45,0.0,1
12.27,USD,Shopify Merchant,RU,2.5858,5.0,0.0,0.0,0.0,0.0,1.0,0.45,1.0,1
10.16,GBP,Apple,NG,2.4119,1.0,0.0,0.0,0.0,0.0,0.0,0.0,0.0,0
21.45,EUR,Spotify,RU,3.1111,3.0,0.0,0.0,0.0,0.0,0.0,0.45,1.0,1
48.27,GBP,Apple,NG,3.8974,1.0,0.0,0.0,0.0,0.0,1.0,0.0,0.0,0
59.01,USD,Netflix,NG,4.0946,1.0,0.0,0.0,0.0,0.0,0.0,0.0,0.0,1
28.59,USD,Stripe Demo Store,NG,3.3874,1.0,0.0,0.0,0.0,0.0,0.0,0.0,0.0,0
89.92,EUR,Stripe Demo Store,NG,4.51,1.0,0.0,0.0,0.0,0.0,1.0,0.45,0.0,1
15.65,EUR,Spotify,US,2.8125,3.0,0.0,0.0,0.0,0.0,1.0,0.0,1.0,1
6.41,GBP,Stripe Demo Store,NG,2.0023,1.0,0.0,0.0,0.0,0.0,1.0,0.0,0.0,0
1332.56,GBP,Stripe Demo Store,NG,7.1956,2.0,1.0,0.0,0.0,0.0,0.0,0.0,0.0,0
5.55,GBP,Apple,NG,1.8788,1.0,0.0,0.0,0.0,0.0,1.0,0.45,0.0,0
11.84,EUR,Amazon,DE,2.5526,2.0,0.0,0.0,0.0,0.0,0.0,0.45,1.0,0
3703.38,GBP,Amazon,US,8.2173,3.0,1.0,1.0,0.0,1.0,1.0,1.0,1.0,1
18.7,GBP,Shopify Merchant,NG,2.9804,2.0,0.0,0.0,0.0,0.0,1.0,0.0,0.0,1
2194.26,GBP,Amazon,NG,7.6941,8.0,1.0,0.0,0.0,0.0,0.0,0.0,0.0,1
1448.14,GBP,Gambling Anonymous Hub,RU,7.2787,1.0,1.0,0.0,1.0,0.0,1.0,0.45,1.0,1
19.93,EUR,Amazon,NG,3.0414,1.0,0.0,0.0,0.0,0.0,1.0,0.0,0.0,1
40.55,EUR,Netflix,NG,3.7269,2.0,0.0,0.0,0.0,0.0,0.0,0.45,0.0,0
20.37,GBP,Stripe Demo Store,NG,3.0619,1.0,0.0,0.0,0.0,0.0,1.0,0.0,0.0,0
7998.95,EUR,Shopify Merchant,NG,8.9872,2.0,1.0,1.0,0.0,0.0,1.0,0.0,0.0,1
8.39,EUR,Apple,US,2.2394,3.0,0.0,0.0,0.0,0.0,1.0,0.0,1.0,1
11.4,GBP,Amazon,NG,2.5174,1.0,0.0,0.0,0.0,0.0,0.0,0.0,0.0,0
26.43,GBP,Spotify,NG,3.3118,5.0,0.0,0.0,0.0,0.0,1.0,0.0,0.0,1
25.55,EUR,XXX Test Casino,NG,3.2789,1.0,0.0,0.0,1.0,0.0,0.0,0.45,0.0,1
1607.89,EUR,Apple,NG,7.3833,2.0,1.0,0.0,0.0,0.0,0.0,0.45,0.0,1
5.0,USD,Stripe Demo Store,NG,1.7918,1.0,0.0,0.0,0.0,1.0,0.0,0.0,0.0,0
965.5,EUR,Apple,NG,6.8737,2.0,1.0,0.0,0.0,0.0,1.0,0.0,0.0,1
1588.66,GBP,Shopify Merchant,NG,7.3713,1.0,1.0,0.0,0.0,1.0,0.0,0.0,0.0,1
10.71,USD,Spotify,NG,2.4608,5.0,0.0,0.0,0.0,0.0,0.0,0.0,0.0,1
32.54,EUR,Amazon,DE,3.5126,5.0,0.0,0.0,0.0,0.0,0.0,0.0,1.0,1
2151.35,EUR,Amazon,NG,7.6743,2.0,1.0,0.0,0.0,0.0,0.0,0.0,0.0,1
1649.51,GBP,Stripe Demo Store,RU,7.4088,2.0,1.0,0.0,0.0,0.0,0.0,0.45,1.0,0
1464.99,USD,Stripe Demo Store,NG,7.2903,2.0,1.0,0.0,0.0,0.0,0.0,0.45,0.0,1
104.63,EUR,Dark Web Market,NG,4.6599,2.0,0.0,0.0,1.0,0.0,1.0,0.45,0.0,1
33.93,USD,Spotify,NG,3.5534,2.0,0.0,0.0,0.0,0.0,1.0,0.0,0.0,1
22.1,USD,Netflix,NG,3.1396,2.0,0.0,0.0,0.0,0.0,0.0,0.0,0.0,0
550.48,EUR,Anonymous Crypto Mix,NG,6.3126,4.0,1.0,0.0,1.0,0.0,1.0,1.0,0.0,1
5.9,EUR,Shopify Merchant,NG,1.9309,2.0,0.0,0.0,0.0,0.0,0.0,0.45,0.0,0
9.16,EUR,Stripe Demo Store,NG,2.318,1.0,0.0,0.0,0.0,0.0,0.0,0.45,0.0,0
5.0,GBP,Netflix,NG,1.7918,5.0,0.0,0.0,0.0,0.0,0.0,0.0,0.0,1
67.42,GBP,Apple,NG,4.2256,1.0,0.0,0.0,0.0,0.0,1.0,0.45,0.0,1
58.51,USD,Amazon,NG,4.0861,1.0,0.0,0.0,0.0,0.0,1.0,0.0,0.0,0
26.44,EUR,Netflix,NG,3.3121,10.0,0.0,0.0,0.0,0.0,0.0,0.0,0.0,1
22.08,USD,Stripe Demo Store,NG,3.1389,1.0,0.0,0.0,0.0,0.0,0.0,0.0,0.0,0
2351.11,USD,Stripe Demo Store,NG,7.7631,1.0,1.0,0.0,0.0,0.0,1.0,0.0,0.0,1
1293.04,USD,Shopify Merchant,NG,7.1655,2.0,1.0,0.0,0.0,1.0,1.0,0.0,0.0,1
70.43,GBP,Amazon,NG,4.2688,4.0,0.0,0.0,0.0,1.0,1.0,0.0,0.0,1
22.02,USD,Stripe Demo Store,NG,3.1364,1.0,0.0,0.0,0.0,0.0,1.0,0.0,0.0,1
3955.75,GBP,Gambling Anonymous Hub,NG,8.2832,2.0,1.0,1.0,1.0,0.0,1.0,0.45,0.0,1
5.87,EUR,Netflix,US,1.9267,1.0,0.0,0.0,0.0,0.0,1.0,0.0,1.0,1
52.78,EUR,Stripe Demo Store,NG,3.985,1.0,0.0,0.0,0.0,1.0,0.0,0.0,0.0,0
19.12,USD,Amazon,DE,3.0019,1.0,0.0,0.0,0.0,0.0,0.0,0.0,1.0,1
5.87,USD,Stripe Demo Store,NG,1.9275,1.0,0.0,0.0,0.0,0.0,1.0,0.0,0.0,0
10.52,GBP,Apple,NG,2.4438,5.0,0.0,0.0,0.0,0.0,0.0,0.0,0.0,1
1204.75,EUR,Shopify Merchant,DE,7.0949,2.0,1.0,0.0,0.0,1.0,0.0,1.0,1.0,1
18.32,USD,Spotify,NG,2.9609,4.0,0.0,0.0,0.0,0.0,0.0,0.0,0.0,1
23.22,GBP,Shopify Merchant,NG,3.1873,5.0,0.0,0.0,0.0,0.0,0.0,0.0,0.0,1
2105.86,USD,Stripe Demo Store,NG,7.653,5.0,1.0,0.0,0.0,0.0,0.0,0.0,0.0,1
6111.48,EUR,Netflix,NG,8.7181,3.0,1.0,1.0,0.0,0.0,0.0,0.0,0.0,1
514.47,EUR,Shopify Merchant,DE,6.2451,1.0,1.0,0.0,0.0,0.0,0.0,0.0,1.0,1
42.25,EUR,Shopify Merchant,NG,3.767,4.0,0.0,0.0,0.0,1.0,0.0,0.45,0.0,0
15.64,EUR,Apple,NG,2.8119,2.0,0.0,0.0,0.0,0.0,0.0,0.45,0.0,0
169.31,EUR,Shopify Merchant,NG,5.1376,1.0,0.0,0.0,0.0,0.0,0.0,0.0,0.0,0
13.53,GBP,Shopify Merchant,NG,2.6762,1.0,0.0,0.0,0.0,0.0,1.0,0.0,0.0,0
10.67,USD,Amazon,NG,2.4572,1.0,0.0,0.0,0.0,0.0,0.0,0.0,0.0,0
9.79,EUR,XXX Test Casino,US,2.3788,2.0,0.0,0.0,1.0,0.0,0.0,0.45,1.0,1
17.33,EUR,Spotify,NG,2.9084,3.0,0.0,0.0,0.0,1.0,1.0,0.45,0.0,0
2353.83,GBP,Amazon,NG,7.7642,2.0,1.0,0.0,0.0,0.0,1.0,0.0,0.0,1
2618.15,GBP,Spotify,NG,7.8706,1.0,1.0,1.0,0.0,0.0,0.0,0.45,0.0,1
5.29,EUR,Spotify,NG,1.8394,1.0,0.0,0.0,0.0,0.0,1.0,0.0,0.0,0
22.49,EUR,Shopify Merchant,NG,3.1567,4.0,0.0,0.0,0.0,0.0,0.0,0.0,0.0,0
7.8,USD,Stripe Demo Store,NG,2.1748,1.0,0.0,0.0,0.0,0.0,1.0,0.0,0.0,1
15.38,GBP,Amazon,NG,2.7961,1.0,0.0,0.0,0.0,0.0,0.0,0.0,0.0,0
30.67,GBP,Dark Web Market,CN,3.4553,3.0,0.0,0.0,1.0,1.0,1.0,0.45,1.0,0
100.77,GBP,Amazon,NG,4.6227,4.0,0.0,0.0,0.0,0.0,0.0,0.0,0.0,1
2074.1,EUR,Apple,NG,7.6378,2.0,1.0,0.0,0.0,0.0,1.0,0.45,0.0,1
18.08,GBP,Amazon,NG,2.9486,2.0,0.0,0.0,0.0,0.0,1.0,0.0,0.0,0
1435.26,EUR,Shopify Merchant,NG,7.2698,1.0,1.0,0.0,0.0,0.0,0.0,0.0,0.0,0
10.93,USD,Apple,NG,2.4787,5.0,0.0,0.0,0.0,0.0,0.0,0.0,0.0,0
12.18,EUR,Stripe Demo Store,US,2.5784,2.0,0.0,0.0,0.0,0.0,1.0,0.0,1.0,0
35.76,USD,Shopify Merchant,NG,3.6044,3.0,0.0,0.0,0.0,0.0,1.0,1.0,0.0,1
14.27,USD,Shopify Merchant,CN,2.7261,1.0,0.0,0.0,0.0,0.0,0.0,0.45,1.0,0
96.98,EUR,Apple,NG,4.5848,2.0,0.0,0.0,0.0,0.0,1.0,0.0,0.0,1
6785.58,EUR,Apple,CN,8.8227,1.0,1.0,1.0,0.0,0.0,0.0,0.0,1.0,1
9.9,USD,Amazon,NG,2.3892,2.0,0.0,0.0,0.0,0.0,0.0,0.0,0.0,0
15.54,USD,Shopify Merchant,US,2.8057,2.0,0.0,0.0,0.0,0.0,0.0,0.0,1.0,0
11.46,EUR,Amazon,NG,2.5224,3.0,0.0,0.0,0.0,1.0,1.0,0.0,0.0,1
35.16,EUR,Spotify,NG,3.5881,1.0,0.0,0.0,0.0,0.0,0.0,0.0,0.0,0
6.38,EUR,Apple,NG,1.9985,4.0,0.0,0.0,0.0,0.0,1.0,0.0,0.0,1
7.86,USD,Netflix,NG,2.1811,1.0,0.0,0.0,0.0,0.0,0.0,0.45,0.0,0
2005.1,EUR,Apple,NG,7.6039,2.0,1.0,0.0,0.0,0.0,0.0,0.0,0.0,0
32.4,EUR,Spotify,US,3.5085,1.0,0.0,0.0,0.0,0.0,0.0,0.45,1.0,0
47.61,USD,Apple,NG,3.8839,1.0,0.0,0.0,0.0,0.0,1.0,0.45,0.0,1
52.79,GBP,Apple,NG,3.9851,5.0,0.0,0.0,0.0,0.0,0.0,0.45,0.0,1
946.83,USD,Stripe Demo Store,NG,6.8542,1.0,1.0,0.0,0.0,0.0,0.0,0.45,0.0,1
18.95,GBP,Amazon,NG,2.9934,5.0,0.0,0.0,0.0,1.0,0.0,0.0,0.0,0
35.03,EUR,Anonymous Crypto Mix,NG,3.5844,1.0,0.0,0.0,1.0,0.0,1.0,0.45,0.0,1
9.01,USD,Shopify Merchant,NG,2.304,2.0,0.0,0.0,0.0,0.0,0.0,0.45,0.0,0
5.52,EUR,Shopify Merchant,RU,1.8752,1.0,0.0,0.0,0.0,1.0,0.0,0.0,1.0,1
27.27,GBP,Wallet Drain Services,NG,3.3417,2.0,0.0,0.0,1.0,0.0,1.0,0.45,0.0,0
1574.43,EUR,Stripe Demo Store,NG,7.3623,5.0,1.0,0.0,0.0,0.0,0.0,1.0,0.0,1
19.19,EUR,Stripe Demo Store,NG,3.0051,2.0,0.0,0.0,0.0,0.0,0.0,0.45,0.0,1
1491.31,GBP,Apple,NG,7.3081,1.0,1.0,0.0,0.0,0.0,0.0,0.0,0.0,0
23.9,EUR,Amazon,RU,3.2147,3.0,0.0,0.0,0.0,0.0,0.0,0.45,1.0,1
1795.42,EUR,Spotify,NG,7.4936,3.0,1.0,0.0,0.0,1.0,0.0,0.45,0.0,1
1667.17,USD,Apple,NG,7.4195,1.0,1.0,0.0,0.0,0.0,0.0,1.0,0.0,1
23.02,EUR,Amazon,NG,3.179,2.0,0.0,0.0,0.0,0.0,0.0,0.0,0.0,1
14.74,USD,Amazon,NG,2.7562,2.0,0.0,0.0,0.0,0.0,1.0,0.0,0.0,0
21.66,GBP,Amazon,US,3.1206,3.0,0.0,0.0,0.0,0.0,1.0,0.45,1.0,1
1085.63,GBP,Netflix,NG,6.9908,1.0,1.0,0.0,0.0,0.0,0.0,0.0,0.0,1
17.51,EUR,Spotify,DE,2.9181,1.0,0.0,0.0,0.0,0.0,0.0,0.0,1.0,0
125.55,EUR,Amazon,NG,4.8407,6.0,0.0,0.0,0.0,0.0,0.0,0.45,0.0,1
22.82,GBP,Amazon,US,3.1704,2.0,0.0,0.0,0.0,0.0,0.0,0.0,1.0,1
867.19,USD,Spotify,NG,6.7664,2.0,1.0,0.0,0.0,0.0,0.0,1.0,0.0,1
12.26,USD,Stripe Demo Store,US,2.5846,8.0,0.0,0.0,0.0,0.0,1.0,1.0,1.0,1
41.02,GBP,Stripe Demo Store,NG,3.7381,1.0,0.0,0.0,0.0,0.0,0.0,0.0,0.0,0
6245.85,USD,Spotify,RU,8.7398,1.0,1.0,1.0,0.0,1.0,1.0,0.0,1.0,0
34.37,GBP,Netflix,NG,3.5658,3.0,0.0,0.0,0.0,0.0,0.0,0.0,0.0,1
1728.7,USD,Apple,NG,7.4557,3.0,1.0,0.0,0.0,0.0,0.0,0.0,0.0,1
41.43,EUR,Netflix,NG,3.7478,6.0,0.0,0.0,0.0,0.0,0.0,0.0,0.0,1
48.92,GBP,Dark Web Market,DE,3.9104,2.0,0.0,0.0,1.0,0.0,1.0,0.45,1.0,1
1253.36,USD,Shopify Merchant,NG,7.1344,1.0,1.0,0.0,0.0,0.0,0.0,0.0,0.0,1
18.54,USD,Stripe Demo Store,DE,2.9723,1.0,0.0,0.0,0.0,0.0,1.0,0.45,1.0,0
37.57,EUR,Amazon,NG,3.6525,1.0,0.0,0.0,0.0,0.0,0.0,0.0,0.0,0
10.67,GBP,Shopify Merchant,NG,2.4567,5.0,0.0,0.0,0.0,0.0,1.0,0.0,0.0,1
12.15,GBP,Netflix,DE,2.5765,1.0,0.0,0.0,0.0,0.0,1.0,0.0,1.0,0
19.35,GBP,Netflix,NG,3.0131,2.0,0.0,0.0,0.0,1.0,1.0,0.0,0.0,1
5.94,USD,Spotify,NG,1.9367,1.0,0.0,0.0,0.0,1.0,1.0,0.0,0.0,1
35.85,GBP,Spotify,NG,3.6068,1.0,0.0,0.0,0.0,0.0,0.0,0.45,0.0,1
10.24,EUR,Shopify Merchant,DE,2.4192,1.0,0.0,0.0,0.0,0.0,1.0,0.0,1.0,1
14.44,EUR,Spotify,CN,2.7369,2.0,0.0,0.0,0.0,0.0,1.0,1.0,1.0,1
17.3,GBP,Shopify Merchant,NG,2.9069,1.0,0.0,0.0,0.0,0.0,0.0,0.0,0.0,0
20.65,GBP,Shopify Merchant,NG,3.0748,6.0,0.0,0.0,0.0,0.0,0.0,0.0,0.0,0
15.79,GBP,Stripe Demo Store,NG,2.8208,5.0,0.0,0.0,0.0,1.0,1.0,0.45,0.0,1
746.9,EUR,Spotify,NG,6.6173,1.0,1.0,0.0,0.0,1.0,1.0,0.0,0.0,1
19.26,EUR,Netflix,NG,3.0089,4.0,0.0,0.0,0.0,0.0,0.0,0.0,0.0,0
14.69,USD,Netflix,CN,2.7529,1.0,0.0,0.0,0.0,0.0,0.0,0.0,1.0,0
11.69,GBP,Amazon,NG,2.5408,1.0,0.0,0.0,0.0,1.0,0.0,0.45,0.0,0
1395.82,USD,Shopify Merchant,NG,7.242,1.0,1.0,0.0,0.0,0.0,1.0,0.0,0.0,0
5.0,EUR,Stripe Demo Store,DE,1.7918,3.0,0.0,0.0,0.0,0.0,0.0,0.0,1.0,1
17.39,EUR,Stripe Demo Store,US,2.9119,2.0,0.0,0.0,0.0,1.0,1.0,0.45,1.0,1
14.47,EUR,Amazon,NG,2.7386,1.0,0.0,0.0,0.0,0.0,0.0,0.0,0.0,1
26.93,EUR,Apple,NG,3.3296,3.0,0.0,0.0,0.0,0.0,1.0,0.45,0.0,1
856.84,USD,Spotify,NG,6.7544,3.0,1.0,0.0,0.0,0.0,1.0,0.0,0.0,1
5254.75,EUR,XXX Test Casino,DE,8.5671,3.0,1.0,1.0,1.0,0.0,1.0,0.45,1.0,1
18.7,USD,Shopify Merchant,RU,2.9805,2.0,0.0,0.0,0.0,0.0,0.0,0.0,1.0,0
1671.5,GBP,Stripe Demo Store,NG,7.4221,3.0,1.0,0.0,0.0,0.0,1.0,0.0,0.0,1
25.34,GBP,Apple,CN,3.2712,2.0,0.0,0.0,0.0,0.0,0.0,0.0,1.0,0
8.77,USD,Netflix,NG,2.2795,1.0,0.0,0.0,0.0,0.0,0.0,1.0,0.0,0
1991.01,GBP,Netflix,US,7.5969,3.0,1.0,0.0,0.0,0.0,1.0,0.0,1.0,1
37.35,EUR,Apple,RU,3.6467,1.0,0.0,0.0,0.0,0.0,0.0,0.0,1.0,0
8.67,EUR,Amazon,NG,2.2687,3.0,0.0,0.0,0.0,0.0,1.0,0.0,0.0,1
19.01,EUR,Amazon,NG,2.9962,2.0,0.0,0.0,0.0,0.0,0.0,0.0,0.0,1
6571.6,EUR,Spotify,NG,8.7907,1.0,1.0,1.0,0.0,0.0,0.0,0.0,0.0,1
15.33,USD,Dark Web Market,NG,2.7931,1.0,0.0,0.0,1.0,0.0,0.0,0.45,0.0,0
132.56,USD,Spotify,US,4.8945,2.0,0.0,0.0,0.0,0.0,1.0,0.0,1.0,1
15.05,EUR,Spotify,NG,2.7754,4.0,0.0,0.0,0.0,0.0,1.0,0.0,0.0,1
27.52,GBP,Spotify,RU,3.3505,4.0,0.0,0.0,0.0,0.0,1.0,0.0,1.0,1
11.75,USD,Netflix,NG,2.5453,2.0,0.0,0.0,0.0,0.0,0.0,0.45,0.0,1
2244.14,GBP,Shopify Merchant,US,7.7165,1.0,1.0,0.0,0.0,1.0,0.0,0.0,1.0,1
1299.9,GBP,Shopify Merchant,NG,7.1708,1.0,1.0,0.0,0.0,1.0,1.0,0.0,0.0,1
1077.61,GBP,Netflix,NG,6.9834,3.0,1.0,0.0,0.0,1.0,1.0,0.0,0.0,1
1223.97,GBP,Anonymous Crypto Mix,NG,7.1107,1.0,1.0,0.0,1.0,0.0,0.0,0.45,0.0,1
10.73,GBP,Amazon,NG,2.4624,3.0,0.0,0.0,0.0,0.0,0.0,0.45,0.0,0
9.02,EUR,Stripe Demo Store,NG,2.3041,1.0,0.0,0.0,0.0,0.0,0.0,0.0,0.0,0
41.5,EUR,Spotify,DE,3.7496,1.0,0.0,0.0,0.0,0.0,1.0,0.45,1.0,1
13.63,GBP,Apple,CN,2.683,2.0,0.0,0.0,0.0,0.0,0.0,0.0,1.0,1
8010.98,GBP,Wallet Drain Services,NG,8.9887,2.0,1.0,1.0,1.0,0.0,1.0,0.45,0.0,1
69.11,GBP,Shopify Merchant,NG,4.2501,2.0,0.0,0.0,0.0,0.0,1.0,0.0,0.0,1
2805.32,USD,Dark Web Market,DE,7.9396,1.0,1.0,1.0,1.0,0.0,1.0,0.45,1.0,1
16.9,USD,Apple,NG,2.885,3.0,0.0,0.0,0.0,0.0,0.0,0.0,0.0,0
63.35,EUR,Amazon,RU,4.1643,2.0,0.0,0.0,0.0,0.0,0.0,0.0,1.0,0
18.19,USD,Spotify,NG,2.9543,3.0,0.0,0.0,0.0,0.0,0.0,0.0,0.0,1
17.92,EUR,Apple,NG,2.94,2.0,0.0,0.0,0.0,1.0,1.0,0.0,0.0,1
8.5,GBP,Stripe Demo Store,NG,2.2515,1.0,0.0,0.0,0.0,0.0,1.0,0.0,0.0,0
6.4,USD,Shopify Merchant,RU,2.0009,2.0,0.0,0.0,0.0,1.0,1.0,0.0,1.0,0
17.88,GBP,Netflix,DE,2.938,2.0,0.0,0.0,0.0,1.0,1.0,0.45,1.0,1
5926.1,GBP,Spotify,CN,8.6873,2.0,1.0,1.0,0.0,1.0,1.0,0.0,1.0,1
24.88,USD,Shopify Merchant,NG,3.2533,2.0,0.0,0.0,0.0,0.0,0.0,0.0,0.0,1
14.34,EUR,Amazon,NG,2.7305,1.0,0.0,0.0,0.0,0.0,0.0,0.0,0.0,0
1689.28,EUR,Apple,NG,7.4326,5.0,1.0,0.0,0.0,0.0,0.0,0.45,0.0,1
5.55,GBP,Apple,NG,1.8796,1.0,0.0,0.0,0.0,0.0,0.0,0.0,0.0,0
1757.44,EUR,Spotify,RU,7.4722,1.0,1.0,0.0,0.0,0.0,0.0,0.0,1.0,1
530.77,GBP,Spotify,NG,6.2762,3.0,1.0,0.0,0.0,0.0,1.0,0.45,0.0,1
79.96,EUR,Shopify Merchant,DE,4.394,1.0,0.0,0.0,0.0,0.0,0.0,0.0,1.0,1
20.19,USD,Amazon,NG,3.0536,10.0,0.0,0.0,0.0,0.0,0.0,1.0,0.0,1
10.38,GBP,Netflix,NG,2.4321,1.0,0.0,0.0,0.0,0.0,0.0,0.0,0.0,1
1229.39,USD,Netflix,NG,7.1151,1.0,1.0,0.0,0.0,0.0,1.0,0.0,0.0,1
879.27,EUR,Stripe Demo Store,NG,6.7802,1.0,1.0,0.0,0.0,1.0,0.0,0.45,0.0,1
27.23,USD,Netflix,NG,3.3404,1.0,0.0,0.0,0.0,0.0,1.0,0.0,0.0,0
20.47,USD,Apple,CN,3.0665,1.0,0.0,0.0,0.0,0.0,0.0,0.45,1.0,0
8.31,USD,Stripe Demo Store,US,2.2316,1.0,0.0,0.0,0.0,0.0,0.0,0.0,1.0,0
6.39,USD,Apple,NG,2.0003,1.0,0.0,0.0,0.0,0.0,0.0,0.0,0.0,1
7487.75,USD,XXX Test Casino,NG,8.9212,1.0,1.0,1.0,1.0,0.0,1.0,0.45,0.0,1
52.89,GBP,Amazon,NG,3.9869,1.0,0.0,0.0,0.0,0.0,0.0,0.0,0.0,1
21.23,USD,Amazon,NG,3.1016,1.0,0.0,0.0,0.0,0.0,0.0,0.0,0.0,0
35.49,GBP,Amazon,NG,3.5971,1.0,0.0,0.0,0.0,1.0,0.0,0.0,0.0,1
1419.55,EUR,Netflix,NG,7.2588,1.0,1.0,0.0,0.0,0.0,0.0,0.45,0.0,1
5319.58,GBP,Dark Web Market,NG,8.5793,1.0,1.0,1.0,1.0,0.0,1.0,0.45,0.0,1
11.36,EUR,Spotify,US,2.5142,1.0,0.0,0.0,0.0,0.0,0.0,0.0,1.0,1
23.03,GBP,Wallet Drain Services,NG,3.1792,1.0,0.0,0.0,1.0,0.0,0.0,0.45,0.0,1
46.76,GBP,Netflix,DE,3.8661,1.0,0.0,0.0,0.0,0.0,0.0,0.0,1.0,1
29.11,GBP,Apple,NG,3.4047,5.0,0.0,0.0,0.0,0.0,0.0,0.45,0.0,1
33.91,GBP,Stripe Demo Store,NG,3.5528,1.0,0.0,0.0,0.0,0.0,1.0,0.0,0.0,1
14.53,GBP,Anonymous Crypto Mix,NG,2.7428,1.0,0.0,0.0,1.0,0.0,1.0,0.45,0.0,1
17.43,USD,Apple,NG,2.9141,2.0,0.0,0.0,0.0,0.0,0.0,0.45,0.0,0
18.48,USD,Apple,US,2.9696,2.0,0.0,0.0,0.0,0.0,0.0,0.0,1.0,1
19.38,GBP,Stripe Demo Store,NG,3.0144,1.0,0.0,0.0,0.0,0.0,1.0,0.0,0.0,1
45.49,GBP,Netflix,NG,3.8393,3.0,0.0,0.0,0.0,1.0,1.0,0.0,0.0,1
2387.63,EUR,Netflix,NG,7.7785,3.0,1.0,0.0,0.0,0.0,0.0,0.0,0.0,1
20.52,EUR,Stripe Demo Store,US,3.069,8.0,0.0,0.0,0.0,0.0,0.0,0.0,1.0,1
981.12,EUR,Shopify Merchant,NG,6.8897,5.0,1.0,0.0,0.0,0.0,0.0,0.0,0.0,1
7.69,GBP,Netflix,RU,2.1622,2.0,0.0,0.0,0.0,0.0,0.0,0.45,1.0,0
32.14,USD,Apple,NG,3.5009,2.0,0.0,0.0,0.0,1.0,1.0,0.0,0.0,0
12.1,GBP,Netflix,NG,2.5723,1.0,0.0,0.0,0.0,1.0,0.0,0.45,0.0,0
15.64,EUR,Spotify,US,2.812,4.0,0.0,0.0,0.0,0.0,0.0,0.0,1.0,0
73.27,GBP,Apple,NG,4.3077,2.0,0.0,0.0,0.0,0.0,0.0,0.0,0.0,1
40.73,EUR,Amazon,NG,3.7312,1.0,0.0,0.0,0.0,0.0,1.0,0.0,0.0,0
1822.42,GBP,Netflix,NG,7.5085,1.0,1.0,0.0,0.0,0.0,0.0,0.0,0.0,1
26.22,EUR,Wallet Drain Services,NG,3.304,2.0,0.0,0.0,1.0,0.0,1.0,0.45,0.0,1
17.9,EUR,Shopify Merchant,US,2.9391,2.0,0.0,0.0,0.0,0.0,0.0,0.0,1.0,0
81.42,EUR,Netflix,NG,4.4118,3.0,0.0,0.0,0.0,0.0,0.0,0.0,0.0,1
35.22,EUR,Stripe Demo Store,NG,3.5895,1.0,0.0,0.0,0.0,0.0,0.0,1.0,0.0,0
824.97,USD,Wallet Drain Services,NG,6.7166,3.0,1.0,0.0,1.0,1.0,0.0,0.45,0.0,1
1671.45,USD,Shopify Merchant,DE,7.422,1.0,1.0,0.0,0.0,0.0,1.0,1.0,1.0,1
29.87,USD,Netflix,US,3.4297,2.0,0.0,0.0,0.0,0.0,0.0,0.0,1.0,0
19.32,GBP,Shopify Merchant,NG,3.0114,1.0,0.0,0.0,0.0,0.0,0.0,0.45,0.0,0
7.39,GBP,Stripe Demo Store,NG,2.1267,1.0,0.0,0.0,0.0,0.0,0.0,0.0,0.0,0
27.11,EUR,Spotify,NG,3.3362,1.0,0.0,0.0,0.0,0.0,1.0,0.0,0.0,0
532.85,USD,Spotify,US,6.2801,1.0,1.0,0.0,0.0,0.0,0.0,0.0,1.0,1
1986.07,USD,Stripe Demo Store,NG,7.5944,1.0,1.0,0.0,0.0,0.0,1.0,0.0,0.0,1
27.36,GBP,Stripe Demo Store,US,3.3451,3.0,0.0,0.0,0.0,0.0,0.0,0.0,1.0,1
13.12,EUR,Apple,NG,2.6477,1.0,0.0,0.0,0.0,0.0,0.0,0.45,0.0,1
31.28,EUR,Spotify,NG,3.4745,3.0,0.0,0.0,0.0,0.0,0.0,0.45,0.0,1
14.17,EUR,Apple,US,2.7196,3.0,0.0,0.0,0.0,0.0,1.0,0.0,1.0,0
14.83,GBP,Dark Web Market,NG,2.7622,1.0,0.0,0.0,1.0,1.0,0.0,0.45,0.0,1
13.84,EUR,Spotify,NG,2.6972,4.0,0.0,0.0,0.0,1.0,0.0,0.0,0.0,1
2899.92,EUR,Gambling Anonymous Hub,US,7.9728,3.0,1.0,1.0,1.0,0.0,1.0,0.45,1.0,1
16.5,USD,Netflix,CN,2.8624,3.0,0.0,0.0,0.0,0.0,1.0,0.0,1.0,0
52.49,GBP,XXX Test Casino,NG,3.9796,3.0,0.0,0.0,1.0,0.0,0.0,0.45,0.0,1
70.0,EUR,Apple,NG,4.2626,2.0,0.0,0.0,0.0,0.0,0.0,0.0,0.0,1
11.98,USD,Stripe Demo Store,NG,2.5631,10.0,0.0,0.0,0.0,1.0,1.0,0.0,0.0,0
1923.92,USD,Spotify,NG,7.5626,1.0,1.0,0.0,0.0,0.0,1.0,0.0,0.0,0
17.0,USD,Spotify,NG,2.8903,1.0,0.0,0.0,0.0,0.0,0.0,0.45,0.0,1
1412.74,USD,Apple,NG,7.254,3.0,1.0,0.0,0.0,0.0,0.0,0.45,0.0,1
2202.59,USD,Shopify Merchant,RU,7.6978,1.0,1.0,0.0,0.0,0.0,0.0,1.0,1.0,1
10.95,EUR,Amazon,NG,2.481,2.0,0.0,0.0,0.0,0.0,1.0,0.0,0.0,0
13.3,GBP,Stripe Demo Store,NG,2.6604,1.0,0.0,0.0,0.0,0.0,0.0,0.0,0.0,1
6741.17,GBP,Amazon,NG,8.8161,1.0,1.0,1.0,0.0,0.0,1.0,0.0,0.0,1
49.8,GBP,Shopify Merchant,NG,3.9279,5.0,0.0,0.0,0.0,0.0,1.0,0.0,0.0,1
22.46,GBP,Amazon,RU,3.1555,1.0,0.0,0.0,0.0,1.0,1.0,0.0,1.0,1
7021.51,USD,Shopify Merchant,NG,8.8569,1.0,1.0,1.0,0.0,0.0,0.0,0.45,0.0,1
624.2,GBP,Apple,NG,6.4381,2.0,1.0,0.0,0.0,0.0,0.0,1.0,0.0,1
16.18,USD,Shopify Merchant,NG,2.8435,3.0,0.0,0.0,0.0,0.0,1.0,0.0,0.0,0
15.28,USD,Anonymous Crypto Mix,NG,2.7901,4.0,0.0,0.0,1.0,0.0,1.0,1.0,0.0,1
29.76,GBP,Netflix,NG,3.4262,1.0,0.0,0.0,0.0,0.0,1.0,0.0,0.0,1
1161.85,EUR,Amazon,NG,7.0586,4.0,1.0,0.0,0.0,1.0,0.0,0.0,0.0,1
40.36,GBP,Spotify,NG,3.7222,2.0,0.0,0.0,0.0,0.0,0.0,0.0,0.0,0
16.73,USD,Netflix,NG,2.875,4.0,0.0,0.0,0.0,1.0,0.0,0.0,0.0,1
22.71,USD,XXX Test Casino,NG,3.1657,1.0,0.0,0.0,1.0,0.0,1.0,0.45,0.0,1
8719.57,GBP,Wallet Drain Services,NG,9.0734,1.0,1.0,1.0,1.0,0.0,1.0,0.45,0.0,1
2258.13,USD,Netflix,NG,7.7227,2.0,1.0,0.0,0.0,1.0,1.0,0.0,0.0,0
9.08,GBP,Apple,NG,2.3101,2.0,0.0,0.0,0.0,1.0,0.0,0.0,0.0,0
11.42,GBP,Stripe Demo Store,NG,2.5195,1.0,0.0,0.0,0.0,0.0,0.0,0.0,0.0,0
7524.06,USD,Shopify Merchant,NG,8.926,2.0,1.0,1.0,0.0,1.0,1.0,0.0,0.0,1
4080.41,EUR,XXX Test Casino,NG,8.3142,2.0,1.0,1.0,1.0,0.0,0.0,0.45,0.0,1
48.49,USD,Shopify Merchant,NG,3.9017,1.0,0.0,0.0,0.0,0.0,1.0,1.0,0.0,1
7.77,USD,Shopify Merchant,CN,2.1718,2.0,0.0,0.0,0.0,0.0,0.0,0.45,1.0,0
13.22,GBP,Apple,NG,2.6548,1.0,0.0,0.0,0.0,0.0,0.0,1.0,0.0,1
15.63,GBP,Stripe Demo Store,NG,2.8115,4.0,0.0,0.0,0.0,1.0,0.0,0.0,0.0,1
35.03,GBP,Netflix,RU,3.5844,2.0,0.0,0.0,0.0,0.0,1.0,0.0,1.0,1
13.88,GBP,Stripe Demo Store,US,2.6999,2.0,0.0,0.0,0.0,0.0,1.0,0.45,1.0,1
14.87,USD,Netflix,NG,2.7643,6.0,0.0,0.0,0.0,0.0,0.0,1.0,0.0,1
2263.5,USD,Amazon,NG,7.7251,2.0,1.0,0.0,0.0,0.0,0.0,0.0,0.0,0
28.17,USD,Spotify,NG,3.3733,1.0,0.0,0.0,0.0,0.0,1.0,1.0,0.0,1
17.94,EUR,Amazon,NG,2.9413,2.0,0.0,0.0,0.0,1.0,0.0,0.0,0.0,1
12.71,USD,Netflix,NG,2.6179,6.0,0.0,0.0,0.0,1.0,0.0,0.45,0.0,1
16.75,EUR,Spotify,NG,2.8763,1.0,0.0,0.0,0.0,0.0,0.0,0.0,0.0,0
44.21,EUR,Stripe Demo Store,DE,3.8113,2.0,0.0,0.0,0.0,0.0,1.0,0.0,1.0,1
9.94,EUR,Shopify Merchant,NG,2.3924,1.0,0.0,0.0,0.0,0.0,0.0,0.0,0.0,1
11.14,GBP,Netflix,NG,2.4968,3.0,0.0,0.0,0.0,0.0,0.0,0.0,0.0,1
48.26,GBP,Stripe Demo Store,RU,3.8971,2.0,0.0,0.0,0.0,0.0,1.0,0.0,1.0,1
1485.33,EUR,Anonymous Crypto Mix,NG,7.3041,5.0,1.0,0.0,1.0,0.0,0.0,0.45,0.0,1
32.1,USD,Shopify Merchant,DE,3.4995,2.0,0.0,0.0,0.0,0.0,0.0,0.0,1.0,1
864.88,GBP,Apple,NG,6.7637,1.0,1.0,0.0,0.0,0.0,0.0,0.0,0.0,1
1695.05,EUR,Shopify Merchant,NG,7.4361,2.0,1.0,0.0,0.0,1.0,1.0,0.0,0.0,1
1318.2,EUR,Amazon,NG,7.1848,5.0,1.0,0.0,0.0,0.0,0.0,0.0,0.0,1
35.95,EUR,Netflix,US,3.6095,1.0,0.0,0.0,0.0,0.0,0.0,0.0,1.0,0
45.31,GBP,Amazon,RU,3.8355,1.0,0.0,0.0,0.0,0.0,1.0,0.0,1.0,0
42.9,EUR,Anonymous Crypto Mix,DE,3.782,3.0,0.0,0.0,1.0,1.0,0.0,0.45,1.0,1
8.76,GBP,Apple,NG,2.2783,2.0,0.0,0.0,0.0,0.0,0.0,1.0,0.0,0
50.07,USD,Stripe Demo Store,NG,3.9332,1.0,0.0,0.0,0.0,0.0,0.0,1.0,0.0,1
5844.31,GBP,XXX Test Casino,NG,8.6734,1.0,1.0,1.0,1.0,0.0,0.0,0.45,0.0,1
11.84,GBP,Stripe Demo Store,NG,2.5526,1.0,0.0,0.0,0.0,0.0,0.0,0.0,0.0,0
1261.27,GBP,Netflix,NG,7.1407,2.0,1.0,0.0,0.0,0.0,1.0,0.45,0.0,1
35.94,EUR,Amazon,NG,3.6092,2.0,0.0,0.0,0.0,1.0,1.0,0.0,0.0,1
29.32,USD,Netflix,RU,3.4119,2.0,0.0,0.0,0.0,0.0,0.0,0.0,1.0,0
16.8,GBP,XXX Test Casino,NG,2.8791,3.0,0.0,0.0,1.0,0.0,1.0,1.0,0.0,1
36.1,GBP,Amazon,NG,3.6137,1.0,0.0,0.0,0.0,1.0,0.0,0.45,0.0,1
22.15,EUR,Netflix,NG,3.1421,2.0,0.0,0.0,0.0,0.0,1.0,1.0,0.0,1
13.45,GBP,Amazon,NG,2.6706,1.0,0.0,0.0,0.0,0.0,1.0,0.0,0.0,0
12.24,GBP,Spotify,NG,2.5829,1.0,0.0,0.0,0.0,0.0,1.0,0.0,0.0,1
26.77,EUR,Shopify Merchant,US,3.3238,2.0,0.0,0.0,0.0,1.0,0.0,0.45,1.0,1
18.96,USD,Apple,NG,2.9936,2.0,0.0,0.0,0.0,0.0,0.0,0.0,0.0,1
5550.73,USD,Apple,NG,8.6219,6.0,1.0,1.0,0.0,1.0,1.0,0.45,0.0,1
36.34,GBP,Stripe Demo Store,NG,3.6202,1.0,0.0,0.0,0.0,0.0,0.0,0.0,0.0,1
14.35,GBP,Shopify Merchant,NG,2.7312,1.0,0.0,0.0,0.0,0.0,1.0,0.45,0.0,0
61.22,GBP,Gambling Anonymous Hub,NG,4.1307,1.0,0.0,0.0,1.0,0.0,1.0,0.45,0.0,1
7.52,USD,Stripe Demo Store,NG,2.1427,2.0,0.0,0.0,0.0,0.0,0.0,0.0,0.0,0
17.7,EUR,Amazon,NG,2.9285,1.0,0.0,0.0,0.0,1.0,1.0,1.0,0.0,0
12.31,EUR,Anonymous Crypto Mix,NG,2.5881,5.0,0.0,0.0,1.0,1.0,0.0,0.45,0.0,1
2911.06,USD,XXX Test Casino,NG,7.9766,3.0,1.0,1.0,1.0,0.0,1.0,0.45,0.0,1
14.29,EUR,Shopify Merchant,NG,2.7269,2.0,0.0,0.0,0.0,0.0,0.0,1.0,0.0,0
69.37,GBP,Shopify Merchant,NG,4.2537,2.0,0.0,0.0,0.0,0.0,0.0,0.0,0.0,0
22.21,GBP,Shopify Merchant,NG,3.1444,1.0,0.0,0.0,0.0,0.0,0.0,0.0,0.0,0
11.54,EUR,Shopify Merchant,NG,2.5289,2.0,0.0,0.0,0.0,0.0,0.0,0.0,0.0,0
5.58,GBP,Shopify Merchant,NG,1.8847,2.0,0.0,0.0,0.0,0.0,1.0,0.45,0.0,1
6.02,EUR,Shopify Merchant,NG,1.9487,5.0,0.0,0.0,0.0,0.0,0.0,0.0,0.0,0
13.8,EUR,Netflix,DE,2.6944,2.0,0.0,0.0,0.0,0.0,1.0,0.0,1.0,1
12.89,EUR,Shopify Merchant,NG,2.6311,1.0,0.0,0.0,0.0,0.0,0.0,1.0,0.0,0
2205.94,GBP,Stripe Demo Store,NG,7.6994,1.0,1.0,0.0,0.0,0.0,1.0,0.0,0.0,1
5.0,USD,Stripe Demo Store,NG,1.7918,1.0,0.0,0.0,0.0,0.0,0.0,0.45,0.0,0
18.84,GBP,XXX Test Casino,RU,2.9875,5.0,0.0,0.0,1.0,0.0,1.0,0.45,1.0,1
41.24,USD,Netflix,NG,3.7434,3.0,0.0,0.0,0.0,0.0,0.0,0.0,0.0,0
62.55,USD,Shopify Merchant,NG,4.1518,4.0,0.0,0.0,0.0,0.0,0.0,0.45,0.0,1
5.33,GBP,Netflix,NG,1.8458,4.0,0.0,0.0,0.0,0.0,0.0,0.45,0.0,1
11.46,EUR,Amazon,US,2.5227,1.0,0.0,0.0,0.0,0.0,0.0,0.0,1.0,0
8669.09,USD,Apple,CN,9.0676,3.0,1.0,1.0,0.0,0.0,0.0,0.0,1.0,1
22.24,USD,Shopify Merchant,DE,3.146,3.0,0.0,0.0,0.0,0.0,1.0,0.0,1.0,0
8.55,EUR,Apple,NG,2.2567,1.0,0.0,0.0,0.0,1.0,0.0,0.0,0.0,1
869.45,GBP,Wallet Drain Services,NG,6.769,2.0,1.0,0.0,1.0,0.0,1.0,0.45,0.0,1
2171.57,EUR,Amazon,NG,7.6837,2.0,1.0,0.0,0.0,1.0,0.0,0.0,0.0,1
18.43,USD,Amazon,NG,2.9666,5.0,0.0,0.0,0.0,1.0,1.0,0.0,0.0,1
61.25,GBP,Shopify Merchant,NG,4.1311,1.0,0.0,0.0,0.0,1.0,0.0,0.0,0.0,1
19.86,EUR,Stripe Demo Store,DE,3.0379,5.0,0.0,0.0,0.0,1.0,0.0,0.0,1.0,1
1073.82,USD,Amazon,NG,6.9799,5.0,1.0,0.0,0.0,0.0,1.0,0.0,0.0,1
11.88,EUR,Shopify Merchant,NG,2.5553,5.0,0.0,0.0,0.0,0.0,0.0,0.45,0.0,1
8737.2,GBP,Shopify Merchant,NG,9.0755,1.0,1.0,1.0,0.0,0.0,1.0,0.45,0.0,1
13.1,GBP,Spotify,NG,2.6463,1.0,0.0,0.0,0.0,0.0,0.0,0.45,0.0,1
1423.71,USD,Amazon,DE,7.2617,2.0,1.0,0.0,0.0,0.0,0.0,0.0,1.0,1
31.28,USD,Anonymous Crypto Mix,CN,3.4746,1.0,0.0,0.0,1.0,0.0,1.0,1.0,1.0,1
24.34,GBP,Shopify Merchant,NG,3.2324,1.0,0.0,0.0,0.0,0.0,0.0,0.45,0.0,1
10.14,USD,Amazon,NG,2.4106,3.0,0.0,0.0,0.0,0.0,0.0,1.0,0.0,0
38.01,GBP,Stripe Demo Store,NG,3.6638,1.0,0.0,0.0,0.0,0.0,0.0,0.0,0.0,0
7.76,USD,Spotify,NG,2.1708,1.0,0.0,0.0,0.0,0.0,0.0,0.0,0.0,1
6.71,GBP,Shopify Merchant,NG,2.042,6.0,0.0,0.0,0.0,0.0,1.0,0.0,0.0,1
13.58,EUR,Netflix,NG,2.6798,1.0,0.0,0.0,0.0,0.0,1.0,0.0,0.0,0
78.9,USD,Netflix,NG,4.3807,5.0,0.0,0.0,0.0,1.0,0.0,0.0,0.0,1
1653.8,USD,Netflix,NG,7.4114,1.0,1.0,0.0,0.0,1.0,0.0,0.0,0.0,1
813.27,EUR,Shopify Merchant,NG,6.7023,1.0,1.0,0.0,0.0,0.0,1.0,1.0,0.0,0
12.53,USD,Apple,US,2.6048,1.0,0.0,0.0,0.0,0.0,0.0,0.0,1.0,0
6.37,GBP,Stripe Demo Store,US,1.9975,1.0,0.0,0.0,0.0,0.0,0.0,0.0,1.0,0
21.21,USD,Amazon,NG,3.1007,1.0,0.0,0.0,0.0,0.0,1.0,0.0,0.0,0
1708.61,GBP,Apple,NG,7.444,4.0,1.0,0.0,0.0,0.0,0.0,0.0,0.0,1
34.91,GBP,Netflix,NG,3.5809,5.0,0.0,0.0,0.0,0.0,0.0,0.0,0.0,1
38.0,GBP,Spotify,NG,3.6635,1.0,0.0,0.0,0.0,0.0,1.0,0.45,0.0,1
8303.09,USD,Anonymous Crypto Mix,NG,9.0245,1.0,1.0,1.0,1.0,0.0,1.0,0.45,0.0,1
6060.59,GBP,Netflix,NG,8.7097,2.0,1.0,1.0,0.0,0.0,1.0,0.0,0.0,1
12.3,GBP,Spotify,DE,2.5877,2.0,0.0,0.0,0.0,0.0,1.0,0.0,1.0,1
29.25,GBP,Netflix,NG,3.4095,1.0,0.0,0.0,0.0,0.0,0.0,0.0,0.0,0
14.08,GBP,Amazon,NG,2.7135,1.0,0.0,0.0,0.0,0.0,1.0,0.0,0.0,0
1993.63,USD,Amazon,RU,7.5982,1.0,1.0,0.0,0.0,1.0,0.0,0.0,1.0,1
26.18,EUR,Shopify Merchant,RU,3.3024,2.0,0.0,0.0,0.0,0.0,1.0,1.0,1.0,1
21.08,USD,XXX Test Casino,DE,3.0945,1.0,0.0,0.0,1.0,1.0,1.0,0.45,1.0,1
35.03,USD,Amazon,CN,3.5843,3.0,0.0,0.0,0.0,0.0,0.0,0.0,1.0,1
6.69,GBP,Stripe Demo Store,DE,2.04,1.0,0.0,0.0,0.0,0.0,1.0,0.0,1.0,0
9.53,EUR,Amazon,NG,2.3543,1.0,0.0,0.0,0.0,0.0,1.0,0.45,0.0,1
16.63,GBP,Shopify Merchant,US,2.8694,2.0,0.0,0.0,0.0,0.0,1.0,0.0,1.0,1
939.68,GBP,Shopify Merchant,NG,6.8466,1.0,1.0,0.0,0.0,0.0,1.0,0.45,0.0,1
1877.19,USD,Shopify Merchant,NG,7.5381,4.0,1.0,0.0,0.0,1.0,1.0,0.45,0.0,1
15.45,EUR,Apple,NG,2.8005,2.0,0.0,0.0,0.0,0.0,0.0,0.0,0.0,0
2051.48,GBP,Amazon,NG,7.6268,4.0,1.0,0.0,0.0,0.0,1.0,0.45,0.0,1
22.19,EUR,Shopify Merchant,NG,3.1438,2.0,0.0,0.0,0.0,0.0,0.0,0.0,0.0,0
41.29,USD,Stripe Demo Store,NG,3.7445,1.0,0.0,0.0,0.0,0.0,0.0,0.45,0.0,1
24.81,GBP,Apple,NG,3.2507,1.0,0.0,0.0,0.0,0.0,0.0,0.0,0.0,0
1825.95,EUR,Apple,NG,7.5104,2.0,1.0,0.0,0.0,0.0,1.0,0.0,0.0,1
1942.73,GBP,Netflix,NG,7.5724,2.0,1.0,0.0,0.0,0.0,0.0,0.0,0.0,1
1366.41,EUR,Spotify,CN,7.2207,1.0,1.0,0.0,0.0,0.0,0.0,0.0,1.0,1
1408.26,GBP,Amazon,CN,7.2508,1.0,1.0,0.0,0.0,0.0,0.0,0.0,1.0,1
3358.21,GBP,Wallet Drain Services,DE,8.1195,1.0,1.0,1.0,1.0,0.0,1.0,0.45,1.0,1
6.34,USD,Amazon,NG,1.9932,1.0,0.0,0.0,0.0,0.0,0.0,0.0,0.0,0
8950.06,EUR,Spotify,DE,9.0995,1.0,1.0,1.0,0.0,0.0,0.0,0.0,1.0,1
15.98,EUR,Netflix,NG,2.8322,2.0,0.0,0.0,0.0,0.0,1.0,0.0,0.0,0
5.0,USD,Amazon,NG,1.7918,6.0,0.0,0.0,0.0,0.0,1.0,0.0,0.0,1
70.57,EUR,Shopify Merchant,NG,4.2706,1.0,0.0,0.0,0.0,1.0,0.0,0.45,0.0,0
30.5,GBP,Shopify Merchant,NG,3.4501,1.0,0.0,0.0,0.0,0.0,0.0,0.0,0.0,0
12.87,USD,Stripe Demo Store,NG,2.6299,1.0,0.0,0.0,0.0,0.0,1.0,0.0,0.0,1
9.24,GBP,Netflix,NG,2.326,1.0,0.0,0.0,0.0,0.0,0.0,1.0,0.0,0
41.25,GBP,Spotify,RU,3.7436,2.0,0.0,0.0,0.0,0.0,0.0,0.0,1.0,0
9.21,EUR,Amazon,CN,2.3235,1.0,0.0,0.0,0.0,0.0,0.0,0.0,1.0,1
2011.65,GBP,Amazon,NG,7.6072,8.0,1.0,0.0,0.0,0.0,0.0,1.0,0.0,1
11.75,GBP,Spotify,NG,2.5455,4.0,0.0,0.0,0.0,1.0,0.0,0.45,0.0,0
21.76,GBP,Netflix,CN,3.1248,2.0,0.0,0.0,0.0,0.0,0.0,0.0,1.0,0
31.02,USD,Apple,CN,3.4663,5.0,0.0,0.0,0.0,0.0,1.0,0.0,1.0,1
46.29,GBP,Shopify Merchant,US,3.8562,2.0,0.0,0.0,0.0,0.0,0.0,0.0,1.0,0
41.74,EUR,Shopify Merchant,NG,3.7552,10.0,0.0,0.0,0.0,0.0,0.0,0.45,0.0,1
1925.24,GBP,Apple,RU,7.5633,1.0,1.0,0.0,0.0,0.0,0.0,0.0,1.0,1
41.03,EUR,Wallet Drain Services,RU,3.7384,10.0,0.0,0.0,1.0,0.0,0.0,0.45,1.0,1
12.56,EUR,Spotify,NG,2.6069,1.0,0.0,0.0,0.0,0.0,0.0,0.0,0.0,0
1447.77,GBP,Amazon,RU,7.2785,1.0,1.0,0.0,0.0,1.0,0.0,0.0,1.0,1
12.56,EUR,Amazon,DE,2.6068,5.0,0.0,0.0,0.0,0.0,1.0,0.0,1.0,0
2047.01,USD,Dark Web Market,NG,7.6246,1.0,1.0,0.0,1.0,0.0,1.0,0.45,0.0,1
12.9,USD,Stripe Demo Store,NG,2.6322,1.0,0.0,0.0,0.0,0.0,0.0,0.45,0.0,0
1825.96,USD,Shopify Merchant,DE,7.5104,1.0,1.0,0.0,0.0,1.0,0.0,0.0,1.0,0
1508.06,GBP,Apple,NG,7.3192,1.0,1.0,0.0,0.0,0.0,0.0,0.0,0.0,1
2072.97,EUR,Shopify Merchant,DE,7.6372,1.0,1.0,0.0,0.0,0.0,0.0,0.0,1.0,1
66.73,USD,Amazon,NG,4.2156,1.0,0.0,0.0,0.0,0.0,1.0,0.0,0.0,0
1412.92,EUR,Apple,NG,7.2541,2.0,1.0,0.0,0.0,0.0,0.0,0.0,0.0,1
8906.8,GBP,Wallet Drain Services,NG,9.0947,3.0,1.0,1.0,1.0,0.0,1.0,0.45,0.0,1
11.54,GBP,Apple,NG,2.5291,1.0,0.0,0.0,0.0,0.0,1.0,1.0,0.0,1
926.53,EUR,Shopify Merchant,NG,6.8325,4.0,1.0,0.0,0.0,0.0,0.0,0.0,0.0,1
1975.16,GBP,Netflix,NG,7.5889,2.0,1.0,0.0,0.0,0.0,1.0,0.0,0.0,1
12.1,USD,Spotify,NG,2.5725,3.0,0.0,0.0,0.0,0.0,0.0,0.0,0.0,1
5553.7,GBP,Spotify,NG,8.6224,3.0,1.0,1.0,0.0,0.0,0.0,0.0,0.0,1
39.23,GBP,Netflix,NG,3.6946,5.0,0.0,0.0,0.0,0.0,1.0,0.0,0.0,0
19.82,GBP,Spotify,NG,3.0361,1.0,0.0,0.0,0.0,1.0,1.0,1.0,0.0,1
11.34,USD,Shopify Merchant,NG,2.5131,2.0,0.0,0.0,0.0,1.0,1.0,0.0,0.0,1
24.27,USD,Amazon,NG,3.2296,5.0,0.0,0.0,0.0,0.0,0.0,0.0,0.0,0
1274.62,EUR,Amazon,NG,7.1512,3.0,1.0,0.0,0.0,0.0,1.0,0.0,0.0,1
16.97,GBP,Spotify,NG,2.8886,1.0,0.0,0.0,0.0,0.0,0.0,0.0,0.0,1
14.03,USD,Shopify Merchant,NG,2.7102,2.0,0.0,0.0,0.0,0.0,1.0,0.45,0.0,1
38.38,GBP,Apple,RU,3.6732,3.0,0.0,0.0,0.0,0.0,0.0,0.0,1.0,1
23.92,USD,Apple,CN,3.2159,1.0,0.0,0.0,0.0,0.0,0.0,0.45,1.0,0
2363.29,GBP,Apple,CN,7.7682,2.0,1.0,0.0,0.0,0.0,0.0,0.0,1.0,1
1545.59,EUR,Amazon,NG,7.3438,4.0,1.0,0.0,0.0,0.0,0.0,1.0,0.0,0
27.7,EUR,Spotify,NG,3.3568,2.0,0.0,0.0,0.0,0.0,0.0,0.0,0.0,0
14.09,GBP,Amazon,NG,2.714,1.0,0.0,0.0,0.0,0.0,0.0,0.45,0.0,0
41.61,USD,Amazon,NG,3.752,2.0,0.0,0.0,0.0,1.0,0.0,0.0,0.0,0
27.83,EUR,Stripe Demo Store,NG,3.3613,2.0,0.0,0.0,0.0,0.0,1.0,0.0,0.0,1
124.26,GBP,Gambling Anonymous Hub,NG,4.8304,1.0,0.0,0.0,1.0,0.0,1.0,0.45,0.0,1
24.95,EUR,Netflix,NG,3.2564,2.0,0.0,0.0,0.0,0.0,0.0,0.0,0.0,0
32.73,USD,Apple,NG,3.5185,1.0,0.0,0.0,0.0,0.0,1.0,0.0,0.0,0
24.61,USD,Amazon,NG,3.2431,4.0,0.0,0.0,0.0,0.0,0.0,0.0,0.0,1
18.74,GBP,Spotify,RU,2.9826,3.0,0.0,0.0,0.0,0.0,0.0,0.0,1.0,1
16.76,USD,Netflix,RU,2.8768,3.0,0.0,0.0,0.0,0.0,1.0,0.0,1.0,1
533.38,EUR,Netflix,NG,6.2811,2.0,1.0,0.0,0.0,1.0,1.0,0.0,0.0,1
1571.44,USD,Spotify,NG,7.3604,1.0,1.0,0.0,0.0,0.0,0.0,0.0,0.0,1
45.06,EUR,Amazon,DE,3.83,3.0,0.0,0.0,0.0,1.0,0.0,0.0,1.0,1
1030.83,EUR,Netflix,NG,6.9391,1.0,1.0,0.0,0.0,1.0,0.0,0.0,0.0,1
565.96,USD,Amazon,NG,6.3403,2.0,1.0,0.0,0.0,1.0,0.0,0.0,0.0,1
15.98,GBP,Apple,RU,2.8319,1.0,0.0,0.0,0.0,0.0,0.0,0.0,1.0,0
7.96,USD,Stripe Demo Store,DE,2.1923,2.0,0.0,0.0,0.0,0.0,0.0,0.0,1.0,0
64.25,EUR,Apple,NG,4.1783,2.0,0.0,0.0,0.0,0.0,1.0,0.45,0.0,0
1867.71,USD,Netflix,NG,7.533,1.0,1.0,0.0,0.0,0.0,1.0,0.45,0.0,1
39.54,EUR,Apple,US,3.7022,1.0,0.0,0.0,0.0,1.0,0.0,0.0,1.0,0
24.38,USD,Stripe Demo Store,RU,3.2338,1.0,0.0,0.0,0.0,0.0,1.0,0.0,1.0,0
24.84,USD,Netflix,NG,3.2521,1.0,0.0,0.0,0.0,1.0,1.0,0.0,0.0,1
18.5,USD,Spotify,NG,2.9704,1.0,0.0,0.0,0.0,1.0,0.0,0.0,0.0,1
2729.35,EUR,Dark Web Market,NG,7.9122,4.0,1.0,1.0,1.0,1.0,0.0,0.45,0.0,1
10.2,EUR,Dark Web Market,NG,2.4156,5.0,0.0,0.0,1.0,0.0,0.0,0.45,0.0,1
2370.74,USD,Stripe Demo Store,CN,7.7714,6.0,1.0,0.0,0.0,1.0,1.0,1.0,1.0,1
4177.34,USD,Apple,US,8.3377,1.0,1.0,1.0,0.0,0.0,0.0,0.0,1.0,1
1380.58,EUR,Spotify,NG,7.231,1.0,1.0,0.0,0.0,0.0,0.0,0.0,0.0,1
52.95,EUR,Stripe Demo Store,NG,3.9881,2.0,0.0,0.0,0.0,0.0,0.0,0.0,0.0,1
1241.89,USD,Apple,NG,7.1252,2.0,1.0,0.0,0.0,0.0,0.0,0.0,0.0,1
27.02,EUR,XXX Test Casino,NG,3.3328,3.0,0.0,0.0,1.0,0.0,0.0,0.45,0.0,0
20.73,EUR,Apple,NG,3.0786,3.0,0.0,0.0,0.0,0.0,1.0,0.0,0.0,0
2288.06,USD,Stripe Demo Store,NG,7.7359,2.0,1.0,0.0,0.0,0.0,1.0,0.0,0.0,1
17.64,EUR,Amazon,CN,2.9253,2.0,0.0,0.0,0.0,0.0,0.0,0.45,1.0,1
30.3,GBP,Spotify,NG,3.4437,6.0,0.0,0.0,0.0,0.0,0.0,0.0,0.0,1
14.16,GBP,Wallet Drain Services,NG,2.7189,1.0,0.0,0.0,1.0,0.0,1.0,0.45,0.0,1
1968.43,EUR,Amazon,NG,7.5855,3.0,1.0,0.0,0.0,0.0,0.0,0.0,0.0,0
17.79,GBP,Netflix,NG,2.9333,3.0,0.0,0.0,0.0,0.0,0.0,0.0,0.0,0
88.06,GBP,Stripe Demo Store,NG,4.4894,1.0,0.0,0.0,0.0,0.0,0.0,0.45,0.0,0
2087.5,USD,Apple,NG,7.6442,5.0,1.0,0.0,0.0,0.0,0.0,0.0,0.0,1
28.54,USD,Spotify,DE,3.3856,4.0,0.0,0.0,0.0,1.0,0.0,0.45,1.0,1
16.82,USD,Apple,DE,2.8804,3.0,0.0,0.0,0.0,1.0,0.0,0.0,1.0,0
12.83,USD,Spotify,NG,2.6266,1.0,0.0,0.0,0.0,0.0,1.0,0.0,0.0,1
4223.82,EUR,Gambling Anonymous Hub,NG,8.3487,1.0,1.0,1.0,1.0,0.0,0.0,0.45,0.0,1
32.05,USD,Amazon,NG,3.4979,2.0,0.0,0.0,0.0,0.0,1.0,0.0,0.0,0
33.35,GBP,Amazon,NG,3.5367,1.0,0.0,0.0,0.0,0.0,0.0,0.0,0.0,0
22.88,USD,Apple,NG,3.173,1.0,0.0,0.0,0.0,0.0,0.0,0.45,0.0,1
1385.34,USD,Amazon,DE,7.2344,1.0,1.0,0.0,0.0,0.0,0.0,0.45,1.0,1
48.82,USD,Shopify Merchant,NG,3.9085,1.0,0.0,0.0,0.0,0.0,1.0,0.45,0.0,1
35.57,EUR,Apple,NG,3.5992,3.0,0.0,0.0,0.0,0.0,1.0,0.45,0.0,0
8543.73,USD,Spotify,DE,9.0531,2.0,1.0,1.0,0.0,0.0,1.0,0.45,1.0,1
28.39,USD,Shopify Merchant,NG,3.3807,1.0,0.0,0.0,0.0,0.0,0.0,0.0,0.0,0
28.49,EUR,Apple,NG,3.3839,2.0,0.0,0.0,0.0,0.0,1.0,0.45,0.0,1
11.35,GBP,Stripe Demo Store,CN,2.5135,1.0,0.0,0.0,0.0,0.0,1.0,0.0,1.0,0
907.79,USD,Shopify Merchant,CN,6.8121,1.0,1.0,0.0,0.0,0.0,0.0,1.0,1.0,1
5.0,USD,Apple,NG,1.7918,2.0,0.0,0.0,0.0,0.0,0.0,0.0,0.0,0
21.09,GBP,Netflix,NG,3.0952,2.0,0.0,0.0,0.0,0.0,0.0,0.0,0.0,1
24.75,GBP,Stripe Demo Store,NG,3.2482,1.0,0.0,0.0,0.0,0.0,0.0,0.0,0.0,1
973.33,USD,Apple,NG,6.8818,2.0,1.0,0.0,0.0,0.0,0.0,0.45,0.0,1
1316.2,USD,Shopify Merchant,NG,7.1833,1.0,1.0,0.0,0.0,0.0,0.0,0.0,0.0,1
22.34,GBP,Spotify,RU,3.1503,2.0,0.0,0.0,0.0,0.0,0.0,0.0,1.0,1
51.66,EUR,Shopify Merchant,NG,3.9638,1.0,0.0,0.0,0.0,0.0,1.0,0.0,0.0,0
563.41,GBP,Stripe Demo Store,NG,6.3358,3.0,1.0,0.0,0.0,0.0,0.0,0.45,0.0,1
9.52,USD,Apple,NG,2.3534,2.0,0.0,0.0,0.0,0.0,1.0,0.0,0.0,0
27.68,GBP,Stripe Demo Store,DE,3.3563,1.0,0.0,0.0,0.0,1.0,0.0,0.0,1.0,0
32.11,EUR,Stripe Demo Store,NG,3.4997,2.0,0.0,0.0,0.0,1.0,1.0,0.45,0.0,0
13.69,EUR,Stripe Demo Store,US,2.6872,3.0,0.0,0.0,0.0,1.0,0.0,0.0,1.0,0
7.32,GBP,Shopify Merchant,NG,2.1186,1.0,0.0,0.0,0.0,0.0,0.0,0.0,0.0,0
21.55,USD,Netflix,NG,3.1156,2.0,0.0,0.0,0.0,0.0,1.0,0.0,0.0,1
9.97,EUR,Apple,NG,2.395,3.0,0.0,0.0,0.0,0.0,0.0,0.0,0.0,1
44.02,GBP,Stripe Demo Store,NG,3.8071,1.0,0.0,0.0,0.0,0.0,1.0,0.0,0.0,1
15.1,EUR,Amazon,NG,2.7791,5.0,0.0,0.0,0.0,0.0,0.0,1.0,0.0,1
67.17,GBP,Spotify,NG,4.222,1.0,0.0,0.0,0.0,0.0,0.0,1.0,0.0,1
5.0,USD,Netflix,NG,1.7918,3.0,0.0,0.0,0.0,0.0,1.0,0.0,0.0,1
992.79,GBP,Netflix,NG,6.9015,5.0,1.0,0.0,0.0,1.0,0.0,0.0,0.0,1
54.63,GBP,Stripe Demo Store,CN,4.0187,8.0,0.0,0.0,0.0,1.0,1.0,0.0,1.0,1
1901.73,EUR,Netflix,CN,7.551,2.0,1.0,0.0,0.0,0.0,0.0,0.0,1.0,1
17.97,USD,Stripe Demo Store,NG,2.9427,3.0,0.0,0.0,0.0,0.0,1.0,0.0,0.0,0
557.43,USD,Netflix,NG,6.3251,1.0,1.0,0.0,0.0,0.0,0.0,0.0,0.0,1
12.45,USD,Amazon,NG,2.5986,1.0,0.0,0.0,0.0,0.0,0.0,1.0,0.0,1
23.84,EUR,Netflix,NG,3.2123,4.0,0.0,0.0,0.0,0.0,0.0,0.0,0.0,1
8.11,GBP,Shopify Merchant,NG,2.2095,1.0,0.0,0.0,0.0,0.0,0.0,0.0,0.0,0
18.58,USD,Apple,NG,2.9747,4.0,0.0,0.0,0.0,1.0,0.0,0.0,0.0,1
28.82,USD,Spotify,NG,3.3953,1.0,0.0,0.0,0.0,0.0,0.0,0.0,0.0,1
778.51,USD,Netflix,NG,6.6587,1.0,1.0,0.0,0.0,0.0,1.0,0.0,0.0,1
1562.39,USD,Anonymous Crypto Mix,DE,7.3546,1.0,1.0,0.0,1.0,0.0,1.0,0.45,1.0,1
41.31,EUR,Apple,NG,3.745,2.0,0.0,0.0,0.0,0.0,0.0,0.0,0.0,0
1082.21,GBP,Apple,NG,6.9877,1.0,1.0,0.0,0.0,0.0,1.0,0.0,0.0,1
2286.26,EUR,Gambling Anonymous Hub,NG,7.7351,1.0,1.0,0.0,1.0,0.0,0.0,1.0,0.0,1
2149.73,GBP,Spotify,NG,7.6736,8.0,1.0,0.0,0.0,0.0,0.0,0.0,0.0,0
10.32,EUR,Netflix,NG,2.4262,3.0,0.0,0.0,0.0,0.0,1.0,0.0,0.0,1
29.42,GBP,Anonymous Crypto Mix,US,3.4151,3.0,0.0,0.0,1.0,0.0,1.0,0.45,1.0,1
24.36,EUR,Stripe Demo Store,NG,3.2331,1.0,0.0,0.0,0.0,0.0,1.0,0.0,0.0,0
34.92,GBP,Apple,NG,3.5813,1.0,0.0,0.0,0.0,1.0,0.0,0.0,0.0,1
1052.84,USD,Apple,NG,6.9602,2.0,1.0,0.0,0.0,0.0,0.0,1.0,0.0,1
10.51,EUR,Shopify Merchant,NG,2.4435,1.0,0.0,0.0,0.0,0.0,0.0,0.45,0.0,0
38.21,EUR,Dark Web Market,NG,3.669,1.0,0.0,0.0,1.0,0.0,1.0,0.45,0.0,1
13.63,GBP,Stripe Demo Store,US,2.6834,5.0,0.0,0.0,0.0,0.0,0.0,0.0,1.0,1
5027.66,USD,Anonymous Crypto Mix,NG,8.5229,1.0,1.0,1.0,1.0,0.0,1.0,0.45,0.0,1
6.79,USD,Apple,NG,2.0525,5.0,0.0,0.0,0.0,0.0,1.0,0.45,0.0,1
13.48,EUR,Apple,NG,2.6727,1.0,0.0,0.0,0.0,0.0,0.0,0.0,0.0,0
1835.06,EUR,Spotify,CN,7.5154,1.0,1.0,0.0,0.0,0.0,1.0,0.0,1.0,0
3159.37,EUR,Spotify,CN,8.0584,1.0,1.0,1.0,0.0,0.0,0.0,0.0,1.0,1
35.52,EUR,Shopify Merchant,CN,3.5979,5.0,0.0,0.0,0.0,0.0,1.0,0.0,1.0,0
1914.14,EUR,Amazon,NG,7.5575,2.0,1.0,0.0,0.0,0.0,0.0,0.0,0.0,1
1880.67,USD,Gambling Anonymous Hub,NG,7.5399,3.0,1.0,0.0,1.0,0.0,1.0,0.45,0.0,1
17.82,GBP,Dark Web Market,RU,2.9347,1.0,0.0,0.0,1.0,0.0,0.0,0.45,1.0,1
1174.59,USD,Amazon,NG,7.0695,4.0,1.0,0.0,0.0,0.0,0.0,0.0,0.0,1
8.86,GBP,Shopify Merchant,DE,2.2886,2.0,0.0,0.0,0.0,0.0,0.0,0.0,1.0,0
32.13,USD,Apple,US,3.5003,2.0,0.0,0.0,0.0,1.0,0.0,0.0,1.0,1
42.09,GBP,Stripe Demo Store,NG,3.7633,3.0,0.0,0.0,0.0,1.0,0.0,0.0,0.0,1
12.12,USD,Amazon,NG,2.5742,3.0,0.0,0.0,0.0,0.0,0.0,0.45,0.0,1
15.46,EUR,Shopify Merchant,US,2.8012,2.0,0.0,0.0,0.0,1.0,1.0,0.45,1.0,1
22.18,GBP,Shopify Merchant,NG,3.1432,1.0,0.0,0.0,0.0,0.0,0.0,0.0,0.0,1
7.12,GBP,Netflix,NG,2.0944,4.0,0.0,0.0,0.0,1.0,0.0,1.0,0.0,1
14.61,USD,Spotify,NG,2.7477,1.0,0.0,0.0,0.0,1.0,0.0,0.0,0.0,0
49.07,EUR,Apple,DE,3.9135,10.0,0.0,0.0,0.0,0.0,0.0,0.0,1.0,1
28.96,USD,Amazon,NG,3.3998,1.0,0.0,0.0,0.0,0.0,0.0,0.0,0.0,0
18.0,USD,Spotify,NG,2.9443,1.0,0.0,0.0,0.0,0.0,0.0,0.0,0.0,0
21.74,GBP,Amazon,NG,3.1241,1.0,0.0,0.0,0.0,1.0,0.0,0.0,0.0,1
30.16,EUR,Apple,NG,3.4392,2.0,0.0,0.0,0.0,0.0,1.0,0.0,0.0,1
6948.8,EUR,Anonymous Crypto Mix,NG,8.8465,1.0,1.0,1.0,1.0,0.0,1.0,0.45,0.0,1
13.61,EUR,Apple,NG,2.6814,4.0,0.0,0.0,0.0,0.0,0.0,0.45,0.0,0
649.22,USD,Netflix,NG,6.4773,2.0,1.0,0.0,0.0,0.0,0.0,0.0,0.0,1
50.47,GBP,Netflix,NG,3.9411,1.0,0.0,0.0,0.0,1.0,0.0,0.0,0.0,1
1851.84,EUR,Amazon,NG,7.5245,2.0,1.0,0.0,0.0,0.0,0.0,0.0,0.0,1
3292.9,EUR,Netflix,NG,8.0998,3.0,1.0,1.0,0.0,0.0,1.0,0.0,0.0,1
1876.8,GBP,Gambling Anonymous Hub,NG,7.5379,5.0,1.0,0.0,1.0,0.0,0.0,0.45,0.0,1
15.98,USD,Apple,NG,2.8321,1.0,0.0,0.0,0.0,1.0,0.0,0.0,0.0,0
20.96,GBP,Amazon,NG,3.0891,5.0,0.0,0.0,0.0,0.0,0.0,0.0,0.0,1
5.82,EUR,Stripe Demo Store,NG,1.9205,1.0,0.0,0.0,0.0,1.0,1.0,0.0,0.0,0
28.4,USD,Stripe Demo Store,RU,3.3809,2.0,0.0,0.0,0.0,0.0,0.0,0.0,1.0,0
907.44,EUR,Netflix,NG,6.8117,3.0,1.0,0.0,0.0,0.0,1.0,0.0,0.0,1
8387.84,EUR,Apple,DE,9.0347,1.0,1.0,1.0,0.0,0.0,0.0,0.45,1.0,1
12.51,EUR,Spotify,NG,2.6036,1.0,0.0,0.0,0.0,0.0,0.0,0.45,0.0,0
11.52,EUR,Amazon,NG,2.5272,2.0,0.0,0.0,0.0,1.0,0.0,0.0,0.0,1
24.78,USD,Netflix,NG,3.2495,1.0,0.0,0.0,0.0,0.0,1.0,0.0,0.0,1
18.04,GBP,Netflix,NG,2.9466,1.0,0.0,0.0,0.0,0.0,1.0,1.0,0.0,0
27.39,USD,Stripe Demo Store,NG,3.346,1.0,0.0,0.0,0.0,1.0,0.0,0.0,0.0,0
30.61,GBP,Apple,DE,3.4534,3.0,0.0,0.0,0.0,0.0,0.0,1.0,1.0,1
1652.6,GBP,Amazon,NG,7.4107,1.0,1.0,0.0,0.0,1.0,1.0,0.45,0.0,1
9.09,USD,Stripe Demo Store,NG,2.3118,2.0,0.0,0.0,0.0,0.0,1.0,0.0,0.0,0
23.46,EUR,Netflix,NG,3.1969,8.0,0.0,0.0,0.0,0.0,0.0,0.0,0.0,1
15.57,USD,Spotify,CN,2.8078,3.0,0.0,0.0,0.0,0.0,0.0,1.0,1.0,1
1698.47,GBP,Apple,US,7.4381,2.0,1.0,0.0,0.0,1.0,0.0,0.0,1.0,1
36.78,GBP,Stripe Demo Store,NG,3.6319,2.0,0.0,0.0,0.0,0.0,1.0,0.0,0.0,0
39.69,GBP,Spotify,NG,3.7061,1.0,0.0,0.0,0.0,0.0,0.0,0.0,0.0,0
53.46,GBP,Spotify,RU,3.9974,1.0,0.0,0.0,0.0,0.0,0.0,0.0,1.0,1
27.06,GBP,Amazon,NG,3.3342,1.0,0.0,0.0,0.0,0.0,0.0,0.0,0.0,1
18.6,EUR,Dark Web Market,NG,2.9754,1.0,0.0,0.0,1.0,1.0,0.0,0.45,0.0,1
16.83,EUR,Amazon,NG,2.8807,1.0,0.0,0.0,0.0,0.0,0.0,0.45,0.0,0
5.96,USD,Netflix,NG,1.9407,2.0,0.0,0.0,0.0,0.0,0.0,0.0,0.0,0
6047.89,USD,Wallet Drain Services,CN,8.7076,1.0,1.0,1.0,1.0,0.0,0.0,0.45,1.0,1
16.03,EUR,Netflix,NG,2.8352,1.0,0.0,0.0,0.0,1.0,0.0,1.0,0.0,1
28.62,GBP,Amazon,NG,3.3885,4.0,0.0,0.0,0.0,0.0,0.0,0.0,0.0,0
32.31,GBP,Amazon,US,3.5058,1.0,0.0,0.0,0.0,0.0,0.0,1.0,1.0,0
7017.57,EUR,Stripe Demo Store,RU,8.8563,3.0,1.0,1.0,0.0,1.0,1.0,0.0,1.0,1
8825.45,USD,Netflix,NG,9.0855,1.0,1.0,1.0,0.0,0.0,1.0,0.0,0.0,1
1363.91,USD,Stripe Demo Store,NG,7.2188,2.0,1.0,0.0,0.0,0.0,1.0,0.0,0.0,0
24.61,USD,Shopify Merchant,NG,3.2431,1.0,0.0,0.0,0.0,0.0,0.0,0.0,0.0,1
13.38,GBP,Shopify Merchant,NG,2.6657,1.0,0.0,0.0,0.0,0.0,0.0,1.0,0.0,1
996.73,GBP,Spotify,NG,6.9055,3.0,1.0,0.0,0.0,0.0,0.0,0.0,0.0,1
2391.69,EUR,Apple,NG,7.7802,2.0,1.0,0.0,0.0,0.0,0.0,0.0,0.0,1
38.63,EUR,Spotify,NG,3.6796,1.0,0.0,0.0,0.0,0.0,1.0,0.45,0.0,1
7.2,GBP,Spotify,CN,2.1038,1.0,0.0,0.0,0.0,0.0,1.0,1.0,1.0,0
63.05,GBP,Spotify,NG,4.1597,2.0,0.0,0.0,0.0,0.0,0.0,1.0,0.0,1
1137.22,EUR,Amazon,NG,7.0372,1.0,1.0,0.0,0.0,0.0,0.0,0.0,0.0,1
18.05,GBP,Netflix,NG,2.9472,2.0,0.0,0.0,0.0,1.0,0.0,0.0,0.0,0
8.72,EUR,Amazon,DE,2.2743,2.0,0.0,0.0,0.0,0.0,0.0,0.0,1.0,0
42.01,GBP,Netflix,NG,3.7613,2.0,0.0,0.0,0.0,0.0,1.0,0.0,0.0,1
28.04,EUR,Amazon,NG,3.3685,3.0,0.0,0.0,0.0,0.0,1.0,0.45,0.0,1
7.24,USD,Amazon,NG,2.1089,1.0,0.0,0.0,0.0,0.0,1.0,0.0,0.0,1
17.07,EUR,Amazon,NG,2.8945,4.0,0.0,0.0,0.0,0.0,1.0,1.0,0.0,1
2114.85,USD,Stripe Demo Store,NG,7.6572,2.0,1.0,0.0,0.0,0.0,0.0,0.0,0.0,1
20.32,GBP,Spotify,NG,3.0596,2.0,0.0,0.0,0.0,0.0,1.0,0.0,0.0,0
11.95,USD,Stripe Demo Store,NG,2.561,2.0,0.0,0.0,0.0,0.0,1.0,0.0,0.0,0
9.92,EUR,Apple,DE,2.3901,2.0,0.0,0.0,0.0,0.0,0.0,0.0,1.0,0
69.44,USD,Spotify,NG,4.2548,1.0,0.0,0.0,0.0,0.0,0.0,0.45,0.0,0
36.36,EUR,Amazon,DE,3.6206,8.0,0.0,0.0,0.0,0.0,1.0,0.0,1.0,1
53.8,GBP,Apple,NG,4.0036,6.0,0.0,0.0,0.0,0.0,1.0,0.45,0.0,1
23.9,USD,Netflix,NG,3.2147,1.0,0.0,0.0,0.0,0.0,0.0,0.45,0.0,0
2328.03,GBP,Spotify,NG,7.7532,2.0,1.0,0.0,0.0,0.0,0.0,0.0,0.0,1
11.09,GBP,Spotify,NG,2.4925,3.0,0.0,0.0,0.0,0.0,0.0,0.0,0.0,0
22.51,USD,Apple,NG,3.1573,5.0,0.0,0.0,0.0,0.0,0.0,0.0,0.0,1
24.56,GBP,Netflix,DE,3.2409,2.0,0.0,0.0,0.0,0.0,1.0,0.0,1.0,1
697.82,EUR,Shopify Merchant,NG,6.5494,1.0,1.0,0.0,0.0,0.0,0.0,0.0,0.0,0
25.11,USD,Stripe Demo Store,NG,3.2622,2.0,0.0,0.0,0.0,0.0,0.0,0.0,0.0,0
1093.59,GBP,Stripe Demo Store,NG,6.9981,1.0,1.0,0.0,0.0,0.0,0.0,1.0,0.0,0
5119.42,GBP,Stripe Demo Store,NG,8.541,2.0,1.0,1.0,0.0,0.0,0.0,0.45,0.0,1
6.21,USD,Apple,NG,1.9758,2.0,0.0,0.0,0.0,0.0,1.0,0.0,0.0,1
5.0,USD,Spotify,NG,1.7918,2.0,0.0,0.0,0.0,0.0,1.0,0.0,0.0,0
625.81,EUR,Netflix,NG,6.4406,1.0,1.0,0.0,0.0,0.0,0.0,0.0,0.0,1
15.45,USD,Spotify,NG,2.8004,2.0,0.0,0.0,0.0,0.0,0.0,0.0,0.0,0
16.73,EUR,Dark Web Market,NG,2.8751,2.0,0.0,0.0,1.0,0.0,1.0,0.45,0.0,0
35.93,USD,Spotify,NG,3.6091,1.0,0.0,0.0,0.0,0.0,1.0,0.0,0.0,1
53.41,GBP,Spotify,NG,3.9965,1.0,0.0,0.0,0.0,0.0,1.0,1.0,0.0,0
29.2,USD,Shopify Merchant,NG,3.4078,1.0,0.0,0.0,0.0,0.0,0.0,0.0,0.0,0
77.45,USD,Spotify,DE,4.3625,4.0,0.0,0.0,0.0,0.0,0.0,0.0,1.0,1
28.56,EUR,Anonymous Crypto Mix,NG,3.3863,2.0,0.0,0.0,1.0,0.0,0.0,0.45,0.0,1
24.82,USD,Amazon,NG,3.2511,2.0,0.0,0.0,0.0,1.0,1.0,0.0,0.0,1
23.77,USD,Netflix,NG,3.2095,2.0,0.0,0.0,0.0,0.0,1.0,0.0,0.0,1
8767.99,EUR,Apple,RU,9.079,4.0,1.0,1.0,0.0,0.0,0.0,0.0,1.0,1
39.22,USD,Netflix,NG,3.6944,2.0,0.0,0.0,0.0,0.0,1.0,0.0,0.0,0
5.0,USD,Netflix,NG,1.7918,1.0,0.0,0.0,0.0,0.0,0.0,0.0,0.0,0
13.32,EUR,Amazon,CN,2.662,1.0,0.0,0.0,0.0,1.0,0.0,0.45,1.0,1
20.41,EUR,Stripe Demo Store,NG,3.0639,1.0,0.0,0.0,0.0,0.0,0.0,0.0,0.0,0
11.56,GBP,Shopify Merchant,DE,2.5302,4.0,0.0,0.0,0.0,0.0,0.0,0.0,1.0,1
14.64,EUR,Apple,NG,2.7498,2.0,0.0,0.0,0.0,1.0,0.0,0.0,0.0,1
72.79,EUR,Amazon,NG,4.3012,3.0,0.0,0.0,0.0,0.0,0.0,0.45,0.0,1
43.5,USD,Amazon,DE,3.7955,3.0,0.0,0.0,0.0,0.0,1.0,0.0,1.0,1
12.43,USD,Wallet Drain Services,NG,2.5973,4.0,0.0,0.0,1.0,1.0,0.0,1.0,0.0,1
14.46,USD,Apple,NG,2.7382,8.0,0.0,0.0,0.0,1.0,1.0,0.45,0.0,1
8.22,EUR,Netflix,NG,2.221,2.0,0.0,0.0,0.0,0.0,1.0,0.0,0.0,0
32.9,EUR,Apple,CN,3.5234,1.0,0.0,0.0,0.0,0.0,0.0,0.0,1.0,1
16.86,GBP,Amazon,NG,2.8828,1.0,0.0,0.0,0.0,0.0,1.0,0.0,0.0,0
5.07,GBP,Apple,NG,1.8035,2.0,0.0,0.0,0.0,0.0,0.0,0.0,0.0,0
21.55,EUR,Amazon,NG,3.1159,3.0,0.0,0.0,0.0,0.0,1.0,0.0,0.0,0
27.31,USD,Anonymous Crypto Mix,NG,3.3432,2.0,0.0,0.0,1.0,0.0,1.0,0.45,0.0,1
39.42,GBP,Netflix,NG,3.6993,1.0,0.0,0.0,0.0,1.0,0.0,0.0,0.0,0
19.08,GBP,Amazon,RU,2.9997,3.0,0.0,0.0,0.0,0.0,1.0,1.0,1.0,1
5028.7,USD,Amazon,NG,8.5231,1.0,1.0,1.0,0.0,1.0,1.0,0.0,0.0,1
80.67,GBP,Netflix,DE,4.4027,1.0,0.0,0.0,0.0,0.0,0.0,0.45,1.0,1
20.18,USD,Shopify Merchant,NG,3.053,4.0,0.0,0.0,0.0,0.0,0.0,0.0,0.0,0
33.24,USD,Shopify Merchant,NG,3.5333,2.0,0.0,0.0,0.0,1.0,0.0,0.0,0.0,0
6787.87,EUR,Wallet Drain Services,NG,8.823,1.0,1.0,1.0,1.0,1.0,0.0,1.0,0.0,1
32.56,EUR,Dark Web Market,NG,3.5132,1.0,0.0,0.0,1.0,1.0,1.0,0.45,0.0,1
7.25,EUR,Shopify Merchant,NG,2.1103,2.0,0.0,0.0,0.0,1.0,1.0,0.0,0.0,0
5455.02,EUR,Apple,NG,8.6045,1.0,1.0,1.0,0.0,0.0,0.0,0.0,0.0,1
8.62,USD,Stripe Demo Store,NG,2.264,1.0,0.0,0.0,0.0,0.0,0.0,0.45,0.0,0
8738.64,USD,Amazon,NG,9.0756,2.0,1.0,1.0,0.0,0.0,0.0,0.0,0.0,1
48.2,GBP,Apple,NG,3.8959,2.0,0.0,0.0,0.0,0.0,0.0,0.0,0.0,0
13.08,GBP,Stripe Demo Store,NG,2.645,1.0,0.0,0.0,0.0,1.0,0.0,0.0,0.0,1
33.21,EUR,Spotify,CN,3.5324,2.0,0.0,0.0,0.0,0.0,1.0,0.0,1.0,0
58.1,GBP,Shopify Merchant,NG,4.0792,2.0,0.0,0.0,0.0,0.0,0.0,0.0,0.0,1
4992.37,GBP,Spotify,US,8.5159,1.0,1.0,1.0,0.0,0.0,0.0,0.0,1.0,1
40.27,GBP,Amazon,NG,3.7202,1.0,0.0,0.0,0.0,0.0,1.0,0.0,0.0,1
4863.1,GBP,Apple,NG,8.4896,1.0,1.0,1.0,0.0,0.0,0.0,0.0,0.0,1
21.79,GBP,Stripe Demo Store,NG,3.1264,1.0,0.0,0.0,0.0,1.0,0.0,0.0,0.0,0
33.96,USD,Spotify,NG,3.5542,3.0,0.0,0.0,0.0,0.0,1.0,0.45,0.0,1
8807.55,GBP,Shopify Merchant,NG,9.0835,2.0,1.0,1.0,0.0,0.0,0.0,0.0,0.0,1
12.86,GBP,Gambling Anonymous Hub,NG,2.6288,10.0,0.0,0.0,1.0,0.0,1.0,0.45,0.0,1
6107.87,GBP,Anonymous Crypto Mix,NG,8.7175,1.0,1.0,1.0,1.0,0.0,1.0,0.45,0.0,1
9.85,GBP,Amazon,NG,2.3842,2.0,0.0,0.0,0.0,0.0,0.0,0.0,0.0,0
40.29,GBP,Apple,CN,3.7206,2.0,0.0,0.0,0.0,0.0,0.0,0.0,1.0,0
44.28,GBP,Shopify Merchant,US,3.8129,3.0,0.0,0.0,0.0,0.0,1.0,1.0,1.0,1
13.79,USD,Stripe Demo Store,NG,2.6941,4.0,0.0,0.0,0.0,0.0,0.0,0.0,0.0,1
5.0,USD,Apple,NG,1.7918,2.0,0.0,0.0,0.0,0.0,1.0,0.0,0.0,1
12.52,EUR,Shopify Merchant,NG,2.6045,2.0,0.0,0.0,0.0,1.0,1.0,0.0,0.0,0
29.47,USD,Anonymous Crypto Mix,NG,3.4169,6.0,0.0,0.0,1.0,0.0,1.0,0.45,0.0,1
19.17,GBP,Amazon,NG,3.0041,5.0,0.0,0.0,0.0,0.0,0.0,0.45,0.0,1
1475.16,EUR,Netflix,NG,7.2972,10.0,1.0,0.0,0.0,0.0,0.0,0.0,0.0,1
13.92,EUR,Shopify Merchant,DE,2.703,1.0,0.0,0.0,0.0,1.0,0.0,0.0,1.0,0
40.85,USD,Apple,NG,3.734,1.0,0.0,0.0,0.0,0.0,1.0,1.0,0.0,1
5130.09,USD,XXX Test Casino,NG,8.5431,1.0,1.0,1.0,1.0,1.0,1.0,0.45,0.0,1
30.28,GBP,Netflix,CN,3.443,3.0,0.0,0.0,0.0,1.0,0.0,0.45,1.0,0
22.45,GBP,Shopify Merchant,CN,3.1549,1.0,0.0,0.0,0.0,1.0,0.0,0.0,1.0,0
28.99,GBP,Shopify Merchant,NG,3.401,1.0,0.0,0.0,0.0,0.0,1.0,1.0,0.0,1
27.69,GBP,Shopify Merchant,NG,3.3565,2.0,0.0,0.0,0.0,0.0,0.0,0.0,0.0,1
10.49,GBP,Stripe Demo Store,DE,2.4414,1.0,0.0,0.0,0.0,0.0,0.0,0.0,1.0,0
26.08,USD,Netflix,NG,3.2988,3.0,0.0,0.0,0.0,1.0,0.0,0.0,0.0,1
34.95,USD,Amazon,NG,3.5823,1.0,0.0,0.0,0.0,1.0,1.0,0.0,0.0,1
45.09,EUR,Apple,RU,3.8305,4.0,0.0,0.0,0.0,0.0,0.0,0.45,1.0,0
26.88,EUR,Spotify,US,3.3278,1.0,0.0,0.0,0.0,0.0,0.0,0.0,1.0,0
10.22,EUR,Shopify Merchant,NG,2.4177,2.0,0.0,0.0,0.0,0.0,1.0,0.0,0.0,0
11.38,USD,Netflix,NG,2.5163,2.0,0.0,0.0,0.0,1.0,1.0,0.0,0.0,1
14.81,USD,Apple,NG,2.7607,1.0,0.0,0.0,0.0,0.0,0.0,0.0,0.0,0
786.95,EUR,Spotify,US,6.6694,1.0,1.0,0.0,0.0,0.0,1.0,0.0,1.0,1
18.44,GBP,Spotify,CN,2.9672,4.0,0.0,0.0,0.0,0.0,0.0,0.45,1.0,1
9.15,USD,Spotify,NG,2.3171,2.0,0.0,0.0,0.0,0.0,1.0,1.0,0.0,1
9.11,EUR,Dark Web Market,CN,2.3134,1.0,0.0,0.0,1.0,1.0,0.0,0.45,1.0,0
5.0,EUR,Apple,NG,1.7918,3.0,0.0,0.0,0.0,0.0,0.0,0.0,0.0,1
5.0,EUR,Netflix,NG,1.7918,1.0,0.0,0.0,0.0,0.0,0.0,0.0,0.0,0
18.32,USD,Stripe Demo Store,NG,2.9609,2.0,0.0,0.0,0.0,0.0,0.0,0.0,0.0,0
6459.71,EUR,Amazon,CN,8.7735,2.0,1.0,1.0,0.0,0.0,0.0,0.45,1.0,1
70.65,USD,Spotify,NG,4.2718,2.0,0.0,0.0,0.0,0.0,0.0,0.0,0.0,0
1565.75,GBP,Wallet Drain Services,US,7.3568,1.0,1.0,0.0,1.0,0.0,0.0,0.45,1.0,1
22.31,USD,Netflix,RU,3.1488,1.0,0.0,0.0,0.0,0.0,0.0,0.0,1.0,1
7.21,GBP,Spotify,DE,2.1048,1.0,0.0,0.0,0.0,0.0,0.0,0.0,1.0,0
8.02,USD,Apple,NG,2.1991,1.0,0.0,0.0,0.0,1.0,0.0,0.0,0.0,1
8.69,GBP,Stripe Demo Store,NG,2.2707,2.0,0.0,0.0,0.0,0.0,0.0,0.0,0.0,0
1951.32,USD,Apple,NG,7.5768,2.0,1.0,0.0,0.0,0.0,0.0,0.45,0.0,1
6029.76,EUR,Spotify,NG,8.7046,1.0,1.0,1.0,0.0,1.0,1.0,0.0,0.0,1
2227.19,EUR,Amazon,NG,7.7089,1.0,1.0,0.0,0.0,0.0,0.0,0.0,0.0,0
31.95,GBP,Stripe Demo Store,NG,3.4951,2.0,0.0,0.0,0.0,0.0,0.0,0.0,0.0,0
577.89,EUR,Apple,NG,6.3611,2.0,1.0,0.0,0.0,0.0,0.0,0.0,0.0,1
20.6,EUR,Spotify,NG,3.0727,4.0,0.0,0.0,0.0,0.0,0.0,0.0,0.0,0
2340.28,GBP,Spotify,NG,7.7585,1.0,1.0,0.0,0.0,0.0,0.0,0.0,0.0,1
7.84,GBP,Spotify,NG,2.1789,1.0,0.0,0.0,0.0,0.0,0.0,0.0,0.0,0
7.03,USD,Amazon,NG,2.0837,1.0,0.0,0.0,0.0,0.0,0.0,0.0,0.0,0
31.64,EUR,Stripe Demo Store,NG,3.4856,2.0,0.0,0.0,0.0,1.0,0.0,0.0,0.0,1
15.85,USD,Stripe Demo Store,NG,2.8246,2.0,0.0,0.0,0.0,0.0,0.0,0.0,0.0,0
5.42,GBP,Shopify Merchant,NG,1.8595,1.0,0.0,0.0,0.0,1.0,1.0,0.45,0.0,1
2179.66,GBP,Amazon,NG,7.6874,1.0,1.0,0.0,0.0,1.0,1.0,0.0,0.0,0
1574.58,USD,Stripe Demo Store,NG,7.3624,2.0,1.0,0.0,0.0,0.0,0.0,0.0,0.0,1
8044.03,EUR,Spotify,NG,8.9928,1.0,1.0,1.0,0.0,0.0,0.0,0.0,0.0,1
13.39,GBP,Netflix,NG,2.6668,2.0,0.0,0.0,0.0,0.0,0.0,0.0,0.0,0
32.36,GBP,Netflix,NG,3.5075,1.0,0.0,0.0,0.0,0.0,0.0,0.0,0.0,0
43.05,EUR,Stripe Demo Store,NG,3.7852,1.0,0.0,0.0,0.0,0.0,0.0,1.0,0.0,0
10.29,EUR,Stripe Demo Store,NG,2.4243,1.0,0.0,0.0,0.0,0.0,1.0,0.0,0.0,0
21.18,USD,Spotify,RU,3.0994,8.0,0.0,0.0,0.0,0.0,0.0,0.0,1.0,1
29.59,GBP,Apple,NG,3.4207,1.0,0.0,0.0,0.0,0.0,0.0,1.0,0.0,1
21.78,USD,Amazon,DE,3.1258,1.0,0.0,0.0,0.0,0.0,0.0,0.45,1.0,0
25.86,USD,Spotify,US,3.2907,4.0,0.0,0.0,0.0,1.0,0.0,0.0,1.0,1
7.92,GBP,Amazon,NG,2.1882,1.0,0.0,0.0,0.0,0.0,0.0,0.45,0.0,0
29.6,GBP,Apple,US,3.421,1.0,0.0,0.0,0.0,0.0,1.0,0.0,1.0,0
14.29,USD,Spotify,NG,2.7273,1.0,0.0,0.0,0.0,0.0,0.0,0.45,0.0,1
7489.67,EUR,Dark Web Market,NG,8.9214,2.0,1.0,1.0,1.0,1.0,0.0,0.45,0.0,1
38.24,GBP,Stripe Demo Store,NG,3.6698,1.0,0.0,0.0,0.0,0.0,1.0,0.0,0.0,0
1860.36,GBP,Amazon,NG,7.5291,4.0,1.0,0.0,0.0,0.0,0.0,0.45,0.0,1
25.64,USD,Shopify Merchant,RU,3.2824,3.0,0.0,0.0,0.0,1.0,0.0,1.0,1.0,0
31.48,USD,Apple,DE,3.4808,2.0,0.0,0.0,0.0,0.0,0.0,0.0,1.0,0
32.52,GBP,Spotify,NG,3.5122,1.0,0.0,0.0,0.0,0.0,0.0,0.0,0.0,0
2279.81,USD,Wallet Drain Services,DE,7.7323,3.0,1.0,0.0,1.0,1.0,0.0,1.0,1.0,1
19.61,USD,Amazon,US,3.0259,4.0,0.0,0.0,0.0,0.0,1.0,0.0,1.0,1
22.53,EUR,Amazon,NG,3.1582,4.0,0.0,0.0,0.0,0.0,0.0,0.0,0.0,0
38.57,USD,Stripe Demo Store,NG,3.678,1.0,0.0,0.0,0.0,1.0,1.0,0.0,0.0,0
14.25,USD,Netflix,NG,2.7246,2.0,0.0,0.0,0.0,1.0,0.0,0.45,0.0,0
7.89,EUR,Spotify,NG,2.1847,3.0,0.0,0.0,0.0,1.0,1.0,0.0,0.0,0
28.37,EUR,Amazon,NG,3.3799,6.0,0.0,0.0,0.0,0.0,1.0,1.0,0.0,1
17.39,EUR,Stripe Demo Store,NG,2.9117,1.0,0.0,0.0,0.0,0.0,1.0,0.0,0.0,0
8.63,USD,Shopify Merchant,NG,2.2644,3.0,0.0,0.0,0.0,0.0,0.0,0.0,0.0,1
28.51,GBP,Anonymous Crypto Mix,US,3.3848,2.0,0.0,0.0,1.0,0.0,1.0,0.45,1.0,1
54.7,EUR,Amazon,NG,4.0199,4.0,0.0,0.0,0.0,0.0,1.0,0.0,0.0,1
2332.85,USD,Anonymous Crypto Mix,NG,7.7553,2.0,1.0,0.0,1.0,0.0,1.0,0.45,0.0,0
1123.81,GBP,Stripe Demo Store,NG,7.0254,4.0,1.0,0.0,0.0,0.0,0.0,1.0,0.0,1
5.0,EUR,Anonymous Crypto Mix,NG,1.7918,1.0,0.0,0.0,1.0,0.0,0.0,1.0,0.0,1
15.18,EUR,Shopify Merchant,RU,2.7836,1.0,0.0,0.0,0.0,0.0,1.0,0.45,1.0,1
72.85,GBP,Amazon,NG,4.302,1.0,0.0,0.0,0.0,1.0,1.0,0.0,0.0,0
15.96,GBP,Stripe Demo Store,NG,2.8309,3.0,0.0,0.0,0.0,1.0,0.0,0.45,0.0,0
21.39,USD,Shopify Merchant,US,3.1086,1.0,0.0,0.0,0.0,0.0,1.0,0.0,1.0,0
34.26,EUR,Spotify,US,3.5628,2.0,0.0,0.0,0.0,0.0,1.0,0.0,1.0,0
4903.41,GBP,Apple,US,8.4979,8.0,1.0,1.0,0.0,1.0,0.0,0.0,1.0,1
21.13,GBP,Amazon,RU,3.0967,5.0,0.0,0.0,0.0,0.0,0.0,0.0,1.0,1
753.49,USD,Apple,NG,6.626,2.0,1.0,0.0,0.0,0.0,0.0,0.0,0.0,1
73.97,EUR,Netflix,RU,4.3171,3.0,0.0,0.0,0.0,0.0,0.0,0.0,1.0,1
8.46,GBP,Spotify,NG,2.2467,1.0,0.0,0.0,0.0,1.0,0.0,0.0,0.0,0
1295.74,EUR,Stripe Demo Store,NG,7.1676,2.0,1.0,0.0,0.0,0.0,0.0,0.45,0.0,1
10.49,GBP,Stripe Demo Store,NG,2.4412,2.0,0.0,0.0,0.0,0.0,1.0,0.45,0.0,0
1904.35,EUR,Stripe Demo Store,RU,7.5524,3.0,1.0,0.0,0.0,0.0,0.0,0.0,1.0,1
44.22,GBP,Shopify Merchant,NG,3.8115,1.0,0.0,0.0,0.0,0.0,0.0,1.0,0.0,0
20.46,EUR,Spotify,DE,3.0664,1.0,0.0,0.0,0.0,0.0,0.0,0.45,1.0,1
13.61,GBP,Shopify Merchant,NG,2.682,2.0,0.0,0.0,0.0,0.0,0.0,0.45,0.0,1
655.02,EUR,Netflix,NG,6.4862,2.0,1.0,0.0,0.0,1.0,0.0,0.45,0.0,1
13.54,EUR,Netflix,NG,2.677,4.0,0.0,0.0,0.0,0.0,0.0,0.0,0.0,1
1595.83,USD,Netflix,NG,7.3758,2.0,1.0,0.0,0.0,0.0,0.0,0.45,0.0,1
937.5,GBP,Netflix,NG,6.8443,4.0,1.0,0.0,0.0,1.0,0.0,0.0,0.0,0
16.76,EUR,Stripe Demo Store,NG,2.8768,2.0,0.0,0.0,0.0,0.0,0.0,1.0,0.0,1
15.62,USD,Amazon,NG,2.8106,3.0,0.0,0.0,0.0,0.0,0.0,0.0,0.0,1
11.82,USD,Apple,NG,2.5508,3.0,0.0,0.0,0.0,0.0,0.0,0.0,0.0,0
8340.29,EUR,Wallet Drain Services,NG,9.029,1.0,1.0,1.0,1.0,0.0,1.0,0.45,0.0,1
23.76,USD,Spotify,NG,3.2092,1.0,0.0,0.0,0.0,1.0,0.0,0.0,0.0,1
13.6,GBP,Netflix,DE,2.6813,5.0,0.0,0.0,0.0,0.0,0.0,0.0,1.0,0
18.16,USD,Netflix,NG,2.9527,1.0,0.0,0.0,0.0,0.0,0.0,0.0,0.0,0
91.02,USD,Shopify Merchant,DE,4.522,2.0,0.0,0.0,0.0,0.0,0.0,0.0,1.0,1
722.87,GBP,Apple,NG,6.5846,1.0,1.0,0.0,0.0,0.0,0.0,0.0,0.0,1
9.6,USD,Netflix,NG,2.3612,3.0,0.0,0.0,0.0,0.0,1.0,1.0,0.0,1
10.59,GBP,Stripe Demo Store,US,2.4501,1.0,0.0,0.0,0.0,0.0,0.0,0.45,1.0,0
9.57,EUR,Spotify,NG,2.3578,2.0,0.0,0.0,0.0,0.0,1.0,0.0,0.0,1
42.1,GBP,Netflix,NG,3.7634,2.0,0.0,0.0,0.0,1.0,0.0,0.45,0.0,0
15.2,USD,Apple,NG,2.7848,1.0,0.0,0.0,0.0,0.0,0.0,0.0,0.0,1
1488.08,EUR,Spotify,NG,7.3059,2.0,1.0,0.0,0.0,1.0,0.0,1.0,0.0,1
81.28,GBP,Stripe Demo Store,NG,4.4101,4.0,0.0,0.0,0.0,0.0,0.0,0.45,0.0,0
19.94,USD,Amazon,NG,3.0416,2.0,0.0,0.0,0.0,0.0,0.0,0.45,0.0,0
1748.88,USD,Amazon,DE,7.4673,10.0,1.0,0.0,0.0,0.0,0.0,0.0,1.0,1
28.91,GBP,Amazon,CN,3.3983,3.0,0.0,0.0,0.0,1.0,1.0,0.45,1.0,1
13.31,USD,Netflix,NG,2.6607,2.0,0.0,0.0,0.0,0.0,0.0,0.45,0.0,0
42.16,EUR,Stripe Demo Store,NG,3.7649,2.0,0.0,0.0,0.0,1.0,1.0,0.0,0.0,1
4523.65,EUR,Shopify Merchant,NG,8.4173,5.0,1.0,1.0,0.0,1.0,0.0,0.0,0.0,1
51.31,GBP,Shopify Merchant,NG,3.9572,2.0,0.0,0.0,0.0,0.0,0.0,0.45,0.0,1
13.31,EUR,Netflix,NG,2.6612,1.0,0.0,0.0,0.0,0.0,1.0,1.0,0.0,0
14.37,EUR,Shopify Merchant,NG,2.7327,4.0,0.0,0.0,0.0,1.0,0.0,0.0,0.0,1
9.38,EUR,Apple,NG,2.3394,6.0,0.0,0.0,0.0,0.0,0.0,0.0,0.0,0
10.52,GBP,Netflix,CN,2.4438,2.0,0.0,0.0,0.0,1.0,0.0,0.0,1.0,0
14.9,USD,Netflix,NG,2.7662,1.0,0.0,0.0,0.0,0.0,1.0,0.0,0.0,0
4042.55,GBP,Anonymous Crypto Mix,CN,8.3049,2.0,1.0,1.0,1.0,0.0,0.0,0.45,1.0,1
1788.41,USD,XXX Test Casino,NG,7.4896,3.0,1.0,0.0,1.0,0.0,1.0,0.45,0.0,1
14.08,EUR,Amazon,NG,2.7131,1.0,0.0,0.0,0.0,0.0,1.0,0.0,0.0,1
2050.52,EUR,Stripe Demo Store,NG,7.6263,3.0,1.0,0.0,0.0,1.0,1.0,0.0,0.0,1
2837.18,USD,XXX Test Casino,NG,7.9509,2.0,1.0,1.0,1.0,0.0,1.0,0.45,0.0,1
12.24,USD,Shopify Merchant,RU,2.5832,1.0,0.0,0.0,0.0,1.0,0.0,1.0,1.0,0
14.57,GBP,Amazon,NG,2.7454,2.0,0.0,0.0,0.0,0.0,1.0,0.0,0.0,1
1321.88,GBP,Stripe Demo Store,NG,7.1876,1.0,1.0,0.0,0.0,0.0,0.0,0.0,0.0,1
56.84,EUR,Shopify Merchant,NG,4.0576,3.0,0.0,0.0,0.0,0.0,1.0,0.0,0.0,1
679.4,USD,Amazon,NG,6.5227,1.0,1.0,0.0,0.0,0.0,1.0,0.0,0.0,1
12.14,GBP,Stripe Demo Store,NG,2.5753,3.0,0.0,0.0,0.0,0.0,0.0,0.0,0.0,1
9.12,USD,Stripe Demo Store,NG,2.3141,1.0,0.0,0.0,0.0,0.0,0.0,0.0,0.0,0
2148.31,EUR,Netflix,NG,7.6729,6.0,1.0,0.0,0.0,1.0,0.0,0.0,0.0,0
24.9,GBP,Netflix,NG,3.2543,3.0,0.0,0.0,0.0,0.0,0.0,0.0,0.0,1
23.15,USD,Apple,NG,3.1843,1.0,0.0,0.0,0.0,0.0,1.0,0.0,0.0,0
49.3,EUR,Shopify Merchant,NG,3.918,8.0,0.0,0.0,0.0,1.0,1.0,1.0,0.0,1
41.64,EUR,Netflix,CN,3.7527,2.0,0.0,0.0,0.0,0.0,1.0,0.45,1.0,1
107.55,USD,Netflix,NG,4.6872,2.0,0.0,0.0,0.0,0.0,1.0,0.0,0.0,1
19.07,EUR,Shopify Merchant,NG,2.9994,5.0,0.0,0.0,0.0,0.0,1.0,0.0,0.0,1
16.74,EUR,Stripe Demo Store,NG,2.8757,5.0,0.0,0.0,0.0,0.0,0.0,0.0,0.0,1
8.08,GBP,Amazon,RU,2.2065,2.0,0.0,0.0,0.0,0.0,0.0,0.0,1.0,1
32.71,USD,Shopify Merchant,NG,3.5177,8.0,0.0,0.0,0.0,0.0,0.0,0.45,0.0,1
1738.76,GBP,Spotify,US,7.4615,1.0,1.0,0.0,0.0,1.0,1.0,0.0,1.0,1
31.69,GBP,Apple,NG,3.487,1.0,0.0,0.0,0.0,1.0,0.0,0.0,0.0,0
9.05,USD,Spotify,NG,2.3074,1.0,0.0,0.0,0.0,1.0,1.0,1.0,0.0,1
25.69,GBP,Amazon,DE,3.2843,1.0,0.0,0.0,0.0,0.0,0.0,0.0,1.0,1
23.19,EUR,Spotify,NG,3.1859,2.0,0.0,0.0,0.0,0.0,0.0,0.0,0.0,0
2211.46,GBP,Amazon,US,7.7019,1.0,1.0,0.0,0.0,0.0,0.0,0.0,1.0,1
12.45,EUR,Stripe Demo Store,NG,2.599,2.0,0.0,0.0,0.0,1.0,0.0,0.0,0.0,0
46.18,USD,Spotify,US,3.854,1.0,0.0,0.0,0.0,0.0,0.0,0.0,1.0,1
3001.73,EUR,Stripe Demo Store,NG,8.0073,1.0,1.0,1.0,0.0,0.0,0.0,1.0,0.0,1
2313.49,EUR,Amazon,NG,7.7469,3.0,1.0,0.0,0.0,1.0,0.0,0.0,0.0,1
1098.9,EUR,Stripe Demo Store,NG,7.003,1.0,1.0,0.0,0.0,0.0,0.0,0.0,0.0,0
1173.15,USD,Shopify Merchant,NG,7.0683,3.0,1.0,0.0,0.0,0.0,0.0,0.0,0.0,1
923.4,EUR,Shopify Merchant,NG,6.8291,3.0,1.0,0.0,0.0,0.0,1.0,0.0,0.0,1
5.42,EUR,Gambling Anonymous Hub,NG,1.8601,2.0,0.0,0.0,1.0,0.0,1.0,0.45,0.0,0
13.91,GBP,Apple,NG,2.702,4.0,0.0,0.0,0.0,0.0,0.0,0.0,0.0,1
8.01,GBP,Apple,NG,2.1985,6.0,0.0,0.0,0.0,0.0,1.0,1.0,0.0,0
17.27,GBP,Amazon,NG,2.9054,1.0,0.0,0.0,0.0,0.0,0.0,0.0,0.0,0
36.13,USD,Stripe Demo Store,NG,3.6145,2.0,0.0,0.0,0.0,1.0,1.0,0.45,0.0,1
5.47,USD,Amazon,NG,1.8677,1.0,0.0,0.0,0.0,1.0,1.0,0.0,0.0,0
15.62,USD,Apple,NG,2.8104,1.0,0.0,0.0,0.0,0.0,1.0,0.0,0.0,0
2266.81,USD,Netflix,NG,7.7266,2.0,1.0,0.0,0.0,0.0,0.0,0.45,0.0,1
2137.27,GBP,Shopify Merchant,NG,7.6678,3.0,1.0,0.0,0.0,0.0,1.0,0.0,0.0,1
27.17,EUR,Netflix,NG,3.3384,4.0,0.0,0.0,0.0,0.0,0.0,0.45,0.0,1
8.81,GBP,Spotify,NG,2.2835,3.0,0.0,0.0,0.0,1.0,0.0,0.0,0.0,0
14.44,GBP,Spotify,RU,2.737,3.0,0.0,0.0,0.0,0.0,0.0,0.45,1.0,1
59.7,USD,Apple,NG,4.1059,2.0,0.0,0.0,0.0,0.0,0.0,0.0,0.0,1
1055.66,GBP,Netflix,NG,6.9629,1.0,1.0,0.0,0.0,0.0,0.0,0.0,0.0,1
1862.55,GBP,Apple,NG,7.5302,1.0,1.0,0.0,0.0,1.0,1.0,0.45,0.0,1
548.78,USD,Spotify,CN,6.3095,2.0,1.0,0.0,0.0,0.0,0.0,0.0,1.0,0
769.88,EUR,Netflix,NG,6.6475,3.0,1.0,0.0,0.0,0.0,0.0,0.45,0.0,1
6938.75,EUR,Anonymous Crypto Mix,NG,8.845,1.0,1.0,1.0,1.0,1.0,1.0,1.0,0.0,1
6.07,USD,Apple,NG,1.9554,1.0,0.0,0.0,0.0,0.0,0.0,0.0,0.0,1
12.5,GBP,Shopify Merchant,CN,2.6026,1.0,0.0,0.0,0.0,0.0,1.0,0.0,1.0,0
53.11,GBP,Apple,NG,3.9911,2.0,0.0,0.0,0.0,0.0,1.0,0.45,0.0,1
15.38,EUR,Wallet Drain Services,NG,2.7962,1.0,0.0,0.0,1.0,0.0,0.0,0.45,0.0,1
18.69,GBP,Netflix,NG,2.9799,1.0,0.0,0.0,0.0,0.0,1.0,0.0,0.0,1
22.16,USD,Apple,NG,3.1425,1.0,0.0,0.0,0.0,0.0,1.0,0.0,0.0,0
3996.95,USD,Amazon,US,8.2935,1.0,1.0,1.0,0.0,0.0,0.0,0.45,1.0,1
20.21,GBP,Spotify,NG,3.0545,2.0,0.0,0.0,0.0,0.0,0.0,1.0,0.0,1
3802.29,EUR,Netflix,NG,8.2436,5.0,1.0,1.0,0.0,0.0,0.0,1.0,0.0,0
567.21,USD,XXX Test Casino,RU,6.3425,1.0,1.0,0.0,1.0,0.0,1.0,0.45,1.0,0
16.75,EUR,Stripe Demo Store,NG,2.8764,2.0,0.0,0.0,0.0,0.0,1.0,0.0,0.0,0
20.26,GBP,Spotify,NG,3.057,2.0,0.0,0.0,0.0,0.0,1.0,0.0,0.0,0
11.68,USD,Netflix,NG,2.5402,2.0,0.0,0.0,0.0,0.0,0.0,1.0,0.0,1
17.42,USD,Stripe Demo Store,CN,2.9132,1.0,0.0,0.0,0.0,0.0,0.0,1.0,1.0,0
37.4,USD,Amazon,DE,3.648,1.0,0.0,0.0,0.0,0.0,1.0,0.0,1.0,1
7176.97,EUR,Dark Web Market,NG,8.8788,5.0,1.0,1.0,1.0,0.0,0.0,0.45,0.0,1
20.09,EUR,Amazon,RU,3.0486,6.0,0.0,0.0,0.0,0.0,1.0,1.0,1.0,1
32.99,GBP,Apple,NG,3.526,1.0,0.0,0.0,0.0,0.0,1.0,0.45,0.0,1
11.28,USD,Wallet Drain Services,NG,2.5078,2.0,0.0,0.0,1.0,0.0,0.0,1.0,0.0,1
43.24,USD,Apple,NG,3.7897,1.0,0.0,0.0,0.0,0.0,0.0,0.0,0.0,1
21.14,GBP,Stripe Demo Store,NG,3.0972,1.0,0.0,0.0,0.0,0.0,0.0,0.0,0.0,0
17.89,EUR,Apple,NG,2.9388,1.0,0.0,0.0,0.0,0.0,0.0,0.0,0.0,0
5.0,EUR,Spotify,NG,1.7918,3.0,0.0,0.0,0.0,1.0,0.0,0.0,0.0,1
15.46,EUR,Shopify Merchant,NG,2.8011,1.0,0.0,0.0,0.0,0.0,1.0,1.0,0.0,0
26.05,GBP,Apple,NG,3.2978,1.0,0.0,0.0,0.0,0.0,1.0,0.0,0.0,0
68.15,EUR,Amazon,DE,4.2363,1.0,0.0,0.0,0.0,0.0,0.0,0.0,1.0,1
29.89,USD,Apple,CN,3.4304,1.0,0.0,0.0,0.0,0.0,0.0,1.0,1.0,1
44.18,EUR,Shopify Merchant,NG,3.8107,1.0,0.0,0.0,0.0,0.0,0.0,0.0,0.0,0
8.62,EUR,Amazon,US,2.2634,2.0,0.0,0.0,0.0,0.0,0.0,0.0,1.0,1
18.38,EUR,Spotify,NG,2.9642,2.0,0.0,0.0,0.0,0.0,1.0,0.45,0.0,1
47.21,EUR,Shopify Merchant,NG,3.8755,2.0,0.0,0.0,0.0,0.0,1.0,0.0,0.0,1
10.79,EUR,Stripe Demo Store,RU,2.4672,2.0,0.0,0.0,0.0,0.0,1.0,0.0,1.0,1
39.47,USD,Stripe Demo Store,NG,3.7007,3.0,0.0,0.0,0.0,0.0,0.0,0.45,0.0,0
33.56,USD,Stripe Demo Store,NG,3.5427,1.0,0.0,0.0,0.0,0.0,1.0,0.0,0.0,0
24.34,USD,Shopify Merchant,NG,3.2326,1.0,0.0,0.0,0.0,0.0,1.0,0.45,0.0,1
2614.23,EUR,Spotify,NG,7.8691,4.0,1.0,1.0,0.0,0.0,1.0,1.0,0.0,1
10.07,USD,Netflix,US,2.4043,2.0,0.0,0.0,0.0,1.0,0.0,0.0,1.0,0
2142.74,USD,Spotify,CN,7.6703,2.0,1.0,0.0,0.0,0.0,0.0,0.0,1.0,1
31.26,GBP,Spotify,NG,3.4738,1.0,0.0,0.0,0.0,0.0,0.0,0.0,0.0,0
25.49,USD,Amazon,NG,3.2769,1.0,0.0,0.0,0.0,0.0,0.0,0.45,0.0,0
2286.09,USD,Spotify,NG,7.735,1.0,1.0,0.0,0.0,0.0,0.0,0.0,0.0,0
1453.19,USD,Apple,NG,7.2822,4.0,1.0,0.0,0.0,0.0,1.0,0.0,0.0,1
919.25,USD,Apple,NG,6.8246,2.0,1.0,0.0,0.0,0.0,0.0,0.45,0.0,0
52.86,GBP,Amazon,NG,3.9863,1.0,0.0,0.0,0.0,0.0,0.0,0.0,0.0,0
1275.47,USD,Amazon,NG,7.1518,1.0,1.0,0.0,0.0,1.0,0.0,0.0,0.0,1
33.58,EUR,Stripe Demo Store,NG,3.5434,1.0,0.0,0.0,0.0,1.0,1.0,0.45,0.0,1
11.61,EUR,Apple,CN,2.5349,1.0,0.0,0.0,0.0,0.0,0.0,0.0,1.0,0
7.19,USD,Netflix,NG,2.1035,2.0,0.0,0.0,0.0,0.0,0.0,0.45,0.0,0
6710.2,GBP,XXX Test Casino,NG,8.8115,1.0,1.0,1.0,1.0,0.0,0.0,0.45,0.0,1
5.91,GBP,Netflix,CN,1.9332,4.0,0.0,0.0,0.0,0.0,0.0,0.0,1.0,1
531.68,USD,Stripe Demo Store,NG,6.2779,3.0,1.0,0.0,0.0,0.0,0.0,0.0,0.0,1
14.06,EUR,Netflix,NG,2.7123,5.0,0.0,0.0,0.0,0.0,1.0,0.45,0.0,0
814.59,GBP,Stripe Demo Store,US,6.7039,4.0,1.0,0.0,0.0,0.0,0.0,0.0,1.0,0
80.46,EUR,Shopify Merchant,NG,4.4002,5.0,0.0,0.0,0.0,0.0,0.0,0.45,0.0,1
1897.4,USD,Netflix,NG,7.5488,8.0,1.0,0.0,0.0,0.0,1.0,0.0,0.0,1
98.68,EUR,Amazon,NG,4.602,1.0,0.0,0.0,0.0,1.0,0.0,0.45,0.0,1
17.06,EUR,Amazon,RU,2.8938,1.0,0.0,0.0,0.0,0.0,0.0,0.0,1.0,1
25.62,USD,Spotify,RU,3.2818,1.0,0.0,0.0,0.0,0.0,0.0,0.45,1.0,0
7.46,USD,Amazon,CN,2.1354,2.0,0.0,0.0,0.0,0.0,0.0,0.0,1.0,1
40.36,GBP,Spotify,NG,3.7223,2.0,0.0,0.0,0.0,0.0,0.0,0.0,0.0,1
20.68,GBP,Stripe Demo Store,NG,3.0763,1.0,0.0,0.0,0.0,0.0,0.0,0.0,0.0,0
19.24,USD,Apple,NG,3.0076,4.0,0.0,0.0,0.0,0.0,0.0,0.0,0.0,0
5.17,GBP,Stripe Demo Store,NG,1.8205,3.0,0.0,0.0,0.0,0.0,1.0,0.0,0.0,1
21.15,USD,Gambling Anonymous Hub,NG,3.0979,2.0,0.0,0.0,1.0,0.0,1.0,0.45,0.0,0
1670.75,USD,Gambling Anonymous Hub,NG,7.4216,1.0,1.0,0.0,1.0,0.0,0.0,1.0,0.0,1
17.02,EUR,Apple,NG,2.8917,1.0,0.0,0.0,0.0,0.0,0.0,0.45,0.0,1
4530.63,GBP,Gambling Anonymous Hub,DE,8.4188,2.0,1.0,1.0,1.0,0.0,1.0,1.0,1.0,1
3018.15,EUR,Apple,NG,8.0127,1.0,1.0,1.0,0.0,0.0,0.0,0.0,0.0,1
12.82,GBP,Spotify,NG,2.6263,2.0,0.0,0.0,0.0,1.0,0.0,0.0,0.0,0
61.35,EUR,Stripe Demo Store,RU,4.1327,1.0,0.0,0.0,0.0,0.0,0.0,0.0,1.0,0
20.73,EUR,Shopify Merchant,NG,3.0788,1.0,0.0,0.0,0.0,0.0,0.0,0.45,0.0,1
20.8,EUR,Spotify,NG,3.0818,1.0,0.0,0.0,0.0,0.0,1.0,1.0,0.0,0
21.53,GBP,Amazon,DE,3.1147,2.0,0.0,0.0,0.0,0.0,0.0,0.0,1.0,0
21.08,GBP,Gambling Anonymous Hub,NG,3.0949,1.0,0.0,0.0,1.0,0.0,1.0,0.45,0.0,1
5.0,EUR,XXX Test Casino,NG,1.7918,6.0,0.0,0.0,1.0,0.0,0.0,0.45,0.0,1
17.64,USD,Shopify Merchant,US,2.9253,1.0,0.0,0.0,0.0,0.0,0.0,0.0,1.0,1
2998.42,USD,Amazon,NG,8.0062,5.0,1.0,1.0,0.0,1.0,1.0,1.0,0.0,1
62.7,USD,Apple,NG,4.1543,1.0,0.0,0.0,0.0,0.0,1.0,0.0,0.0,1
60.96,EUR,Apple,NG,4.1265,1.0,0.0,0.0,0.0,1.0,0.0,0.0,0.0,0
4113.85,EUR,Stripe Demo Store,NG,8.3224,10.0,1.0,1.0,0.0,0.0,0.0,0.0,0.0,0
17.0,USD,Apple,NG,2.8902,3.0,0.0,0.0,0.0,0.0,1.0,0.0,0.0,0
9.92,EUR,Netflix,CN,2.3904,2.0,0.0,0.0,0.0,0.0,1.0,0.0,1.0,0
1780.8,USD,Stripe Demo Store,NG,7.4854,3.0,1.0,0.0,0.0,0.0,1.0,0.45,0.0,1
78.25,GBP,Anonymous Crypto Mix,NG,4.3725,1.0,0.0,0.0,1.0,0.0,1.0,0.45,0.0,1
12.37,EUR,Netflix,US,2.5932,3.0,0.0,0.0,0.0,0.0,0.0,0.0,1.0,1
5.0,USD,Stripe Demo Store,DE,1.7918,1.0,0.0,0.0,0.0,0.0,0.0,0.0,1.0,1
2853.73,GBP,Wallet Drain Services,NG,7.9567,3.0,1.0,1.0,1.0,0.0,1.0,0.45,0.0,1
57.42,EUR,Spotify,NG,4.0676,5.0,0.0,0.0,0.0,1.0,0.0,0.0,0.0,1
64.16,GBP,Amazon,NG,4.1769,4.0,0.0,0.0,0.0,0.0,1.0,0.0,0.0,1
41.55,EUR,Apple,NG,3.7506,3.0,0.0,0.0,0.0,0.0,0.0,0.45,0.0,1
46.57,GBP,Netflix,NG,3.8623,2.0,0.0,0.0,0.0,0.0,1.0,0.0,0.0,0
20.84,EUR,Shopify Merchant,RU,3.0839,2.0,0.0,0.0,0.0,0.0,0.0,1.0,1.0,0
1905.73,EUR,Netflix,NG,7.5531,1.0,1.0,0.0,0.0,0.0,1.0,0.0,0.0,1
760.64,EUR,Spotify,NG,6.6355,4.0,1.0,0.0,0.0,0.0,0.0,0.0,0.0,0
31.03,EUR,XXX Test Casino,NG,3.4668,2.0,0.0,0.0,1.0,0.0,0.0,0.45,0.0,1
18.27,USD,Apple,NG,2.9586,1.0,0.0,0.0,0.0,0.0,1.0,0.0,0.0,0
17.7,EUR,Wallet Drain Services,NG,2.9284,3.0,0.0,0.0,1.0,0.0,1.0,1.0,0.0,1
10.23,USD,Spotify,RU,2.4184,1.0,0.0,0.0,0.0,0.0,1.0,0.0,1.0,1
9.96,USD,Stripe Demo Store,NG,2.3944,3.0,0.0,0.0,0.0,1.0,0.0,0.0,0.0,1
72.73,GBP,Anonymous Crypto Mix,RU,4.3004,3.0,0.0,0.0,1.0,1.0,1.0,1.0,1.0,0
74.59,GBP,Stripe Demo Store,NG,4.3254,1.0,0.0,0.0,0.0,0.0,0.0,0.0,0.0,1
20.05,GBP,Spotify,US,3.0468,1.0,0.0,0.0,0.0,1.0,1.0,0.0,1.0,0
24.46,EUR,Apple,NG,3.2371,3.0,0.0,0.0,0.0,0.0,1.0,0.45,0.0,1
10.11,USD,Stripe Demo Store,NG,2.4077,1.0,0.0,0.0,0.0,0.0,0.0,0.0,0.0,0
31.49,USD,Spotify,NG,3.4811,10.0,0.0,0.0,0.0,0.0,0.0,0.45,0.0,1
4060.59,EUR,Netflix,NG,8.3093,1.0,1.0,1.0,0.0,0.0,0.0,0.0,0.0,1
879.97,GBP,Apple,NG,6.781,1.0,1.0,0.0,0.0,1.0,0.0,1.0,0.0,1
5582.2,EUR,Dark Web Market,NG,8.6275,1.0,1.0,1.0,1.0,1.0,0.0,0.45,0.0,1
595.96,USD,Shopify Merchant,NG,6.3918,3.0,1.0,0.0,0.0,0.0,0.0,0.0,0.0,1
29.06,EUR,Apple,NG,3.4032,2.0,0.0,0.0,0.0,0.0,0.0,1.0,0.0,0
4799.08,USD,Netflix,NG,8.4764,4.0,1.0,1.0,0.0,0.0,1.0,0.45,0.0,1
83.53,GBP,Stripe Demo Store,NG,4.4371,6.0,0.0,0.0,0.0,0.0,1.0,0.45,0.0,1
17.06,EUR,Gambling Anonymous Hub,NG,2.8935,2.0,0.0,0.0,1.0,0.0,1.0,0.45,0.0,1
32.18,EUR,Apple,NG,3.5018,1.0,0.0,0.0,0.0,0.0,0.0,0.0,0.0,0
21.31,GBP,Amazon,NG,3.1048,1.0,0.0,0.0,0.0,0.0,0.0,0.0,0.0,0
12.9,GBP,Amazon,DE,2.6322,4.0,0.0,0.0,0.0,0.0,0.0,0.0,1.0,1
24.28,EUR,Spotify,NG,3.2299,1.0,0.0,0.0,0.0,0.0,0.0,0.0,0.0,0
32.14,EUR,Netflix,NG,3.5007,5.0,0.0,0.0,0.0,1.0,0.0,0.0,0.0,1
759.67,EUR,Netflix,NG,6.6342,4.0,1.0,0.0,0.0,0.0,0.0,0.0,0.0,1
10.84,USD,Gambling Anonymous Hub,NG,2.4714,2.0,0.0,0.0,1.0,0.0,0.0,0.45,0.0,0
14.52,USD,Apple,NG,2.7421,2.0,0.0,0.0,0.0,0.0,0.0,0.0,0.0,0
594.37,USD,Netflix,NG,6.3892,6.0,1.0,0.0,0.0,0.0,1.0,0.0,0.0,1
11.14,GBP,Shopify Merchant,NG,2.4963,3.0,0.0,0.0,0.0,0.0,0.0,0.0,0.0,1
25.02,EUR,Shopify Merchant,DE,3.2587,2.0,0.0,0.0,0.0,1.0,1.0,0.0,1.0,0
26.91,USD,XXX Test Casino,DE,3.3292,1.0,0.0,0.0,1.0,0.0,0.0,0.45,1.0,1
39.87,EUR,Apple,US,3.7104,2.0,0.0,0.0,0.0,0.0,1.0,0.0,1.0,1
11.02,USD,Shopify Merchant,NG,2.4865,1.0,0.0,0.0,0.0,0.0,0.0,0.0,0.0,0
618.79,EUR,Amazon,NG,6.4294,6.0,1.0,0.0,0.0,0.0,0.0,0.45,0.0,1
1170.73,USD,Netflix,NG,7.0662,2.0,1.0,0.0,0.0,0.0,1.0,0.0,0.0,1
17.9,GBP,Amazon,NG,2.9392,3.0,0.0,0.0,0.0,0.0,0.0,0.0,0.0,0
20.51,GBP,Apple,NG,3.0687,1.0,0.0,0.0,0.0,0.0,0.0,0.0,0.0,0
1274.16,EUR,Spotify,RU,7.1508,4.0,1.0,0.0,0.0,1.0,0.0,0.0,1.0,1
44.39,USD,Stripe Demo Store,RU,3.8154,1.0,0.0,0.0,0.0,1.0,1.0,0.0,1.0,0
45.62,GBP,Netflix,NG,3.842,3.0,0.0,0.0,0.0,0.0,0.0,0.0,0.0,1
43.78,EUR,Shopify Merchant,NG,3.8018,1.0,0.0,0.0,0.0,0.0,0.0,0.0,0.0,1
20.46,USD,Netflix,NG,3.0663,5.0,0.0,0.0,0.0,0.0,1.0,0.0,0.0,1
10.91,USD,Wallet Drain Services,NG,2.477,2.0,0.0,0.0,1.0,0.0,1.0,0.45,0.0,1
77.3,GBP,Shopify Merchant,NG,4.3605,2.0,0.0,0.0,0.0,0.0,0.0,0.0,0.0,0
36.58,GBP,Anonymous Crypto Mix,DE,3.6264,1.0,0.0,0.0,1.0,0.0,1.0,0.45,1.0,1
14.59,EUR,Apple,NG,2.7466,1.0,0.0,0.0,0.0,0.0,0.0,0.0,0.0,0
54.42,USD,Shopify Merchant,NG,4.0149,1.0,0.0,0.0,0.0,0.0,0.0,0.0,0.0,0
13.81,GBP,Netflix,NG,2.695,1.0,0.0,0.0,0.0,0.0,0.0,1.0,0.0,1
3985.69,EUR,XXX Test Casino,NG,8.2907,2.0,1.0,1.0,1.0,0.0,1.0,0.45,0.0,1
56.53,EUR,Dark Web Market,NG,4.0523,2.0,0.0,0.0,1.0,1.0,0.0,0.45,0.0,1
10.54,USD,Spotify,CN,2.4456,1.0,0.0,0.0,0.0,0.0,0.0,0.45,1.0,0
30.18,USD,Shopify Merchant,NG,3.4398,3.0,0.0,0.0,0.0,1.0,0.0,0.0,0.0,0
1548.05,USD,Spotify,NG,7.3454,1.0,1.0,0.0,0.0,0.0,1.0,0.0,0.0,0
125.27,EUR,Spotify,NG,4.8384,1.0,0.0,0.0,0.0,0.0,0.0,0.0,0.0,1
2115.03,EUR,Shopify Merchant,CN,7.6573,4.0,1.0,0.0,0.0,0.0,1.0,0.0,1.0,1
54.75,USD,Wallet Drain Services,NG,4.0209,1.0,0.0,0.0,1.0,0.0,0.0,0.45,0.0,1
20.33,GBP,Shopify Merchant,NG,3.0602,2.0,0.0,0.0,0.0,1.0,0.0,1.0,0.0,1
8.42,USD,Apple,NG,2.2432,5.0,0.0,0.0,0.0,0.0,0.0,0.0,0.0,0
18.47,GBP,Shopify Merchant,US,2.9687,3.0,0.0,0.0,0.0,0.0,1.0,0.45,1.0,1
1450.34,USD,Amazon,NG,7.2802,2.0,1.0,0.0,0.0,0.0,1.0,0.0,0.0,1
2376.35,GBP,Amazon,NG,7.7737,2.0,1.0,0.0,0.0,0.0,1.0,0.0,0.0,1
24.99,EUR,Shopify Merchant,NG,3.2578,4.0,0.0,0.0,0.0,0.0,0.0,0.0,0.0,1
8017.54,EUR,Anonymous Crypto Mix,NG,8.9895,4.0,1.0,1.0,1.0,0.0,0.0,0.45,0.0,1
23.73,USD,Amazon,NG,3.208,1.0,0.0,0.0,0.0,0.0,0.0,0.0,0.0,0
13.75,EUR,Shopify Merchant,NG,2.6909,2.0,0.0,0.0,0.0,0.0,0.0,0.0,0.0,0
18.1,GBP,Amazon,NG,2.9498,4.0,0.0,0.0,0.0,1.0,1.0,0.45,0.0,1
20.02,GBP,Shopify Merchant,NG,3.0456,3.0,0.0,0.0,0.0,0.0,0.0,0.45,0.0,1
520.55,USD,Shopify Merchant,NG,6.2568,1.0,1.0,0.0,0.0,1.0,0.0,0.0,0.0,0
43.68,GBP,Dark Web Market,NG,3.7995,1.0,0.0,0.0,1.0,0.0,0.0,0.45,0.0,0
24.3,GBP,Amazon,DE,3.2307,2.0,0.0,0.0,0.0,0.0,1.0,0.45,1.0,0
7.52,EUR,Dark Web Market,NG,2.1429,1.0,0.0,0.0,1.0,0.0,1.0,0.45,0.0,1
13.55,EUR,Stripe Demo Store,US,2.6776,2.0,0.0,0.0,0.0,0.0,0.0,0.45,1.0,1
22.56,EUR,Spotify,US,3.1596,2.0,0.0,0.0,0.0,0.0,0.0,0.0,1.0,1
44.12,GBP,Netflix,NG,3.8093,1.0,0.0,0.0,0.0,0.0,0.0,0.0,0.0,0
49.82,GBP,Stripe Demo Store,NG,3.9284,1.0,0.0,0.0,0.0,0.0,0.0,0.0,0.0,0
69.57,GBP,Netflix,NG,4.2566,4.0,0.0,0.0,0.0,0.0,0.0,0.0,0.0,1
22.01,EUR,Stripe Demo Store,US,3.1359,4.0,0.0,0.0,0.0,0.0,0.0,0.45,1.0,1
34.27,EUR,Stripe Demo Store,US,3.5631,3.0,0.0,0.0,0.0,0.0,0.0,0.0,1.0,1
7.26,GBP,Spotify,NG,2.111,5.0,0.0,0.0,0.0,0.0,0.0,1.0,0.0,1
1167.67,EUR,Netflix,NG,7.0636,6.0,1.0,0.0,0.0,0.0,0.0,0.0,0.0,1
4676.86,USD,Amazon,NG,8.4506,2.0,1.0,1.0,0.0,0.0,1.0,0.45,0.0,1
19.23,EUR,Netflix,NG,3.0069,1.0,0.0,0.0,0.0,1.0,0.0,0.0,0.0,0
8088.7,GBP,Shopify Merchant,RU,8.9983,3.0,1.0,1.0,0.0,1.0,0.0,0.0,1.0,1
24.84,GBP,Spotify,RU,3.252,2.0,0.0,0.0,0.0,0.0,1.0,0.45,1.0,0
10.97,USD,Shopify Merchant,NG,2.4826,1.0,0.0,0.0,0.0,0.0,1.0,0.0,0.0,0
26.72,USD,Netflix,NG,3.3222,8.0,0.0,0.0,0.0,1.0,1.0,0.0,0.0,1
13.99,EUR,Apple,US,2.7071,1.0,0.0,0.0,0.0,0.0,0.0,0.0,1.0,0
2076.96,EUR,Stripe Demo Store,NG,7.6391,5.0,1.0,0.0,0.0,0.0,0.0,0.0,0.0,1
87.55,GBP,Apple,NG,4.4836,2.0,0.0,0.0,0.0,1.0,0.0,0.0,0.0,1
42.38,EUR,Shopify Merchant,RU,3.7701,1.0,0.0,0.0,0.0,1.0,1.0,0.0,1.0,0
25.58,GBP,Amazon,NG,3.2802,4.0,0.0,0.0,0.0,0.0,0.0,1.0,0.0,0
15.27,GBP,Apple,NG,2.7892,3.0,0.0,0.0,0.0,1.0,0.0,0.45,0.0,0
16.16,USD,Spotify,DE,2.8425,2.0,0.0,0.0,0.0,0.0,0.0,0.45,1.0,1
59.13,USD,Shopify Merchant,DE,4.0965,2.0,0.0,0.0,0.0,1.0,0.0,0.45,1.0,1
24.89,GBP,Netflix,NG,3.254,1.0,0.0,0.0,0.0,0.0,0.0,0.0,0.0,1
5.0,EUR,Stripe Demo Store,NG,1.7918,1.0,0.0,0.0,0.0,0.0,0.0,0.45,0.0,0
109.36,USD,Netflix,NG,4.7038,1.0,0.0,0.0,0.0,0.0,0.0,0.0,0.0,0
22.83,USD,Spotify,NG,3.171,1.0,0.0,0.0,0.0,0.0,0.0,1.0,0.0,1
25.54,EUR,Stripe Demo Store,NG,3.2788,1.0,0.0,0.0,0.0,0.0,0.0,0.0,0.0,1
42.98,GBP,Anonymous Crypto Mix,CN,3.7837,2.0,0.0,0.0,1.0,0.0,1.0,0.45,1.0,1
27.82,EUR,Amazon,NG,3.3611,1.0,0.0,0.0,0.0,0.0,1.0,0.0,0.0,0
33.88,USD,Netflix,NG,3.5519,2.0,0.0,0.0,0.0,1.0,0.0,0.0,0.0,0
14.93,GBP,Amazon,NG,2.7682,1.0,0.0,0.0,0.0,0.0,0.0,0.0,0.0,0
1823.66,GBP,Apple,NG,7.5091,1.0,1.0,0.0,0.0,1.0,0.0,1.0,0.0,1
24.44,USD,Shopify Merchant,CN,3.2363,6.0,0.0,0.0,0.0,0.0,0.0,0.0,1.0,1
54.71,USD,Stripe Demo Store,DE,4.0202,10.0,0.0,0.0,0.0,0.0,0.0,0.0,1.0,1
12.76,USD,Amazon,NG,2.622,3.0,0.0,0.0,0.0,1.0,0.0,1.0,0.0,0
5264.85,GBP,Gambling Anonymous Hub,RU,8.569,1.0,1.0,1.0,1.0,0.0,0.0,1.0,1.0,1
2337.22,GBP,Shopify Merchant,NG,7.7571,3.0,1.0,0.0,0.0,0.0,0.0,0.45,0.0,1
14.58,EUR,Netflix,NG,2.7462,1.0,0.0,0.0,0.0,0.0,0.0,0.0,0.0,0
15.07,EUR,Amazon,US,2.7769,2.0,0.0,0.0,0.0,0.0,0.0,0.0,1.0,0
15.47,GBP,Spotify,NG,2.8014,5.0,0.0,0.0,0.0,1.0,1.0,0.45,0.0,0
3453.25,USD,Shopify Merchant,CN,8.1474,1.0,1.0,1.0,0.0,0.0,0.0,0.0,1.0,1
6.68,USD,Netflix,NG,2.038,5.0,0.0,0.0,0.0,0.0,1.0,0.0,0.0,1
13.77,GBP,Spotify,NG,2.6926,3.0,0.0,0.0,0.0,1.0,0.0,0.0,0.0,1
5871.91,GBP,XXX Test Casino,NG,8.6781,1.0,1.0,1.0,1.0,0.0,1.0,0.45,0.0,1
23.48,GBP,Spotify,NG,3.198,1.0,0.0,0.0,0.0,0.0,1.0,0.0,0.0,0
45.18,EUR,Spotify,NG,3.8325,3.0,0.0,0.0,0.0,0.0,0.0,1.0,0.0,1
72.79,GBP,Amazon,NG,4.3012,2.0,0.0,0.0,0.0,0.0,0.0,0.45,0.0,1
57.9,USD,Stripe Demo Store,NG,4.0759,1.0,0.0,0.0,0.0,0.0,1.0,1.0,0.0,1
38.1,GBP,Wallet Drain Services,NG,3.6662,1.0,0.0,0.0,1.0,0.0,0.0,0.45,0.0,0
18.1,GBP,Amazon,NG,2.9497,6.0,0.0,0.0,0.0,0.0,0.0,0.0,0.0,1
4489.8,EUR,Wallet Drain Services,NG,8.4098,1.0,1.0,1.0,1.0,0.0,0.0,0.45,0.0,1
6578.96,USD,Shopify Merchant,NG,8.7918,6.0,1.0,1.0,0.0,1.0,0.0,1.0,0.0,1
30.26,USD,Shopify Merchant,NG,3.4424,2.0,0.0,0.0,0.0,0.0,0.0,0.0,0.0,1
35.71,USD,Shopify Merchant,NG,3.603,1.0,0.0,0.0,0.0,0.0,1.0,0.0,0.0,0
31.07,USD,Spotify,NG,3.4678,1.0,0.0,0.0,0.0,0.0,0.0,0.0,0.0,0
18.45,USD,Spotify,RU,2.968,3.0,0.0,0.0,0.0,0.0,0.0,0.0,1.0,0
2044.6,EUR,Shopify Merchant,NG,7.6234,1.0,1.0,0.0,0.0,0.0,0.0,0.0,0.0,0
48.55,EUR,Apple,NG,3.903,1.0,0.0,0.0,0.0,0.0,0.0,0.0,0.0,0
37.19,USD,Apple,NG,3.6426,1.0,0.0,0.0,0.0,0.0,1.0,0.0,0.0,0
19.64,GBP,Stripe Demo Store,NG,3.0273,4.0,0.0,0.0,0.0,0.0,0.0,0.0,0.0,1
11.2,EUR,Amazon,NG,2.5018,2.0,0.0,0.0,0.0,0.0,0.0,0.0,0.0,1
11.02,USD,Apple,NG,2.4866,2.0,0.0,0.0,0.0,0.0,0.0,0.0,0.0,0
12.47,GBP,Spotify,NG,2.6003,1.0,0.0,0.0,0.0,0.0,1.0,0.0,0.0,0
2206.5,GBP,Netflix,NG,7.6996,2.0,1.0,0.0,0.0,0.0,0.0,0.0,0.0,1
28.9,EUR,Spotify,NG,3.3979,3.0,0.0,0.0,0.0,0.0,1.0,0.0,0.0,0
1634.34,GBP,Apple,NG,7.3996,1.0,1.0,0.0,0.0,0.0,0.0,0.0,0.0,1
14.11,GBP,Shopify Merchant,NG,2.7157,10.0,0.0,0.0,0.0,0.0,1.0,0.0,0.0,1
1732.64,EUR,Netflix,US,7.458,4.0,1.0,0.0,0.0,1.0,0.0,0.0,1.0,1
10.7,EUR,Shopify Merchant,NG,2.4596,1.0,0.0,0.0,0.0,0.0,0.0,0.0,0.0,0
27.21,GBP,Shopify Merchant,NG,3.3398,4.0,0.0,0.0,0.0,0.0,1.0,0.0,0.0,1
5967.7,EUR,Shopify Merchant,NG,8.6943,2.0,1.0,1.0,0.0,0.0,0.0,0.0,0.0,1
12.1,USD,Apple,NG,2.573,2.0,0.0,0.0,0.0,0.0,0.0,0.0,0.0,0
20.85,EUR,Netflix,NG,3.0841,1.0,0.0,0.0,0.0,0.0,1.0,0.0,0.0,0
26.43,GBP,Gambling Anonymous Hub,NG,3.3117,5.0,0.0,0.0,1.0,0.0,1.0,0.45,0.0,0
11.09,GBP,Amazon,NG,2.4924,2.0,0.0,0.0,0.0,0.0,1.0,0.45,0.0,0
16.95,GBP,Stripe Demo Store,CN,2.8875,3.0,0.0,0.0,0.0,0.0,0.0,0.0,1.0,0
27.87,GBP,Amazon,CN,3.3626,1.0,0.0,0.0,0.0,0.0,1.0,0.0,1.0,0
1140.13,EUR,Shopify Merchant,CN,7.0398,1.0,1.0,0.0,0.0,0.0,1.0,0.0,1.0,0
6.29,GBP,Amazon,NG,1.987,6.0,0.0,0.0,0.0,0.0,0.0,0.0,0.0,1
6.85,USD,Netflix,NG,2.0606,2.0,0.0,0.0,0.0,0.0,0.0,0.45,0.0,0
14.99,GBP,Netflix,NG,2.7719,1.0,0.0,0.0,0.0,0.0,0.0,0.45,0.0,0
2155.08,EUR,Amazon,RU,7.676,4.0,1.0,0.0,0.0,0.0,0.0,0.0,1.0,1
15.75,USD,Amazon,NG,2.8182,1.0,0.0,0.0,0.0,0.0,0.0,0.0,0.0,0
64.42,USD,Shopify Merchant,NG,4.1809,4.0,0.0,0.0,0.0,0.0,0.0,0.0,0.0,1
7.65,GBP,Shopify Merchant,NG,2.1578,5.0,0.0,0.0,0.0,1.0,0.0,0.0,0.0,1
16.48,USD,Netflix,NG,2.8611,1.0,0.0,0.0,0.0,1.0,1.0,0.0,0.0,1
2358.06,EUR,Shopify Merchant,US,7.766,2.0,1.0,0.0,0.0,0.0,1.0,0.0,1.0,1
26.73,EUR,Spotify,NG,3.3224,8.0,0.0,0.0,0.0,0.0,0.0,1.0,0.0,1
1588.17,EUR,Stripe Demo Store,NG,7.371,5.0,1.0,0.0,0.0,1.0,0.0,0.45,0.0,1
18.0,EUR,Wallet Drain Services,NG,2.9443,2.0,0.0,0.0,1.0,1.0,0.0,0.45,0.0,0
27.13,GBP,Netflix,NG,3.3368,2.0,0.0,0.0,0.0,0.0,0.0,1.0,0.0,0
65.83,GBP,Shopify Merchant,NG,4.2021,2.0,0.0,0.0,0.0,0.0,1.0,0.0,0.0,0
13.85,EUR,Stripe Demo Store,NG,2.6981,1.0,0.0,0.0,0.0,0.0,0.0,0.0,0.0,1
11.82,USD,Netflix,NG,2.5509,2.0,0.0,0.0,0.0,0.0,0.0,0.0,0.0,1
7.65,GBP,Apple,NG,2.1577,1.0,0.0,0.0,0.0,1.0,0.0,0.0,0.0,0
21.59,GBP,Netflix,NG,3.1174,1.0,0.0,0.0,0.0,0.0,0.0,0.0,0.0,1
7.51,USD,Shopify Merchant,NG,2.1411,1.0,0.0,0.0,0.0,0.0,0.0,1.0,0.0,0
14.52,EUR,Netflix,NG,2.742,4.0,0.0,0.0,0.0,1.0,0.0,0.45,0.0,1
10.63,EUR,Shopify Merchant,US,2.4538,1.0,0.0,0.0,0.0,1.0,0.0,0.0,1.0,0
42.6,EUR,Shopify Merchant,NG,3.7751,1.0,0.0,0.0,0.0,0.0,0.0,0.0,0.0,1
14.07,USD,Amazon,NG,2.7128,1.0,0.0,0.0,0.0,1.0,0.0,0.0,0.0,0
26.52,USD,Apple,DE,3.3149,1.0,0.0,0.0,0.0,0.0,0.0,0.0,1.0,1
6.53,USD,Dark Web Market,NG,2.0195,8.0,0.0,0.0,1.0,0.0,1.0,0.45,0.0,1
22.02,GBP,Amazon,NG,3.1365,1.0,0.0,0.0,0.0,0.0,0.0,0.0,0.0,0
8.65,EUR,Amazon,US,2.2672,1.0,0.0,0.0,0.0,0.0,1.0,0.0,1.0,1
14.91,EUR,Amazon,US,2.767,6.0,0.0,0.0,0.0,0.0,0.0,0.0,1.0,1
94.43,USD,Apple,CN,4.5584,1.0,0.0,0.0,0.0,1.0,0.0,1.0,1.0,1
38.57,USD,Spotify,NG,3.6781,2.0,0.0,0.0,0.0,0.0,1.0,0.0,0.0,1
18.36,USD,Wallet Drain Services,DE,2.9631,3.0,0.0,0.0,1.0,1.0,0.0,0.45,1.0,1
188.53,EUR,Netflix,NG,5.2445,3.0,0.0,0.0,0.0,0.0,0.0,0.0,0.0,1
646.72,GBP,Amazon,NG,6.4735,1.0,1.0,0.0,0.0,0.0,1.0,1.0,0.0,1
45.41,EUR,Stripe Demo Store,NG,3.8374,3.0,0.0,0.0,0.0,0.0,1.0,0.0,0.0,1
2086.09,GBP,Shopify Merchant,NG,7.6435,2.0,1.0,0.0,0.0,0.0,1.0,0.0,0.0,1
16.93,GBP,Anonymous Crypto Mix,NG,2.8866,2.0,0.0,0.0,1.0,1.0,1.0,1.0,0.0,1
7.82,USD,Amazon,NG,2.1769,1.0,0.0,0.0,0.0,0.0,0.0,0.0,0.0,0
24.05,GBP,Spotify,US,3.2208,3.0,0.0,0.0,0.0,0.0,1.0,0.0,1.0,1
20.89,GBP,Netflix,NG,3.0859,2.0,0.0,0.0,0.0,1.0,0.0,0.0,0.0,0
566.66,EUR,Netflix,RU,6.3415,3.0,1.0,0.0,0.0,0.0,1.0,0.0,1.0,1
43.14,USD,Spotify,NG,3.7874,5.0,0.0,0.0,0.0,0.0,0.0,0.0,0.0,1
8010.15,EUR,Spotify,NG,8.9886,4.0,1.0,1.0,0.0,0.0,1.0,1.0,0.0,1
25.25,GBP,Amazon,NG,3.2676,3.0,0.0,0.0,0.0,0.0,1.0,0.0,0.0,1
1525.86,EUR,Shopify Merchant,RU,7.331,1.0,1.0,0.0,0.0,0.0,0.0,0.0,1.0,0
4689.59,GBP,Apple,NG,8.4533,1.0,1.0,1.0,0.0,0.0,0.0,0.0,0.0,1
11.89,USD,Netflix,US,2.5568,2.0,0.0,0.0,0.0,0.0,1.0,0.45,1.0,1
20.86,USD,Shopify Merchant,CN,3.0845,1.0,0.0,0.0,0.0,0.0,1.0,0.0,1.0,1
31.22,GBP,Spotify,NG,3.4726,3.0,0.0,0.0,0.0,0.0,1.0,0.0,0.0,1
54.32,USD,Spotify,NG,4.0131,3.0,0.0,0.0,0.0,1.0,1.0,0.0,0.0,1
4279.82,EUR,Netflix,NG,8.3619,2.0,1.0,1.0,0.0,0.0,0.0,0.45,0.0,1
16.09,EUR,Spotify,NG,2.8387,1.0,0.0,0.0,0.0,0.0,1.0,0.0,0.0,1
10.9,EUR,Gambling Anonymous Hub,NG,2.4769,4.0,0.0,0.0,1.0,0.0,0.0,0.45,0.0,1
25.3,USD,Stripe Demo Store,NG,3.2697,2.0,0.0,0.0,0.0,0.0,0.0,0.0,0.0,0
16.31,USD,Apple,NG,2.8515,2.0,0.0,0.0,0.0,0.0,0.0,1.0,0.0,1
7624.65,GBP,Amazon,NG,8.9393,2.0,1.0,1.0,0.0,1.0,1.0,0.0,0.0,1
18.81,USD,Shopify Merchant,NG,2.9861,1.0,0.0,0.0,0.0,0.0,1.0,1.0,0.0,1
1811.29,EUR,Spotify,NG,7.5023,3.0,1.0,0.0,0.0,0.0,0.0,0.0,0.0,1
6030.72,USD,Dark Web Market,US,8.7048,1.0,1.0,1.0,1.0,0.0,1.0,0.45,1.0,1
11.7,GBP,Shopify Merchant,NG,2.5415,2.0,0.0,0.0,0.0,1.0,1.0,0.0,0.0,1
27.17,EUR,Apple,NG,3.3383,1.0,0.0,0.0,0.0,0.0,0.0,0.0,0.0,1
5.0,GBP,Shopify Merchant,NG,1.7918,1.0,0.0,0.0,0.0,0.0,0.0,0.0,0.0,0
13.16,EUR,Netflix,NG,2.6506,1.0,0.0,0.0,0.0,1.0,0.0,0.0,0.0,1
8.97,USD,Netflix,NG,2.2998,1.0,0.0,0.0,0.0,0.0,0.0,0.0,0.0,0
923.63,GBP,Spotify,NG,6.8294,5.0,1.0,0.0,0.0,0.0,1.0,0.0,0.0,1
14.75,GBP,Amazon,RU,2.7569,3.0,0.0,0.0,0.0,1.0,0.0,0.0,1.0,0
2206.48,GBP,Apple,RU,7.6996,1.0,1.0,0.0,0.0,0.0,1.0,0.0,1.0,1
510.06,EUR,Stripe Demo Store,NG,6.2365,1.0,1.0,0.0,0.0,0.0,1.0,0.0,0.0,0
1436.21,EUR,Spotify,NG,7.2705,3.0,1.0,0.0,0.0,0.0,0.0,0.45,0.0,1
15.15,USD,Amazon,RU,2.7821,1.0,0.0,0.0,0.0,0.0,0.0,0.0,1.0,1
21.5,USD,Netflix,NG,3.1134,2.0,0.0,0.0,0.0,0.0,1.0,0.0,0.0,1
14.95,USD,Stripe Demo Store,NG,2.7693,1.0,0.0,0.0,0.0,1.0,0.0,0.0,0.0,1
14.87,EUR,Stripe Demo Store,CN,2.7646,2.0,0.0,0.0,0.0,0.0,1.0,0.45,1.0,1
9.9,USD,Spotify,NG,2.3891,10.0,0.0,0.0,0.0,0.0,0.0,0.0,0.0,1
8.96,GBP,Shopify Merchant,NG,2.2982,1.0,0.0,0.0,0.0,0.0,0.0,0.0,0.0,0
20.96,USD,Stripe Demo Store,NG,3.0891,6.0,0.0,0.0,0.0,0.0,1.0,0.0,0.0,0
24.89,EUR,Stripe Demo Store,NG,3.254,4.0,0.0,0.0,0.0,0.0,0.0,0.45,0.0,1
7.39,EUR,Amazon,NG,2.1272,8.0,0.0,0.0,0.0,0.0,0.0,0.0,0.0,1
34.19,EUR,Stripe Demo Store,NG,3.5608,3.0,0.0,0.0,0.0,0.0,0.0,0.0,0.0,0
34.29,EUR,Netflix,NG,3.5636,4.0,0.0,0.0,0.0,0.0,1.0,0.0,0.0,0
602.45,USD,Amazon,RU,6.4027,2.0,1.0,0.0,0.0,0.0,0.0,0.0,1.0,1
24.78,EUR,Netflix,NG,3.2495,4.0,0.0,0.0,0.0,0.0,1.0,0.0,0.0,1
790.46,USD,Spotify,NG,6.6739,1.0,1.0,0.0,0.0,0.0,0.0,0.0,0.0,0
2128.57,USD,Amazon,NG,7.6637,3.0,1.0,0.0,0.0,1.0,0.0,0.45,0.0,1
16.26,EUR,Apple,NG,2.8486,2.0,0.0,0.0,0.0,0.0,0.0,0.0,0.0,1
9.66,GBP,Spotify,NG,2.3665,1.0,0.0,0.0,0.0,0.0,0.0,0.0,0.0,0
6.86,GBP,Stripe Demo Store,NG,2.0622,1.0,0.0,0.0,0.0,0.0,0.0,0.0,0.0,0
68.65,GBP,XXX Test Casino,NG,4.2434,1.0,0.0,0.0,1.0,0.0,1.0,0.45,0.0,1
69.28,GBP,Shopify Merchant,NG,4.2525,1.0,0.0,0.0,0.0,0.0,0.0,0.0,0.0,0
10.51,EUR,Netflix,NG,2.4436,1.0,0.0,0.0,0.0,1.0,0.0,0.0,0.0,0
1032.05,GBP,Spotify,NG,6.9403,1.0,1.0,0.0,0.0,0.0,0.0,0.0,0.0,0
5875.15,GBP,Wallet Drain Services,CN,8.6787,1.0,1.0,1.0,1.0,1.0,1.0,0.45,1.0,1
2313.97,GBP,Spotify,NG,7.7472,2.0,1.0,0.0,0.0,0.0,0.0,0.0,0.0,1
8.16,USD,Stripe Demo Store,NG,2.2145,1.0,0.0,0.0,0.0,0.0,0.0,0.45,0.0,0
5.07,EUR,Shopify Merchant,NG,1.8034,1.0,0.0,0.0,0.0,0.0,1.0,0.45,0.0,0
7288.23,GBP,Anonymous Crypto Mix,NG,8.8942,1.0,1.0,1.0,1.0,0.0,0.0,0.45,0.0,1
24.99,EUR,Spotify,RU,3.2579,1.0,0.0,0.0,0.0,1.0,1.0,0.0,1.0,1
27.61,USD,Shopify Merchant,NG,3.3537,1.0,0.0,0.0,0.0,1.0,0.0,0.0,0.0,1
17.4,EUR,Shopify Merchant,NG,2.9123,10.0,0.0,0.0,0.0,1.0,1.0,0.0,0.0,1
27.83,GBP,Apple,DE,3.3614,1.0,0.0,0.0,0.0,0.0,0.0,0.0,1.0,1
6.96,GBP,Anonymous Crypto Mix,NG,2.0743,1.0,0.0,0.0,1.0,0.0,1.0,0.45,0.0,0
11.15,EUR,Gambling Anonymous Hub,DE,2.4973,2.0,0.0,0.0,1.0,1.0,1.0,0.45,1.0,1
21.62,EUR,Amazon,CN,3.1188,4.0,0.0,0.0,0.0,0.0,1.0,0.0,1.0,0
5.0,EUR,Stripe Demo Store,NG,1.7918,2.0,0.0,0.0,0.0,0.0,1.0,0.0,0.0,0
16.25,EUR,Apple,NG,2.8479,1.0,0.0,0.0,0.0,0.0,1.0,0.0,0.0,0
15.57,GBP,Apple,NG,2.8073,2.0,0.0,0.0,0.0,0.0,0.0,0.0,0.0,0
16.25,GBP,Anonymous Crypto Mix,NG,2.8478,2.0,0.0,0.0,1.0,0.0,0.0,0.45,0.0,1
1487.94,EUR,Netflix,NG,7.3058,1.0,1.0,0.0,0.0,0.0,1.0,0.0,0.0,1
10.0,USD,Apple,NG,2.3982,8.0,0.0,0.0,0.0,0.0,0.0,0.0,0.0,1
5.61,USD,Shopify Merchant,US,1.8886,10.0,0.0,0.0,0.0,0.0,0.0,0.0,1.0,1
2182.69,EUR,Netflix,RU,7.6888,2.0,1.0,0.0,0.0,0.0,1.0,0.0,1.0,1
16.28,USD,Shopify Merchant,NG,2.8495,1.0,0.0,0.0,0.0,1.0,0.0,0.0,0.0,1
1425.24,USD,Netflix,NG,7.2628,2.0,1.0,0.0,0.0,0.0,0.0,0.45,0.0,1
20.98,USD,Amazon,NG,3.0903,6.0,0.0,0.0,0.0,0.0,1.0,0.0,0.0,1
16.34,EUR,Netflix,DE,2.8529,5.0,0.0,0.0,0.0,0.0,1.0,0.45,1.0,1
14.55,GBP,Apple,NG,2.7438,1.0,0.0,0.0,0.0,0.0,0.0,0.45,0.0,0
5.0,GBP,Amazon,NG,1.7918,1.0,0.0,0.0,0.0,0.0,1.0,0.0,0.0,0
6298.55,USD,Spotify,NG,8.7482,1.0,1.0,1.0,0.0,1.0,1.0,0.45,0.0,1
733.78,USD,Shopify Merchant,US,6.5996,3.0,1.0,0.0,0.0,0.0,0.0,0.0,1.0,1
4225.91,EUR,Stripe Demo Store,NG,8.3492,2.0,1.0,1.0,0.0,0.0,1.0,0.0,0.0,1
1171.13,GBP,Spotify,NG,7.0666,1.0,1.0,0.0,0.0,0.0,1.0,0.0,0.0,1
15.3,USD,Apple,NG,2.7912,1.0,0.0,0.0,0.0,0.0,1.0,0.0,0.0,0
1318.18,EUR,Amazon,US,7.1848,1.0,1.0,0.0,0.0,0.0,0.0,1.0,1.0,1
29.14,EUR,Stripe Demo Store,NG,3.4059,4.0,0.0,0.0,0.0,0.0,0.0,0.0,0.0,0
1582.49,EUR,Shopify Merchant,NG,7.3674,1.0,1.0,0.0,0.0,0.0,0.0,0.0,0.0,1
25.31,EUR,Netflix,NG,3.27,1.0,0.0,0.0,0.0,1.0,0.0,0.0,0.0,0
26.5,GBP,Shopify Merchant,NG,3.3143,3.0,0.0,0.0,0.0,0.0,0.0,0.0,0.0,1
2135.75,USD,Netflix,NG,7.667,2.0,1.0,0.0,0.0,0.0,0.0,0.0,0.0,1
529.81,EUR,Spotify,NG,6.2744,3.0,1.0,0.0,0.0,0.0,0.0,0.0,0.0,1
17.16,EUR,Netflix,NG,2.8992,4.0,0.0,0.0,0.0,0.0,0.0,0.45,0.0,1
47.3,USD,Netflix,NG,3.8775,1.0,0.0,0.0,0.0,0.0,1.0,0.0,0.0,1
14.09,EUR,Stripe Demo Store,DE,2.7142,1.0,0.0,0.0,0.0,0.0,0.0,0.0,1.0,1
7203.47,EUR,Gambling Anonymous Hub,NG,8.8825,1.0,1.0,1.0,1.0,1.0,0.0,0.45,0.0,0
23.52,GBP,Netflix,NG,3.1997,3.0,0.0,0.0,0.0,0.0,0.0,0.0,0.0,0
45.17,EUR,Amazon,CN,3.8323,5.0,0.0,0.0,0.0,1.0,1.0,0.45,1.0,1
18.29,GBP,Stripe Demo Store,NG,2.9596,1.0,0.0,0.0,0.0,0.0,0.0,0.0,0.0,0
35.85,EUR,Apple,CN,3.607,3.0,0.0,0.0,0.0,1.0,0.0,0.0,1.0,0
6.09,EUR,Shopify Merchant,NG,1.9586,3.0,0.0,0.0,0.0,0.0,0.0,0.0,0.0,0
6.49,GBP,Spotify,RU,2.0135,8.0,0.0,0.0,0.0,0.0,0.0,1.0,1.0,1
959.5,EUR,Spotify,CN,6.8675,2.0,1.0,0.0,0.0,0.0,1.0,0.0,1.0,0
1447.79,GBP,Gambling Anonymous Hub,NG,7.2785,1.0,1.0,0.0,1.0,0.0,1.0,0.45,0.0,1
3567.06,USD,Wallet Drain Services,NG,8.1798,3.0,1.0,1.0,1.0,1.0,1.0,0.45,0.0,1
32.19,EUR,Gambling Anonymous Hub,NG,3.5022,3.0,0.0,0.0,1.0,1.0,1.0,0.45,0.0,1
37.63,USD,Spotify,US,3.654,3.0,0.0,0.0,0.0,0.0,1.0,0.0,1.0,1
12.5,USD,Stripe Demo Store,NG,2.6028,4.0,0.0,0.0,0.0,0.0,0.0,0.0,0.0,1
594.18,USD,Amazon,NG,6.3889,1.0,1.0,0.0,0.0,0.0,0.0,0.0,0.0,0
18.45,USD,Dark Web Market,DE,2.968,2.0,0.0,0.0,1.0,0.0,0.0,0.45,1.0,1
55.18,EUR,Apple,NG,4.0285,1.0,0.0,0.0,0.0,0.0,0.0,0.0,0.0,1
1190.12,USD,Spotify,NG,7.0826,1.0,1.0,0.0,0.0,0.0,0.0,0.0,0.0,0
35.01,EUR,Amazon,NG,3.5838,1.0,0.0,0.0,0.0,0.0,0.0,0.0,0.0,0
1619.57,GBP,Stripe Demo Store,DE,7.3905,1.0,1.0,0.0,0.0,0.0,1.0,0.0,1.0,1
51.15,GBP,Netflix,NG,3.9541,1.0,0.0,0.0,0.0,1.0,0.0,0.45,0.0,1
16.79,USD,Spotify,NG,2.8788,2.0,0.0,0.0,0.0,0.0,0.0,0.0,0.0,0
15.28,EUR,Netflix,US,2.7897,4.0,0.0,0.0,0.0,0.0,0.0,1.0,1.0,0
18.35,GBP,Netflix,NG,2.9627,1.0,0.0,0.0,0.0,0.0,1.0,1.0,0.0,0
2134.23,GBP,Wallet Drain Services,NG,7.6663,1.0,1.0,0.0,1.0,0.0,1.0,0.45,0.0,1
17.77,EUR,Apple,NG,2.9322,1.0,0.0,0.0,0.0,0.0,0.0,0.45,0.0,0
9.19,GBP,Apple,NG,2.3211,1.0,0.0,0.0,0.0,0.0,1.0,0.0,0.0,0
1836.7,EUR,Amazon,RU,7.5163,1.0,1.0,0.0,0.0,0.0,0.0,0.0,1.0,1
29.39,GBP,Shopify Merchant,NG,3.414,2.0,0.0,0.0,0.0,0.0,1.0,0.0,0.0,0
887.75,GBP,Stripe Demo Store,NG,6.7898,5.0,1.0,0.0,0.0,0.0,1.0,0.0,0.0,1
6.42,EUR,Stripe Demo Store,NG,2.0043,2.0,0.0,0.0,0.0,1.0,1.0,0.0,0.0,1
1867.33,USD,Netflix,NG,7.5328,2.0,1.0,0.0,0.0,0.0,0.0,1.0,0.0,1
6.68,GBP,Amazon,US,2.0387,3.0,0.0,0.0,0.0,0.0,0.0,1.0,1.0,1
8.68,USD,Amazon,CN,2.2702,1.0,0.0,0.0,0.0,0.0,1.0,0.0,1.0,0
13.01,GBP,Spotify,US,2.6395,1.0,0.0,0.0,0.0,0.0,0.0,0.0,1.0,0
50.17,USD,Shopify Merchant,NG,3.9351,1.0,0.0,0.0,0.0,0.0,0.0,1.0,0.0,0
23.52,USD,Spotify,NG,3.1995,1.0,0.0,0.0,0.0,0.0,0.0,0.45,0.0,0
16.93,GBP,Stripe Demo Store,NG,2.8867,4.0,0.0,0.0,0.0,0.0,0.0,0.0,0.0,1
11.53,GBP,Gambling Anonymous Hub,NG,2.5283,2.0,0.0,0.0,1.0,1.0,1.0,1.0,0.0,1
1366.35,EUR,Spotify,NG,7.2206,2.0,1.0,0.0,0.0,0.0,0.0,0.0,0.0,1
44.38,USD,Netflix,NG,3.8151,1.0,0.0,0.0,0.0,0.0,0.0,0.0,0.0,0
35.13,EUR,XXX Test Casino,NG,3.5871,1.0,0.0,0.0,1.0,0.0,0.0,0.45,0.0,0
6355.53,EUR,Shopify Merchant,NG,8.7572,5.0,1.0,1.0,0.0,0.0,0.0,0.45,0.0,1
26.52,GBP,Gambling Anonymous Hub,NG,3.3148,1.0,0.0,0.0,1.0,0.0,1.0,0.45,0.0,1
8956.68,GBP,Stripe Demo Store,NG,9.1003,3.0,1.0,1.0,0.0,0.0,0.0,0.45,0.0,1
4596.41,EUR,Apple,NG,8.4332,1.0,1.0,1.0,0.0,0.0,1.0,0.45,0.0,1
2213.71,GBP,Netflix,RU,7.7029,1.0,1.0,0.0,0.0,1.0,1.0,0.0,1.0,1
2031.5,EUR,Shopify Merchant,NG,7.617,1.0,1.0,0.0,0.0,0.0,0.0,0.0,0.0,1
13.58,GBP,Stripe Demo Store,NG,2.6798,5.0,0.0,0.0,0.0,0.0,1.0,0.0,0.0,0
9.28,GBP,Netflix,NG,2.3301,1.0,0.0,0.0,0.0,0.0,0.0,0.0,0.0,1
38.99,GBP,Spotify,NG,3.6886,3.0,0.0,0.0,0.0,0.0,0.0,0.0,0.0,0
1762.33,EUR,Netflix,CN,7.475,1.0,1.0,0.0,0.0,0.0,0.0,1.0,1.0,0
28.53,EUR,Stripe Demo Store,NG,3.3853,2.0,0.0,0.0,0.0,0.0,1.0,0.0,0.0,0
1440.22,EUR,Anonymous Crypto Mix,NG,7.2732,2.0,1.0,0.0,1.0,0.0,0.0,0.45,0.0,1
22.72,EUR,Apple,NG,3.1665,2.0,0.0,0.0,0.0,0.0,0.0,0.45,0.0,1
7.87,EUR,Apple,NG,2.1831,1.0,0.0,0.0,0.0,1.0,0.0,1.0,0.0,0
18.34,USD,Shopify Merchant,NG,2.9622,1.0,0.0,0.0,0.0,0.0,0.0,1.0,0.0,0
5.0,USD,Apple,NG,1.7918,4.0,0.0,0.0,0.0,0.0,0.0,0.0,0.0,1
6.7,GBP,Apple,NG,2.0414,2.0,0.0,0.0,0.0,0.0,0.0,0.0,0.0,0
16.03,GBP,Amazon,NG,2.8349,1.0,0.0,0.0,0.0,1.0,1.0,0.0,0.0,1
912.43,USD,Spotify,CN,6.8172,1.0,1.0,0.0,0.0,0.0,1.0,0.0,1.0,1
5.69,USD,Netflix,NG,1.9013,1.0,0.0,0.0,0.0,0.0,0.0,0.0,0.0,0
8.41,EUR,Apple,NG,2.2418,2.0,0.0,0.0,0.0,0.0,1.0,0.45,0.0,0
23.38,USD,Spotify,NG,3.1936,1.0,0.0,0.0,0.0,0.0,0.0,1.0,0.0,0
69.31,GBP,Stripe Demo Store,NG,4.2529,1.0,0.0,0.0,0.0,0.0,0.0,0.0,0.0,0
23.14,EUR,Spotify,US,3.1838,1.0,0.0,0.0,0.0,0.0,0.0,0.45,1.0,1
32.84,GBP,Spotify,NG,3.5215,2.0,0.0,0.0,0.0,0.0,1.0,0.0,0.0,1
1291.79,GBP,Netflix,NG,7.1646,5.0,1.0,0.0,0.0,0.0,0.0,0.0,0.0,1
14.05,USD,Netflix,NG,2.7113,3.0,0.0,0.0,0.0,0.0,0.0,0.0,0.0,0
21.27,EUR,Wallet Drain Services,NG,3.1035,2.0,0.0,0.0,1.0,0.0,1.0,0.45,0.0,1
12.67,USD,Netflix,NG,2.6152,3.0,0.0,0.0,0.0,0.0,1.0,0.45,0.0,0
33.35,EUR,Shopify Merchant,NG,3.5365,1.0,0.0,0.0,0.0,0.0,0.0,0.0,0.0,0
669.75,EUR,Amazon,NG,6.5084,2.0,1.0,0.0,0.0,1.0,1.0,0.45,0.0,1
37.45,USD,Netflix,NG,3.6493,1.0,0.0,0.0,0.0,0.0,1.0,0.0,0.0,0
742.36,USD,Stripe Demo Store,NG,6.6112,1.0,1.0,0.0,0.0,0.0,1.0,0.0,0.0,1
17.28,USD,Stripe Demo Store,NG,2.9059,2.0,0.0,0.0,0.0,0.0,0.0,0.0,0.0,0
6.36,USD,Netflix,NG,1.996,1.0,0.0,0.0,0.0,0.0,0.0,0.0,0.0,0
10.12,USD,Amazon,NG,2.4084,2.0,0.0,0.0,0.0,0.0,0.0,0.0,0.0,0
46.48,EUR,Shopify Merchant,NG,3.8603,2.0,0.0,0.0,0.0,0.0,1.0,0.0,0.0,0
6649.63,USD,Stripe Demo Store,NG,8.8025,1.0,1.0,1.0,0.0,1.0,1.0,0.0,0.0,1
24.41,USD,Amazon,NG,3.235,1.0,0.0,0.0,0.0,0.0,0.0,0.0,0.0,1
674.49,EUR,Spotify,NG,6.5154,2.0,1.0,0.0,0.0,1.0,0.0,0.0,0.0,0
507.11,EUR,Stripe Demo Store,NG,6.2307,3.0,1.0,0.0,0.0,0.0,0.0,0.0,0.0,1
7.69,USD,Spotify,NG,2.1618,3.0,0.0,0.0,0.0,0.0,0.0,1.0,0.0,1
21.54,EUR,Spotify,NG,3.1153,1.0,0.0,0.0,0.0,0.0,0.0,0.0,0.0,0
26.04,GBP,Stripe Demo Store,CN,3.2971,4.0,0.0,0.0,0.0,0.0,1.0,0.0,1.0,1
25.14,GBP,Anonymous Crypto Mix,NG,3.2634,1.0,0.0,0.0,1.0,0.0,1.0,0.45,0.0,1
2129.27,USD,Netflix,NG,7.664,1.0,1.0,0.0,0.0,0.0,0.0,1.0,0.0,1
15.81,GBP,Stripe Demo Store,NG,2.8219,2.0,0.0,0.0,0.0,0.0,0.0,0.0,0.0,0
4690.63,GBP,Apple,NG,8.4535,1.0,1.0,1.0,0.0,1.0,1.0,0.0,0.0,1
17.32,EUR,Spotify,NG,2.9081,1.0,0.0,0.0,0.0,0.0,0.0,0.0,0.0,0
16.43,GBP,Apple,CN,2.858,1.0,0.0,0.0,0.0,0.0,1.0,0.0,1.0,1
76.13,USD,Dark Web Market,NG,4.3455,4.0,0.0,0.0,1.0,1.0,1.0,0.45,0.0,1
10.32,USD,Spotify,NG,2.4268,5.0,0.0,0.0,0.0,0.0,0.0,0.45,0.0,1
1156.41,EUR,Netflix,NG,7.0539,6.0,1.0,0.0,0.0,0.0,0.0,0.45,0.0,1
8.95,USD,Stripe Demo Store,NG,2.2976,1.0,0.0,0.0,0.0,0.0,1.0,0.0,0.0,1
6880.32,EUR,Netflix,NG,8.8366,2.0,1.0,1.0,0.0,0.0,0.0,0.45,0.0,1
2062.29,GBP,Shopify Merchant,NG,7.6321,3.0,1.0,0.0,0.0,0.0,0.0,0.0,0.0,0
1072.3,GBP,Stripe Demo Store,NG,6.9785,1.0,1.0,0.0,0.0,0.0,1.0,0.0,0.0,1
8.57,GBP,Stripe Demo Store,NG,2.2582,1.0,0.0,0.0,0.0,0.0,0.0,0.0,0.0,0
2359.06,EUR,Stripe Demo Store,NG,7.7664,1.0,1.0,0.0,0.0,1.0,0.0,1.0,0.0,1
13.06,EUR,Apple,NG,2.6432,2.0,0.0,0.0,0.0,0.0,0.0,0.0,0.0,0
1775.03,USD,XXX Test Casino,NG,7.4821,2.0,1.0,0.0,1.0,1.0,1.0,0.45,0.0,1
9.45,EUR,Spotify,DE,2.3463,1.0,0.0,0.0,0.0,0.0,1.0,0.0,1.0,0
21.5,USD,Spotify,NG,3.1133,1.0,0.0,0.0,0.0,0.0,0.0,0.0,0.0,0
7.15,USD,Amazon,CN,2.0975,3.0,0.0,0.0,0.0,0.0,0.0,1.0,1.0,0
17.05,USD,Spotify,NG,2.8933,2.0,0.0,0.0,0.0,0.0,0.0,0.0,0.0,1
9.0,GBP,Stripe Demo Store,NG,2.3024,1.0,0.0,0.0,0.0,0.0,1.0,0.0,0.0,0
1470.77,USD,Amazon,CN,7.2942,1.0,1.0,0.0,0.0,0.0,0.0,1.0,1.0,1
14.14,USD,Shopify Merchant,NG,2.7176,6.0,0.0,0.0,0.0,0.0,0.0,0.0,0.0,0
1848.68,EUR,Shopify Merchant,NG,7.5228,2.0,1.0,0.0,0.0,1.0,1.0,1.0,0.0,1
12.66,USD,Stripe Demo Store,NG,2.6148,2.0,0.0,0.0,0.0,0.0,1.0,0.45,0.0,0
2344.64,EUR,Amazon,NG,7.7603,2.0,1.0,0.0,0.0,0.0,0.0,0.45,0.0,1
1882.92,USD,Netflix,NG,7.5411,6.0,1.0,0.0,0.0,0.0,0.0,0.0,0.0,1
42.86,EUR,Spotify,RU,3.781,1.0,0.0,0.0,0.0,0.0,1.0,0.0,1.0,1
1269.72,GBP,Stripe Demo Store,NG,7.1473,1.0,1.0,0.0,0.0,0.0,0.0,0.0,0.0,1
1656.72,GBP,Spotify,NG,7.4132,1.0,1.0,0.0,0.0,0.0,1.0,0.0,0.0,1
1621.37,EUR,Apple,NG,7.3916,3.0,1.0,0.0,0.0,0.0,0.0,0.0,0.0,1
38.1,EUR,Apple,US,3.6662,1.0,0.0,0.0,0.0,0.0,0.0,0.0,1.0,0
11.79,GBP,Shopify Merchant,CN,2.5485,1.0,0.0,0.0,0.0,0.0,0.0,0.0,1.0,1
1164.39,GBP,Spotify,NG,7.0608,1.0,1.0,0.0,0.0,0.0,0.0,0.0,0.0,0
11.03,USD,Stripe Demo Store,NG,2.4871,2.0,0.0,0.0,0.0,0.0,0.0,0.0,0.0,0
2084.61,USD,Spotify,NG,7.6428,2.0,1.0,0.0,0.0,0.0,0.0,0.45,0.0,1
41.5,GBP,Spotify,NG,3.7495,1.0,0.0,0.0,0.0,0.0,1.0,0.0,0.0,0
1502.05,EUR,Amazon,NG,7.3153,1.0,1.0,0.0,0.0,0.0,0.0,0.0,0.0,1
7.67,GBP,XXX Test Casino,NG,2.1603,3.0,0.0,0.0,1.0,1.0,1.0,0.45,0.0,1
10.38,EUR,Spotify,US,2.4322,1.0,0.0,0.0,0.0,1.0,0.0,0.0,1.0,0
3885.29,GBP,Stripe Demo Store,NG,8.2652,3.0,1.0,1.0,0.0,0.0,0.0,0.0,0.0,1
1638.96,GBP,Amazon,NG,7.4024,1.0,1.0,0.0,0.0,0.0,0.0,0.0,0.0,1
1135.78,USD,Netflix,NG,7.036,5.0,1.0,0.0,0.0,0.0,0.0,0.45,0.0,1
6757.63,GBP,Gambling Anonymous Hub,US,8.8186,1.0,1.0,1.0,1.0,0.0,1.0,0.45,1.0,1
22.18,EUR,Netflix,DE,3.1431,2.0,0.0,0.0,0.0,0.0,1.0,0.45,1.0,1
7.61,USD,Apple,NG,2.1532,1.0,0.0,0.0,0.0,0.0,0.0,0.0,0.0,1
13.12,GBP,Dark Web Market,US,2.6477,1.0,0.0,0.0,1.0,1.0,0.0,0.45,1.0,1
10.88,USD,Amazon,US,2.4752,3.0,0.0,0.0,0.0,0.0,0.0,0.0,1.0,0
23.52,GBP,Apple,NG,3.1996,2.0,0.0,0.0,0.0,0.0,0.0,0.0,0.0,0
5020.71,EUR,Netflix,NG,8.5215,3.0,1.0,1.0,0.0,0.0,0.0,0.0,0.0,1
27.77,GBP,Amazon,DE,3.3592,2.0,0.0,0.0,0.0,0.0,0.0,0.0,1.0,0
14.25,USD,Shopify Merchant,NG,2.7245,2.0,0.0,0.0,0.0,0.0,1.0,0.0,0.0,0
10.47,GBP,Spotify,NG,2.44,4.0,0.0,0.0,0.0,0.0,1.0,0.0,0.0,0
22.83,EUR,Stripe Demo Store,NG,3.1708,1.0,0.0,0.0,0.0,0.0,1.0,1.0,0.0,1
9.77,USD,Apple,NG,2.3767,5.0,0.0,0.0,0.0,0.0,1.0,0.0,0.0,0
42.73,EUR,Stripe Demo Store,NG,3.778,1.0,0.0,0.0,0.0,0.0,1.0,0.45,0.0,0
18.54,USD,Stripe Demo Store,NG,2.9724,1.0,0.0,0.0,0.0,0.0,0.0,1.0,0.0,1
15.99,EUR,Apple,DE,2.8324,3.0,0.0,0.0,0.0,0.0,0.0,0.0,1.0,1
1975.66,GBP,Stripe Demo Store,NG,7.5892,1.0,1.0,0.0,0.0,0.0,0.0,0.45,0.0,1
19.04,USD,Netflix,RU,2.9977,1.0,0.0,0.0,0.0,0.0,1.0,1.0,1.0,1
6.29,GBP,Shopify Merchant,RU,1.9869,1.0,0.0,0.0,0.0,0.0,1.0,0.0,1.0,0
9.55,GBP,Shopify Merchant,NG,2.3565,2.0,0.0,0.0,0.0,0.0,1.0,0.0,0.0,0
42.11,USD,Spotify,US,3.7639,2.0,0.0,0.0,0.0,1.0,1.0,0.45,1.0,1
21.3,GBP,Amazon,NG,3.1046,1.0,0.0,0.0,0.0,0.0,1.0,0.45,0.0,0
4868.29,GBP,Gambling Anonymous Hub,NG,8.4907,1.0,1.0,1.0,1.0,0.0,1.0,0.45,0.0,1
25.7,EUR,Wallet Drain Services,NG,3.2847,1.0,0.0,0.0,1.0,0.0,1.0,0.45,0.0,1
13.58,USD,Netflix,NG,2.6796,1.0,0.0,0.0,0.0,0.0,1.0,0.0,0.0,1
10.89,USD,Spotify,NG,2.4757,1.0,0.0,0.0,0.0,0.0,0.0,0.0,0.0,1
2328.44,GBP,Apple,NG,7.7534,1.0,1.0,0.0,0.0,1.0,0.0,0.0,0.0,1
40.45,GBP,Shopify Merchant,NG,3.7244,4.0,0.0,0.0,0.0,0.0,0.0,0.0,0.0,1
5.07,USD,Amazon,NG,1.804,3.0,0.0,0.0,0.0,1.0,0.0,0.0,0.0,0
878.13,USD,Apple,NG,6.7789,1.0,1.0,0.0,0.0,0.0,1.0,0.0,0.0,0
21.85,EUR,Netflix,DE,3.1288,1.0,0.0,0.0,0.0,0.0,1.0,0.45,1.0,1
60.63,EUR,Apple,NG,4.1212,1.0,0.0,0.0,0.0,0.0,0.0,0.0,0.0,0
29.6,GBP,Apple,NG,3.4209,1.0,0.0,0.0,0.0,0.0,0.0,0.0,0.0,0
11.11,GBP,Apple,NG,2.494,1.0,0.0,0.0,0.0,1.0,0.0,1.0,0.0,1
7350.83,EUR,Anonymous Crypto Mix,DE,8.9027,5.0,1.0,1.0,1.0,1.0,1.0,0.45,1.0,1
7.78,EUR,Apple,CN,2.1723,3.0,0.0,0.0,0.0,0.0,0.0,0.0,1.0,0
24.19,USD,Spotify,NG,3.2263,2.0,0.0,0.0,0.0,0.0,0.0,0.0,0.0,0
28.26,USD,Gambling Anonymous Hub,NG,3.3762,1.0,0.0,0.0,1.0,0.0,1.0,0.45,0.0,1
10.84,USD,Netflix,NG,2.4715,2.0,0.0,0.0,0.0,0.0,0.0,0.45,0.0,0
1890.96,GBP,Shopify Merchant,CN,7.5454,5.0,1.0,0.0,0.0,0.0,0.0,1.0,1.0,1
14.02,EUR,Spotify,NG,2.7092,1.0,0.0,0.0,0.0,1.0,1.0,0.0,0.0,1
2057.52,EUR,Amazon,NG,7.6297,4.0,1.0,0.0,0.0,0.0,0.0,0.45,0.0,1
5.54,GBP,Stripe Demo Store,NG,1.8782,1.0,0.0,0.0,0.0,0.0,0.0,0.0,0.0,1
25.39,EUR,Shopify Merchant,US,3.2731,3.0,0.0,0.0,0.0,0.0,1.0,0.0,1.0,0
15.05,GBP,Spotify,US,2.7758,1.0,0.0,0.0,0.0,0.0,0.0,0.45,1.0,1
891.86,USD,Shopify Merchant,DE,6.7944,2.0,1.0,0.0,0.0,0.0,1.0,0.0,1.0,1
19.48,EUR,Spotify,NG,3.0193,1.0,0.0,0.0,0.0,0.0,0.0,0.45,0.0,1
48.16,USD,Amazon,NG,3.895,2.0,0.0,0.0,0.0,0.0,0.0,0.45,0.0,0
1310.91,USD,Spotify,NG,7.1792,2.0,1.0,0.0,0.0,0.0,0.0,0.0,0.0,1
18.37,EUR,Stripe Demo Store,NG,2.9637,2.0,0.0,0.0,0.0,0.0,1.0,0.45,0.0,1
34.86,USD,Amazon,NG,3.5797,2.0,0.0,0.0,0.0,1.0,1.0,0.0,0.0,0
35.02,GBP,Spotify,NG,3.584,1.0,0.0,0.0,0.0,0.0,0.0,0.0,0.0,1
1738.17,EUR,Netflix,NG,7.4612,3.0,1.0,0.0,0.0,0.0,1.0,1.0,0.0,1
5.0,GBP,Shopify Merchant,NG,1.7918,1.0,0.0,0.0,0.0,1.0,0.0,0.0,0.0,0
10.1,EUR,Netflix,NG,2.4066,2.0,0.0,0.0,0.0,0.0,0.0,0.0,0.0,0
52.92,EUR,Shopify Merchant,NG,3.9876,1.0,0.0,0.0,0.0,0.0,0.0,0.45,0.0,0
8.34,USD,Spotify,NG,2.2341,2.0,0.0,0.0,0.0,0.0,0.0,0.0,0.0,0
37.25,USD,Stripe Demo Store,NG,3.6442,1.0,0.0,0.0,0.0,1.0,0.0,0.45,0.0,0
32.93,GBP,Apple,NG,3.5244,6.0,0.0,0.0,0.0,0.0,0.0,1.0,0.0,1
12.09,GBP,Netflix,NG,2.5715,2.0,0.0,0.0,0.0,0.0,0.0,0.45,0.0,1
5.0,EUR,Stripe Demo Store,NG,1.7918,1.0,0.0,0.0,0.0,0.0,0.0,0.0,0.0,0
1597.04,GBP,Shopify Merchant,US,7.3765,3.0,1.0,0.0,0.0,0.0,0.0,1.0,1.0,1
86.02,GBP,Apple,NG,4.4662,1.0,0.0,0.0,0.0,0.0,0.0,0.0,0.0,0
10.98,GBP,Apple,US,2.4829,1.0,0.0,0.0,0.0,0.0,0.0,0.0,1.0,0
1540.97,EUR,Apple,NG,7.3408,1.0,1.0,0.0,0.0,0.0,0.0,0.45,0.0,1
1625.82,EUR,Amazon,NG,7.3944,3.0,1.0,0.0,0.0,0.0,0.0,0.45,0.0,1
47.01,USD,Netflix,US,3.8714,6.0,0.0,0.0,0.0,0.0,0.0,0.45,1.0,0
16.94,EUR,Spotify,NG,2.8873,5.0,0.0,0.0,0.0,0.0,0.0,0.0,0.0,0
12.96,GBP,XXX Test Casino,RU,2.6362,1.0,0.0,0.0,1.0,0.0,1.0,0.45,1.0,1
54.02,USD,Stripe Demo Store,NG,4.0078,1.0,0.0,0.0,0.0,0.0,0.0,0.0,0.0,1
30.13,EUR,Dark Web Market,DE,3.4383,4.0,0.0,0.0,1.0,1.0,1.0,0.45,1.0,1
10.55,EUR,Anonymous Crypto Mix,NG,2.447,1.0,0.0,0.0,1.0,0.0,1.0,0.45,0.0,1
8.53,EUR,Netflix,NG,2.2544,2.0,0.0,0.0,0.0,0.0,0.0,0.0,0.0,0
45.18,GBP,Amazon,NG,3.8326,8.0,0.0,0.0,0.0,0.0,0.0,0.0,0.0,1
20.32,EUR,Shopify Merchant,NG,3.0598,1.0,0.0,0.0,0.0,0.0,1.0,0.0,0.0,0
6.79,EUR,Spotify,NG,2.053,1.0,0.0,0.0,0.0,0.0,0.0,0.0,0.0,0
5.77,GBP,Stripe Demo Store,CN,1.9118,4.0,0.0,0.0,0.0,1.0,0.0,0.0,1.0,1
2089.26,USD,Shopify Merchant,NG,7.645,2.0,1.0,0.0,0.0,0.0,1.0,0.45,0.0,1
2225.84,GBP,Apple,NG,7.7083,5.0,1.0,0.0,0.0,0.0,0.0,1.0,0.0,1
9.2,EUR,Amazon,NG,2.322,2.0,0.0,0.0,0.0,0.0,0.0,0.0,0.0,1
8.43,USD,Spotify,CN,2.2444,1.0,0.0,0.0,0.0,0.0,0.0,0.0,1.0,1
5.0,GBP,Amazon,NG,1.7918,3.0,0.0,0.0,0.0,1.0,1.0,0.0,0.0,0
9.3,GBP,Spotify,NG,2.3324,3.0,0.0,0.0,0.0,0.0,0.0,0.0,0.0,0
1600.76,USD,XXX Test Casino,NG,7.3789,5.0,1.0,0.0,1.0,0.0,1.0,0.45,0.0,1
14.53,USD,Netflix,NG,2.7427,2.0,0.0,0.0,0.0,0.0,0.0,0.0,0.0,1
65.7,GBP,Amazon,RU,4.2001,2.0,0.0,0.0,0.0,0.0,0.0,0.0,1.0,1
16.66,EUR,Amazon,NG,2.8715,1.0,0.0,0.0,0.0,0.0,0.0,0.45,0.0,0
17.86,GBP,Stripe Demo Store,NG,2.9372,1.0,0.0,0.0,0.0,1.0,1.0,0.0,0.0,1
28.69,GBP,Netflix,NG,3.3907,10.0,0.0,0.0,0.0,0.0,0.0,0.0,0.0,1
17.01,USD,Stripe Demo Store,RU,2.891,8.0,0.0,0.0,0.0,1.0,1.0,0.0,1.0,1
3492.43,EUR,XXX Test Casino,DE,8.1586,2.0,1.0,1.0,1.0,0.0,0.0,0.45,1.0,1
24.45,EUR,Netflix,NG,3.2365,6.0,0.0,0.0,0.0,1.0,0.0,0.0,0.0,1
21.89,USD,XXX Test Casino,NG,3.1305,1.0,0.0,0.0,1.0,0.0,1.0,0.45,0.0,1
139.29,USD,Shopify Merchant,NG,4.9437,4.0,0.0,0.0,0.0,0.0,0.0,0.0,0.0,1
38.01,EUR,Spotify,NG,3.6638,2.0,0.0,0.0,0.0,0.0,1.0,0.0,0.0,1
9.42,EUR,Apple,NG,2.3437,3.0,0.0,0.0,0.0,0.0,0.0,0.0,0.0,0
26.03,GBP,Stripe Demo Store,NG,3.2969,3.0,0.0,0.0,0.0,1.0,0.0,0.0,0.0,0
1770.72,USD,Stripe Demo Store,NG,7.4797,2.0,1.0,0.0,0.0,0.0,0.0,0.0,0.0,1
27.45,USD,Shopify Merchant,US,3.3482,4.0,0.0,0.0,0.0,0.0,0.0,1.0,1.0,1
7.67,EUR,Shopify Merchant,NG,2.1599,1.0,0.0,0.0,0.0,0.0,0.0,0.0,0.0,0
9.25,USD,Spotify,NG,2.3272,4.0,0.0,0.0,0.0,0.0,0.0,0.0,0.0,0
25.55,GBP,Netflix,NG,3.2791,1.0,0.0,0.0,0.0,0.0,1.0,0.0,0.0,1
40.38,GBP,Apple,NG,3.7228,1.0,0.0,0.0,0.0,0.0,1.0,0.0,0.0,0
1315.9,USD,Amazon,NG,7.183,3.0,1.0,0.0,0.0,0.0,1.0,0.45,0.0,1
36.52,USD,Netflix,NG,3.6249,3.0,0.0,0.0,0.0,0.0,0.0,0.0,0.0,0
26.09,USD,Apple,NG,3.2993,5.0,0.0,0.0,0.0,1.0,0.0,0.0,0.0,0
22.66,USD,Stripe Demo Store,NG,3.1639,1.0,0.0,0.0,0.0,0.0,0.0,0.0,0.0,0
14.12,USD,Shopify Merchant,CN,2.7159,1.0,0.0,0.0,0.0,0.0,0.0,0.45,1.0,0
35.48,GBP,Shopify Merchant,NG,3.5969,2.0,0.0,0.0,0.0,0.0,1.0,1.0,0.0,1
41.16,GBP,Netflix,DE,3.7414,4.0,0.0,0.0,0.0,0.0,1.0,0.0,1.0,0
19.22,GBP,Apple,RU,3.0065,8.0,0.0,0.0,0.0,0.0,0.0,0.0,1.0,1
18.51,GBP,Amazon,NG,2.9708,4.0,0.0,0.0,0.0,1.0,1.0,0.0,0.0,1
923.22,USD,Spotify,DE,6.829,2.0,1.0,0.0,0.0,1.0,0.0,0.45,1.0,1
1216.44,USD,Apple,NG,7.1045,4.0,1.0,0.0,0.0,1.0,1.0,1.0,0.0,1
1462.95,EUR,Netflix,NG,7.2889,1.0,1.0,0.0,0.0,0.0,0.0,0.0,0.0,1
4720.37,EUR,Dark Web Market,CN,8.4599,5.0,1.0,1.0,1.0,0.0,0.0,0.45,1.0,1
1733.1,USD,Spotify,NG,7.4582,2.0,1.0,0.0,0.0,0.0,1.0,0.0,0.0,1
930.16,GBP,Spotify,NG,6.8364,1.0,1.0,0.0,0.0,1.0,0.0,0.0,0.0,1
548.42,GBP,Apple,NG,6.3089,2.0,1.0,0.0,0.0,0.0,0.0,0.0,0.0,1
502.98,EUR,Netflix,NG,6.2225,3.0,1.0,0.0,0.0,0.0,0.0,0.45,0.0,1
1156.47,GBP,Stripe Demo Store,NG,7.054,1.0,1.0,0.0,0.0,0.0,1.0,1.0,0.0,1
4850.81,GBP,Apple,NG,8.4871,1.0,1.0,1.0,0.0,1.0,0.0,0.45,0.0,1
13.24,GBP,Stripe Demo Store,NG,2.656,3.0,0.0,0.0,0.0,0.0,1.0,0.0,0.0,0
33.46,EUR,Amazon,NG,3.5398,6.0,0.0,0.0,0.0,0.0,1.0,0.0,0.0,1
24.92,GBP,Apple,NG,3.2549,2.0,0.0,0.0,0.0,0.0,0.0,0.0,0.0,0
1597.85,USD,Shopify Merchant,DE,7.377,1.0,1.0,0.0,0.0,0.0,0.0,0.0,1.0,1
13.91,USD,Amazon,NG,2.7023,2.0,0.0,0.0,0.0,0.0,0.0,0.0,0.0,1
1713.6,EUR,Anonymous Crypto Mix,RU,7.4469,1.0,1.0,0.0,1.0,1.0,1.0,0.45,1.0,1
515.47,USD,Shopify Merchant,NG,6.247,1.0,1.0,0.0,0.0,0.0,0.0,0.0,0.0,0
6607.07,EUR,Spotify,NG,8.796,1.0,1.0,1.0,0.0,0.0,0.0,0.0,0.0,1
10.81,EUR,Apple,NG,2.4688,2.0,0.0,0.0,0.0,1.0,0.0,0.0,0.0,1
30.06,EUR,Netflix,NG,3.4359,1.0,0.0,0.0,0.0,0.0,0.0,1.0,0.0,0
857.89,GBP,Amazon,DE,6.7556,1.0,1.0,0.0,0.0,0.0,0.0,0.0,1.0,0
7155.34,EUR,Anonymous Crypto Mix,NG,8.8758,1.0,1.0,1.0,1.0,0.0,1.0,0.45,0.0,1
1688.44,GBP,Apple,CN,7.4322,2.0,1.0,0.0,0.0,0.0,0.0,0.0,1.0,1
15.06,USD,Stripe Demo Store,NG,2.776,1.0,0.0,0.0,0.0,0.0,1.0,0.0,0.0,0
34.9,USD,Shopify Merchant,RU,3.5808,1.0,0.0,0.0,0.0,0.0,0.0,1.0,1.0,0
11.52,GBP,Spotify,NG,2.5273,2.0,0.0,0.0,0.0,1.0,0.0,0.0,0.0,1
7290.36,GBP,Wallet Drain Services,US,8.8944,3.0,1.0,1.0,1.0,0.0,0.0,0.45,1.0,1
42.86,GBP,Spotify,NG,3.7811,4.0,0.0,0.0,0.0,0.0,1.0,0.0,0.0,0
1146.69,USD,Spotify,NG,7.0455,2.0,1.0,0.0,0.0,0.0,0.0,0.0,0.0,1
816.45,EUR,Shopify Merchant,NG,6.7062,3.0,1.0,0.0,0.0,1.0,1.0,0.45,0.0,1
14.29,USD,Amazon,CN,2.7271,4.0,0.0,0.0,0.0,1.0,0.0,0.0,1.0,1
21.68,USD,Apple,NG,3.1215,2.0,0.0,0.0,0.0,0.0,1.0,0.0,0.0,0
26.21,EUR,Spotify,NG,3.3035,2.0,0.0,0.0,0.0,0.0,0.0,0.0,0.0,0
1835.16,USD,Amazon,NG,7.5154,1.0,1.0,0.0,0.0,0.0,0.0,1.0,0.0,1
51.07,EUR,Stripe Demo Store,NG,3.9526,1.0,0.0,0.0,0.0,0.0,1.0,0.0,0.0,0
30.15,EUR,Shopify Merchant,NG,3.4387,1.0,0.0,0.0,0.0,1.0,0.0,1.0,0.0,0
10.76,GBP,Netflix,NG,2.4643,1.0,0.0,0.0,0.0,0.0,0.0,0.0,0.0,0
75.04,USD,Shopify Merchant,NG,4.3312,6.0,0.0,0.0,0.0,0.0,1.0,0.0,0.0,1
1485.0,EUR,Spotify,NG,7.3038,1.0,1.0,0.0,0.0,0.0,0.0,0.0,0.0,1
9.34,EUR,Apple,NG,2.3359,2.0,0.0,0.0,0.0,0.0,0.0,0.0,0.0,0
11.23,GBP,Apple,NG,2.5041,10.0,0.0,0.0,0.0,1.0,0.0,0.0,0.0,0
56.91,USD,Shopify Merchant,NG,4.0589,2.0,0.0,0.0,0.0,0.0,1.0,0.0,0.0,0
72.06,GBP,Amazon,NG,4.2913,1.0,0.0,0.0,0.0,0.0,1.0,0.0,0.0,0
40.72,USD,Shopify Merchant,NG,3.7309,6.0,0.0,0.0,0.0,0.0,0.0,0.0,0.0,0
2396.19,EUR,Stripe Demo Store,NG,7.7821,1.0,1.0,0.0,0.0,0.0,0.0,0.0,0.0,1
47.07,GBP,Amazon,NG,3.8727,1.0,0.0,0.0,0.0,0.0,0.0,1.0,0.0,1
29.66,EUR,Stripe Demo Store,NG,3.423,1.0,0.0,0.0,0.0,0.0,0.0,0.0,0.0,0
25.29,GBP,Apple,NG,3.2691,1.0,0.0,0.0,0.0,0.0,0.0,1.0,0.0,0
29.31,USD,Shopify Merchant,NG,3.4115,3.0,0.0,0.0,0.0,0.0,0.0,0.0,0.0,0
2806.08,GBP,Netflix,NG,7.9399,1.0,1.0,1.0,0.0,1.0,1.0,0.45,0.0,1
11.95,GBP,Netflix,NG,2.5612,3.0,0.0,0.0,0.0,0.0,1.0,0.0,0.0,1
7616.83,USD,Amazon,NG,8.9382,1.0,1.0,1.0,0.0,0.0,0.0,0.0,0.0,1
55.76,GBP,Stripe Demo Store,NG,4.0388,5.0,0.0,0.0,0.0,0.0,0.0,0.45,0.0,1
17.38,GBP,Amazon,NG,2.9115,1.0,0.0,0.0,0.0,0.0,0.0,0.45,0.0,1
16.13,USD,Shopify Merchant,CN,2.8409,5.0,0.0,0.0,0.0,0.0,0.0,0.45,1.0,1
28.04,EUR,Stripe Demo Store,NG,3.3686,1.0,0.0,0.0,0.0,0.0,0.0,0.45,0.0,0
1042.91,GBP,Stripe Demo Store,NG,6.9507,4.0,1.0,0.0,0.0,0.0,0.0,0.0,0.0,0
7.99,EUR,Amazon,NG,2.1961,4.0,0.0,0.0,0.0,0.0,0.0,1.0,0.0,0
44.85,GBP,Spotify,NG,3.8255,2.0,0.0,0.0,0.0,1.0,0.0,1.0,0.0,0
14.65,USD,Apple,NG,2.7504,1.0,0.0,0.0,0.0,0.0,1.0,0.45,0.0,0
20.35,EUR,Spotify,NG,3.0609,2.0,0.0,0.0,0.0,1.0,0.0,0.0,0.0,0
3868.34,USD,Amazon,US,8.2608,2.0,1.0,1.0,0.0,0.0,0.0,0.45,1.0,1
6271.52,EUR,Gambling Anonymous Hub,RU,8.7439,2.0,1.0,1.0,1.0,0.0,1.0,0.45,1.0,1
36.5,GBP,Netflix,NG,3.6243,2.0,0.0,0.0,0.0,0.0,1.0,0.0,0.0,1
1007.19,GBP,Netflix,DE,6.9159,6.0,1.0,0.0,0.0,0.0,1.0,1.0,1.0,1
2136.11,EUR,Apple,NG,7.6672,10.0,1.0,0.0,0.0,1.0,0.0,0.0,0.0,1
15.75,GBP,Shopify Merchant,NG,2.8187,2.0,0.0,0.0,0.0,0.0,0.0,0.45,0.0,1
29.94,EUR,Spotify,NG,3.432,1.0,0.0,0.0,0.0,0.0,0.0,0.0,0.0,0
22.92,EUR,Stripe Demo Store,NG,3.1747,1.0,0.0,0.0,0.0,0.0,0.0,0.0,0.0,0
530.0,GBP,Amazon,NG,6.2748,3.0,1.0,0.0,0.0,0.0,0.0,0.0,0.0,1
8437.59,USD,XXX Test Casino,CN,9.0406,8.0,1.0,1.0,1.0,0.0,1.0,0.45,1.0,1
34.16,GBP,Spotify,NG,3.56,1.0,0.0,0.0,0.0,0.0,0.0,0.0,0.0,0
1707.02,GBP,Netflix,NG,7.4431,1.0,1.0,0.0,0.0,0.0,1.0,0.45,0.0,0
5976.03,EUR,Netflix,US,8.6957,1.0,1.0,1.0,0.0,0.0,1.0,0.0,1.0,1
10.07,USD,Amazon,NG,2.4039,1.0,0.0,0.0,0.0,0.0,0.0,0.45,0.0,0
120.02,GBP,Stripe Demo Store,NG,4.796,10.0,0.0,0.0,0.0,1.0,1.0,0.0,0.0,1
7499.93,EUR,Gambling Anonymous Hub,NG,8.9228,2.0,1.0,1.0,1.0,0.0,0.0,0.45,0.0,1
5835.42,USD,Anonymous Crypto Mix,NG,8.6719,1.0,1.0,1.0,1.0,0.0,1.0,0.45,0.0,1
29.86,EUR,Spotify,NG,3.4295,1.0,0.0,0.0,0.0,0.0,0.0,0.0,0.0,1
15.07,GBP,Spotify,NG,2.7767,1.0,0.0,0.0,0.0,0.0,1.0,0.45,0.0,0
20.2,EUR,Spotify,NG,3.0538,2.0,0.0,0.0,0.0,0.0,0.0,0.0,0.0,0
20.02,GBP,Shopify Merchant,NG,3.0457,2.0,0.0,0.0,0.0,0.0,1.0,0.45,0.0,0
10.59,USD,Stripe Demo Store,NG,2.4504,1.0,0.0,0.0,0.0,0.0,0.0,0.45,0.0,0
27.3,USD,Netflix,NG,3.343,1.0,0.0,0.0,0.0,1.0,1.0,0.0,0.0,1
6.33,EUR,Shopify Merchant,NG,1.9922,5.0,0.0,0.0,0.0,0.0,0.0,1.0,0.0,0
68.5,USD,Spotify,NG,4.2414,4.0,0.0,0.0,0.0,0.0,1.0,0.45,0.0,1
34.99,EUR,Netflix,NG,3.5833,2.0,0.0,0.0,0.0,0.0,0.0,0.0,0.0,0
31.42,EUR,Amazon,NG,3.4787,2.0,0.0,0.0,0.0,0.0,0.0,0.0,0.0,1
1672.46,GBP,Shopify Merchant,RU,7.4227,10.0,1.0,0.0,0.0,0.0,0.0,0.0,1.0,1
11.53,EUR,Stripe Demo Store,NG,2.5284,3.0,0.0,0.0,0.0,0.0,0.0,0.0,0.0,1
53.12,USD,Shopify Merchant,NG,3.9912,6.0,0.0,0.0,0.0,0.0,0.0,0.0,0.0,1
367.19,USD,Shopify Merchant,NG,5.9086,1.0,0.0,0.0,0.0,1.0,0.0,0.0,0.0,0
46.35,GBP,Shopify Merchant,NG,3.8576,1.0,0.0,0.0,0.0,0.0,0.0,0.0,0.0,1
41.51,EUR,Spotify,NG,3.7497,1.0,0.0,0.0,0.0,0.0,0.0,0.0,0.0,1
29.01,EUR,Netflix,NG,3.4014,4.0,0.0,0.0,0.0,0.0,0.0,0.0,0.0,1
11.1,GBP,Amazon,NG,2.493,2.0,0.0,0.0,0.0,0.0,0.0,0.45,0.0,0
40.31,USD,Apple,RU,3.7211,1.0,0.0,0.0,0.0,1.0,1.0,0.0,1.0,0
9.29,GBP,Shopify Merchant,NG,2.3314,8.0,0.0,0.0,0.0,0.0,1.0,0.0,0.0,1
8.61,USD,Netflix,NG,2.2625,6.0,0.0,0.0,0.0,1.0,0.0,0.0,0.0,1
6458.11,GBP,Netflix,NG,8.7732,1.0,1.0,1.0,0.0,0.0,1.0,0.0,0.0,1
1808.22,USD,Spotify,NG,7.5007,2.0,1.0,0.0,0.0,0.0,1.0,0.0,0.0,1
19.29,EUR,Amazon,CN,3.0103,2.0,0.0,0.0,0.0,0.0,0.0,0.0,1.0,0
21.55,EUR,Netflix,NG,3.1159,1.0,0.0,0.0,0.0,0.0,0.0,0.0,0.0,0
19.87,EUR,Spotify,NG,3.0383,2.0,0.0,0.0,0.0,0.0,0.0,0.0,0.0,1
9.13,GBP,Apple,NG,2.3159,1.0,0.0,0.0,0.0,0.0,0.0,0.0,0.0,0
12.56,EUR,Apple,NG,2.6071,5.0,0.0,0.0,0.0,0.0,1.0,0.0,0.0,1
13.01,GBP,Netflix,NG,2.6398,4.0,0.0,0.0,0.0,0.0,0.0,0.0,0.0,1
7.51,GBP,XXX Test Casino,NG,2.1413,5.0,0.0,0.0,1.0,0.0,1.0,0.45,0.0,0
14.11,USD,Amazon,NG,2.7155,3.0,0.0,0.0,0.0,0.0,0.0,0.0,0.0,0
9.42,GBP,Amazon,NG,2.344,1.0,0.0,0.0,0.0,0.0,0.0,0.45,0.0,0
1625.31,EUR,Apple,NG,7.3941,1.0,1.0,0.0,0.0,0.0,1.0,0.0,0.0,1
2303.8,EUR,Stripe Demo Store,NG,7.7428,3.0,1.0,0.0,0.0,0.0,1.0,1.0,0.0,1
8.12,USD,Amazon,NG,2.2106,1.0,0.0,0.0,0.0,0.0,1.0,1.0,0.0,0
16.32,EUR,Spotify,NG,2.8518,3.0,0.0,0.0,0.0,0.0,0.0,0.0,0.0,1
73.64,USD,Gambling Anonymous Hub,US,4.3127,1.0,0.0,0.0,1.0,0.0,0.0,0.45,1.0,0
704.3,GBP,Shopify Merchant,NG,6.5586,1.0,1.0,0.0,0.0,0.0,1.0,0.0,0.0,1
27.08,USD,Apple,DE,3.3349,2.0,0.0,0.0,0.0,0.0,1.0,1.0,1.0,1
21.63,GBP,Stripe Demo Store,NG,3.1191,2.0,0.0,0.0,0.0,0.0,1.0,1.0,0.0,1
43.16,GBP,Spotify,NG,3.7879,2.0,0.0,0.0,0.0,1.0,0.0,0.0,0.0,0
3497.12,GBP,Dark Web Market,NG,8.16,2.0,1.0,1.0,1.0,0.0,1.0,0.45,0.0,1
14.85,EUR,Dark Web Market,NG,2.7633,1.0,0.0,0.0,1.0,0.0,1.0,0.45,0.0,0
21.05,USD,Spotify,NG,3.0932,3.0,0.0,0.0,0.0,0.0,1.0,0.0,0.0,0
21.26,USD,Stripe Demo Store,NG,3.1029,2.0,0.0,0.0,0.0,0.0,0.0,0.0,0.0,0
18.84,GBP,Amazon,RU,2.9875,2.0,0.0,0.0,0.0,0.0,1.0,0.0,1.0,0
7.98,USD,Amazon,NG,2.1947,1.0,0.0,0.0,0.0,0.0,0.0,0.0,0.0,0
47.95,GBP,Netflix,DE,3.8908,2.0,0.0,0.0,0.0,0.0,1.0,0.0,1.0,0
42.37,GBP,Apple,US,3.7698,1.0,0.0,0.0,0.0,0.0,1.0,0.45,1.0,1
9.67,EUR,Spotify,NG,2.3675,2.0,0.0,0.0,0.0,0.0,0.0,0.0,0.0,0
16.27,USD,Dark Web Market,NG,2.8491,1.0,0.0,0.0,1.0,0.0,1.0,0.45,0.0,1
1029.16,EUR,Apple,NG,6.9375,4.0,1.0,0.0,0.0,0.0,0.0,0.45,0.0,1
8.94,USD,Amazon,NG,2.2965,3.0,0.0,0.0,0.0,0.0,1.0,0.45,0.0,0
5.44,GBP,Apple,NG,1.8621,2.0,0.0,0.0,0.0,0.0,0.0,0.0,0.0,1
12.56,EUR,Stripe Demo Store,NG,2.6072,4.0,0.0,0.0,0.0,0.0,0.0,0.0,0.0,1
15.65,EUR,Apple,CN,2.8125,2.0,0.0,0.0,0.0,0.0,1.0,0.0,1.0,0
7.32,GBP,Spotify,CN,2.1191,1.0,0.0,0.0,0.0,0.0,0.0,0.0,1.0,1
8308.32,USD,Dark Web Market,NG,9.0251,3.0,1.0,1.0,1.0,1.0,1.0,0.45,0.0,1
45.33,GBP,Spotify,NG,3.8358,10.0,0.0,0.0,0.0,0.0,1.0,0.45,0.0,1
2248.04,USD,Shopify Merchant,US,7.7183,1.0,1.0,0.0,0.0,1.0,1.0,0.0,1.0,1
18.38,USD,Shopify Merchant,NG,2.9643,1.0,0.0,0.0,0.0,1.0,0.0,0.0,0.0,1
5.54,USD,Gambling Anonymous Hub,NG,1.8777,2.0,0.0,0.0,1.0,0.0,0.0,0.45,0.0,1
33.15,EUR,Apple,US,3.5307,1.0,0.0,0.0,0.0,0.0,1.0,0.0,1.0,0
22.25,USD,Amazon,RU,3.1464,2.0,0.0,0.0,0.0,0.0,0.0,0.0,1.0,1
27.03,GBP,Stripe Demo Store,NG,3.3334,2.0,0.0,0.0,0.0,0.0,0.0,0.45,0.0,1
77.89,USD,Shopify Merchant,NG,4.368,3.0,0.0,0.0,0.0,0.0,1.0,1.0,0.0,1
11.28,EUR,Netflix,NG,2.5076,1.0,0.0,0.0,0.0,0.0,1.0,0.0,0.0,0
5.0,USD,Spotify,NG,1.7918,1.0,0.0,0.0,0.0,0.0,0.0,1.0,0.0,0
9.61,EUR,Spotify,NG,2.3616,4.0,0.0,0.0,0.0,0.0,0.0,0.0,0.0,0
1890.97,GBP,Stripe Demo Store,NG,7.5454,1.0,1.0,0.0,0.0,0.0,0.0,0.0,0.0,0
20.47,GBP,Amazon,CN,3.0665,2.0,0.0,0.0,0.0,0.0,0.0,0.45,1.0,1
8.58,GBP,Gambling Anonymous Hub,NG,2.2593,1.0,0.0,0.0,1.0,0.0,1.0,0.45,0.0,0
7.43,GBP,Amazon,RU,2.1324,1.0,0.0,0.0,0.0,0.0,1.0,0.0,1.0,1
15.67,GBP,Netflix,NG,2.8136,2.0,0.0,0.0,0.0,0.0,0.0,0.0,0.0,0
8.4,EUR,Shopify Merchant,NG,2.2403,1.0,0.0,0.0,0.0,0.0,0.0,0.0,0.0,0
28.92,GBP,Amazon,NG,3.3984,3.0,0.0,0.0,0.0,0.0,0.0,0.0,0.0,1
15.06,USD,Stripe Demo Store,NG,2.7763,2.0,0.0,0.0,0.0,0.0,1.0,0.0,0.0,1
7625.37,EUR,Netflix,NG,8.9394,4.0,1.0,1.0,0.0,0.0,0.0,0.0,0.0,1
11.81,USD,Apple,NG,2.5505,4.0,0.0,0.0,0.0,0.0,0.0,1.0,0.0,1
24.15,USD,Spotify,NG,3.2248,1.0,0.0,0.0,0.0,1.0,0.0,0.0,0.0,0
20.69,USD,Shopify Merchant,US,3.077,1.0,0.0,0.0,0.0,0.0,0.0,0.0,1.0,0
23.14,GBP,Spotify,NG,3.1837,4.0,0.0,0.0,0.0,0.0,1.0,0.0,0.0,0
22.78,EUR,Amazon,NG,3.169,1.0,0.0,0.0,0.0,0.0,0.0,0.45,0.0,0
19.1,EUR,Apple,US,3.0005,1.0,0.0,0.0,0.0,0.0,0.0,1.0,1.0,1
9.75,EUR,Netflix,NG,2.3745,1.0,0.0,0.0,0.0,0.0,1.0,0.45,0.0,0
12.05,EUR,Amazon,NG,2.5685,2.0,0.0,0.0,0.0,0.0,0.0,0.0,0.0,0
15.24,EUR,Amazon,NG,2.7873,1.0,0.0,0.0,0.0,0.0,0.0,0.45,0.0,0
4059.14,USD,Amazon,NG,8.309,1.0,1.0,1.0,0.0,0.0,0.0,1.0,0.0,1
7.81,USD,Stripe Demo Store,NG,2.1763,2.0,0.0,0.0,0.0,0.0,1.0,0.0,0.0,0
14.98,USD,Apple,NG,2.7713,3.0,0.0,0.0,0.0,0.0,1.0,0.0,0.0,1
6604.64,EUR,Wallet Drain Services,NG,8.7957,1.0,1.0,1.0,1.0,1.0,1.0,0.45,0.0,1
16.24,EUR,Stripe Demo Store,CN,2.8474,3.0,0.0,0.0,0.0,0.0,0.0,0.0,1.0,1
42.6,EUR,Shopify Merchant,NG,3.775,2.0,0.0,0.0,0.0,0.0,0.0,0.45,0.0,1
16.18,USD,Shopify Merchant,NG,2.844,1.0,0.0,0.0,0.0,0.0,0.0,0.45,0.0,0
1332.65,GBP,Amazon,US,7.1957,1.0,1.0,0.0,0.0,0.0,0.0,0.0,1.0,1
35.53,GBP,Amazon,RU,3.598,1.0,0.0,0.0,0.0,0.0,0.0,0.0,1.0,0
71.34,USD,Netflix,US,4.2814,1.0,0.0,0.0,0.0,0.0,0.0,0.0,1.0,1
3038.41,USD,Wallet Drain Services,NG,8.0194,4.0,1.0,1.0,1.0,0.0,1.0,0.45,0.0,1
18.25,USD,Netflix,NG,2.9577,1.0,0.0,0.0,0.0,0.0,0.0,0.0,0.0,0
7416.1,GBP,Dark Web Market,NG,8.9115,6.0,1.0,1.0,1.0,0.0,0.0,0.45,0.0,1
743.56,GBP,Stripe Demo Store,NG,6.6128,1.0,1.0,0.0,0.0,0.0,0.0,0.0,0.0,1
7478.45,EUR,Gambling Anonymous Hub,NG,8.9199,1.0,1.0,1.0,1.0,0.0,0.0,0.45,0.0,1
11.1,USD,Amazon,NG,2.4931,2.0,0.0,0.0,0.0,0.0,0.0,0.0,0.0,0
38.69,EUR,Shopify Merchant,NG,3.6811,4.0,0.0,0.0,0.0,0.0,0.0,0.45,0.0,1
23.21,EUR,Amazon,NG,3.1868,1.0,0.0,0.0,0.0,0.0,0.0,0.0,0.0,1
19.46,GBP,Apple,US,3.0187,1.0,0.0,0.0,0.0,1.0,1.0,0.0,1.0,0
8.25,GBP,Gambling Anonymous Hub,NG,2.2246,2.0,0.0,0.0,1.0,1.0,0.0,0.45,0.0,1
4145.85,GBP,Amazon,DE,8.3301,1.0,1.0,1.0,0.0,0.0,0.0,0.0,1.0,1
5.34,EUR,Stripe Demo Store,NG,1.8465,2.0,0.0,0.0,0.0,1.0,0.0,0.0,0.0,1
13.37,EUR,Shopify Merchant,NG,2.665,4.0,0.0,0.0,0.0,0.0,0.0,0.0,0.0,1
13.54,EUR,Amazon,NG,2.6771,1.0,0.0,0.0,0.0,1.0,0.0,0.0,0.0,0
24.55,USD,Spotify,NG,3.2408,4.0,0.0,0.0,0.0,0.0,0.0,0.0,0.0,0
74.88,USD,Netflix,NG,4.3292,1.0,0.0,0.0,0.0,0.0,1.0,0.0,0.0,1
29.97,EUR,Netflix,NG,3.4332,5.0,0.0,0.0,0.0,1.0,1.0,0.0,0.0,0
930.32,GBP,Stripe Demo Store,NG,6.8366,8.0,1.0,0.0,0.0,0.0,1.0,0.0,0.0,1
31.55,EUR,Stripe Demo Store,NG,3.4828,2.0,0.0,0.0,0.0,0.0,0.0,0.45,0.0,1
44.15,GBP,Amazon,NG,3.8099,8.0,0.0,0.0,0.0,0.0,0.0,0.0,0.0,1
73.7,GBP,Spotify,US,4.3135,4.0,0.0,0.0,0.0,0.0,0.0,0.45,1.0,0
12.03,EUR,Apple,DE,2.5675,1.0,0.0,0.0,0.0,0.0,1.0,0.45,1.0,0
640.49,GBP,Amazon,NG,6.4638,1.0,1.0,0.0,0.0,0.0,0.0,0.0,0.0,1
1390.6,GBP,Apple,NG,7.2382,1.0,1.0,0.0,0.0,1.0,0.0,0.0,0.0,1
20.03,EUR,Spotify,NG,3.0461,2.0,0.0,0.0,0.0,0.0,0.0,1.0,0.0,1
2183.49,USD,Stripe Demo Store,NG,7.6891,2.0,1.0,0.0,0.0,0.0,0.0,0.0,0.0,1
16.88,EUR,Spotify,US,2.8835,2.0,0.0,0.0,0.0,0.0,0.0,0.0,1.0,0
13.23,GBP,Amazon,NG,2.6555,2.0,0.0,0.0,0.0,1.0,0.0,0.0,0.0,0
1357.41,GBP,Spotify,NG,7.2141,1.0,1.0,0.0,0.0,0.0,1.0,1.0,0.0,0
9.3,GBP,Gambling Anonymous Hub,NG,2.3322,1.0,0.0,0.0,1.0,0.0,0.0,0.45,0.0,0
32.48,USD,Gambling Anonymous Hub,NG,3.5108,1.0,0.0,0.0,1.0,1.0,0.0,1.0,0.0,1
28.99,GBP,Netflix,NG,3.4009,10.0,0.0,0.0,0.0,0.0,1.0,0.0,0.0,1
6.65,EUR,Amazon,US,2.0348,1.0,0.0,0.0,0.0,0.0,0.0,0.0,1.0,1
11.23,USD,Netflix,NG,2.5038,1.0,0.0,0.0,0.0,0.0,0.0,0.0,0.0,0
12.63,EUR,Spotify,NG,2.6123,1.0,0.0,0.0,0.0,1.0,0.0,0.0,0.0,0
29.82,EUR,Amazon,NG,3.4282,8.0,0.0,0.0,0.0,0.0,0.0,0.0,0.0,1
15.53,EUR,Apple,DE,2.8055,1.0,0.0,0.0,0.0,1.0,1.0,0.45,1.0,1
988.01,USD,Spotify,NG,6.8967,2.0,1.0,0.0,0.0,0.0,1.0,0.45,0.0,1
7.24,USD,Amazon,RU,2.109,1.0,0.0,0.0,0.0,0.0,0.0,0.0,1.0,1
4854.77,USD,Anonymous Crypto Mix,RU,8.4879,1.0,1.0,1.0,1.0,1.0,1.0,0.45,1.0,0
21.11,USD,Spotify,DE,3.0961,3.0,0.0,0.0,0.0,0.0,0.0,0.0,1.0,1
28.48,USD,Spotify,NG,3.3838,2.0,0.0,0.0,0.0,0.0,0.0,0.0,0.0,1
13.76,USD,Amazon,NG,2.6917,2.0,0.0,0.0,0.0,0.0,0.0,0.45,0.0,1
1269.22,USD,Apple,NG,7.1469,1.0,1.0,0.0,0.0,1.0,1.0,0.0,0.0,1
76.62,GBP,XXX Test Casino,NG,4.3518,8.0,0.0,0.0,1.0,0.0,1.0,1.0,0.0,1
1672.65,EUR,Netflix,US,7.4228,2.0,1.0,0.0,0.0,0.0,1.0,0.0,1.0,1
24.41,EUR,Amazon,NG,3.2352,6.0,0.0,0.0,0.0,0.0,0.0,0.0,0.0,0
8.6,GBP,Shopify Merchant,DE,2.2619,1.0,0.0,0.0,0.0,1.0,0.0,0.0,1.0,0
15.13,EUR,Apple,NG,2.7805,1.0,0.0,0.0,0.0,1.0,0.0,0.0,0.0,0
12.85,USD,Spotify,NG,2.6283,1.0,0.0,0.0,0.0,0.0,0.0,0.0,0.0,1
10.07,GBP,Apple,DE,2.4045,3.0,0.0,0.0,0.0,0.0,0.0,0.0,1.0,0
20.59,USD,Netflix,NG,3.0722,3.0,0.0,0.0,0.0,0.0,0.0,0.0,0.0,1
5.0,USD,Stripe Demo Store,CN,1.7918,2.0,0.0,0.0,0.0,0.0,0.0,0.0,1.0,1
16.11,EUR,Apple,DE,2.8394,1.0,0.0,0.0,0.0,1.0,0.0,0.0,1.0,0
18.86,USD,Shopify Merchant,RU,2.9885,1.0,0.0,0.0,0.0,0.0,0.0,0.45,1.0,1
7.76,EUR,Apple,NG,2.1698,1.0,0.0,0.0,0.0,0.0,0.0,0.45,0.0,0
57.93,USD,Shopify Merchant,DE,4.0764,4.0,0.0,0.0,0.0,0.0,1.0,0.0,1.0,1
13.25,EUR,Amazon,NG,2.6566,1.0,0.0,0.0,0.0,0.0,0.0,0.0,0.0,1
17.01,USD,Shopify Merchant,NG,2.8909,1.0,0.0,0.0,0.0,0.0,0.0,0.0,0.0,1
13.27,EUR,Gambling Anonymous Hub,NG,2.6581,1.0,0.0,0.0,1.0,1.0,0.0,1.0,0.0,1
18.97,EUR,Netflix,NG,2.9943,1.0,0.0,0.0,0.0,0.0,0.0,0.45,0.0,1
602.61,GBP,Apple,NG,6.4029,8.0,1.0,0.0,0.0,0.0,1.0,0.45,0.0,1
113.42,USD,Dark Web Market,DE,4.7399,1.0,0.0,0.0,1.0,0.0,1.0,0.45,1.0,1
33.85,USD,Amazon,NG,3.5511,5.0,0.0,0.0,0.0,0.0,1.0,0.45,0.0,1
1611.12,EUR,Netflix,NG,7.3853,2.0,1.0,0.0,0.0,0.0,0.0,0.0,0.0,1
66.79,EUR,Netflix,RU,4.2164,2.0,0.0,0.0,0.0,0.0,1.0,0.0,1.0,1
23.91,EUR,Apple,CN,3.2152,2.0,0.0,0.0,0.0,0.0,1.0,0.45,1.0,1
5422.03,GBP,Stripe Demo Store,DE,8.5984,2.0,1.0,1.0,0.0,1.0,0.0,0.0,1.0,0
4598.07,EUR,Stripe Demo Store,RU,8.4336,2.0,1.0,1.0,0.0,0.0,0.0,0.0,1.0,1
22.22,EUR,Stripe Demo Store,US,3.1448,1.0,0.0,0.0,0.0,1.0,1.0,0.45,1.0,0
25.67,EUR,Spotify,NG,3.2835,5.0,0.0,0.0,0.0,0.0,0.0,0.45,0.0,1
5.61,USD,Stripe Demo Store,NG,1.889,1.0,0.0,0.0,0.0,0.0,0.0,0.0,0.0,0
8378.02,EUR,Apple,NG,9.0335,1.0,1.0,1.0,0.0,0.0,0.0,0.0,0.0,1
5599.55,EUR,Dark Web Market,NG,8.6306,1.0,1.0,1.0,1.0,0.0,1.0,0.45,0.0,1
6.44,GBP,Netflix,NG,2.0067,2.0,0.0,0.0,0.0,0.0,1.0,0.0,0.0,1
22.99,GBP,Apple,NG,3.1776,1.0,0.0,0.0,0.0,0.0,0.0,0.0,0.0,0
9.21,USD,Spotify,RU,2.3232,1.0,0.0,0.0,0.0,0.0,0.0,0.45,1.0,1
19.99,USD,Amazon,NG,3.0438,1.0,0.0,0.0,0.0,1.0,0.0,0.0,0.0,0
22.13,GBP,Apple,CN,3.1411,1.0,0.0,0.0,0.0,0.0,1.0,0.45,1.0,1
22.83,EUR,Shopify Merchant,NG,3.171,1.0,0.0,0.0,0.0,0.0,0.0,0.0,0.0,0
10.67,USD,Stripe Demo Store,NG,2.4567,4.0,0.0,0.0,0.0,0.0,0.0,0.0,0.0,0
37.68,USD,Apple,CN,3.6553,1.0,0.0,0.0,0.0,0.0,0.0,0.0,1.0,1
18.87,EUR,Stripe Demo Store,NG,2.9892,6.0,0.0,0.0,0.0,0.0,0.0,0.45,0.0,0
27.35,GBP,Spotify,NG,3.3447,2.0,0.0,0.0,0.0,0.0,0.0,1.0,0.0,1
8.69,USD,Stripe Demo Store,NG,2.2714,3.0,0.0,0.0,0.0,1.0,0.0,0.0,0.0,1
17.73,EUR,Apple,NG,2.93,6.0,0.0,0.0,0.0,1.0,0.0,0.0,0.0,1
2952.27,GBP,Shopify Merchant,NG,7.9907,1.0,1.0,1.0,0.0,1.0,1.0,0.0,0.0,1
39.61,GBP,Netflix,NG,3.7041,2.0,0.0,0.0,0.0,0.0,1.0,0.0,0.0,1
11.49,GBP,Amazon,NG,2.5253,1.0,0.0,0.0,0.0,0.0,1.0,0.0,0.0,1
13.71,USD,Amazon,DE,2.6885,1.0,0.0,0.0,0.0,1.0,1.0,0.0,1.0,0
10.05,GBP,Apple,NG,2.4027,1.0,0.0,0.0,0.0,1.0,0.0,0.45,0.0,0
12.69,GBP,Shopify Merchant,NG,2.6164,2.0,0.0,0.0,0.0,0.0,1.0,0.0,0.0,0
7.54,EUR,Stripe Demo Store,NG,2.1451,4.0,0.0,0.0,0.0,0.0,0.0,0.45,0.0,1
18.23,EUR,Spotify,NG,2.9567,1.0,0.0,0.0,0.0,0.0,1.0,0.45,0.0,0
31.29,USD,Apple,NG,3.4747,3.0,0.0,0.0,0.0,0.0,1.0,0.45,0.0,1
11.59,GBP,Spotify,NG,2.5332,1.0,0.0,0.0,0.0,0.0,0.0,0.0,0.0,0
18.85,EUR,Amazon,NG,2.9883,1.0,0.0,0.0,0.0,1.0,0.0,0.0,0.0,1
17.21,GBP,Amazon,NG,2.9021,1.0,0.0,0.0,0.0,1.0,0.0,0.0,0.0,0
42.04,USD,Apple,NG,3.7621,2.0,0.0,0.0,0.0,0.0,1.0,0.0,0.0,0
13.09,USD,Netflix,NG,2.6455,2.0,0.0,0.0,0.0,0.0,0.0,0.0,0.0,0
13.43,EUR,Amazon,NG,2.6692,1.0,0.0,0.0,0.0,0.0,0.0,0.0,0.0,0
11.11,USD,Netflix,US,2.494,1.0,0.0,0.0,0.0,0.0,1.0,0.0,1.0,0
9.06,GBP,Amazon,NG,2.3085,2.0,0.0,0.0,0.0,0.0,0.0,0.0,0.0,1
29.09,USD,Apple,NG,3.4042,3.0,0.0,0.0,0.0,0.0,0.0,0.0,0.0,1
5026.11,USD,Stripe Demo Store,NG,8.5226,1.0,1.0,1.0,0.0,1.0,0.0,0.0,0.0,1
5809.45,USD,Apple,NG,8.6674,3.0,1.0,1.0,0.0,1.0,0.0,0.0,0.0,1
3257.25,GBP,XXX Test Casino,NG,8.0889,2.0,1.0,1.0,1.0,1.0,1.0,0.45,0.0,1
51.03,USD,Stripe Demo Store,DE,3.9519,2.0,0.0,0.0,0.0,0.0,0.0,0.0,1.0,0
6.34,EUR,Spotify,US,1.994,1.0,0.0,0.0,0.0,0.0,0.0,0.45,1.0,1
31.61,GBP,Shopify Merchant,NG,3.4846,5.0,0.0,0.0,0.0,0.0,0.0,0.45,0.0,1
23.52,USD,Apple,NG,3.1996,2.0,0.0,0.0,0.0,0.0,1.0,1.0,0.0,1
14.54,EUR,Amazon,NG,2.7434,1.0,0.0,0.0,0.0,0.0,1.0,0.0,0.0,0
25.26,GBP,XXX Test Casino,NG,3.2682,4.0,0.0,0.0,1.0,0.0,1.0,0.45,0.0,1
6.0,USD,Shopify Merchant,NG,1.9457,4.0,0.0,0.0,0.0,0.0,0.0,0.45,0.0,1
55.92,EUR,Shopify Merchant,NG,4.0416,3.0,0.0,0.0,0.0,0.0,1.0,1.0,0.0,1
28.8,GBP,Amazon,NG,3.3946,4.0,0.0,0.0,0.0,0.0,0.0,0.0,0.0,0
10.96,EUR,Stripe Demo Store,NG,2.4817,1.0,0.0,0.0,0.0,0.0,1.0,0.45,0.0,0
13.33,EUR,XXX Test Casino,NG,2.6625,3.0,0.0,0.0,1.0,1.0,0.0,0.45,0.0,0
1194.11,USD,Amazon,NG,7.086,1.0,1.0,0.0,0.0,0.0,1.0,0.0,0.0,1
16.12,USD,Netflix,CN,2.8404,4.0,0.0,0.0,0.0,0.0,0.0,0.0,1.0,0
14.33,USD,Shopify Merchant,NG,2.7296,1.0,0.0,0.0,0.0,1.0,0.0,0.0,0.0,0
7.94,GBP,Shopify Merchant,US,2.191,1.0,0.0,0.0,0.0,0.0,0.0,0.45,1.0,0
34.59,USD,Amazon,NG,3.5722,1.0,0.0,0.0,0.0,0.0,0.0,1.0,0.0,0
49.1,GBP,Dark Web Market,NG,3.9139,3.0,0.0,0.0,1.0,0.0,1.0,0.45,0.0,1
19.7,USD,Amazon,NG,3.0304,2.0,0.0,0.0,0.0,1.0,0.0,0.0,0.0,1
16.22,EUR,Apple,NG,2.8459,3.0,0.0,0.0,0.0,0.0,1.0,0.0,0.0,1
27.23,GBP,Apple,NG,3.3405,1.0,0.0,0.0,0.0,0.0,0.0,0.0,0.0,1
19.81,EUR,Stripe Demo Store,NG,3.0355,1.0,0.0,0.0,0.0,0.0,0.0,0.0,0.0,1
4603.35,GBP,Spotify,CN,8.4348,2.0,1.0,1.0,0.0,0.0,0.0,0.0,1.0,1
12.72,USD,Amazon,CN,2.6188,1.0,0.0,0.0,0.0,0.0,0.0,0.0,1.0,0
16.32,EUR,Apple,NG,2.852,2.0,0.0,0.0,0.0,1.0,1.0,0.0,0.0,0
23.9,EUR,Amazon,NG,3.2147,6.0,0.0,0.0,0.0,0.0,1.0,0.0,0.0,0
20.22,EUR,Amazon,NG,3.0548,2.0,0.0,0.0,0.0,0.0,1.0,0.0,0.0,1
23.27,EUR,Amazon,NG,3.1893,1.0,0.0,0.0,0.0,0.0,1.0,0.0,0.0,1
6.91,GBP,Netflix,NG,2.0678,2.0,0.0,0.0,0.0,0.0,0.0,0.45,0.0,1
1667.78,EUR,Spotify,NG,7.4198,5.0,1.0,0.0,0.0,0.0,1.0,0.0,0.0,1
20.13,GBP,Netflix,NG,3.0509,2.0,0.0,0.0,0.0,0.0,0.0,0.0,0.0,1
119.93,EUR,Netflix,US,4.7952,3.0,0.0,0.0,0.0,0.0,1.0,0.0,1.0,1
15.31,USD,Apple,NG,2.7919,1.0,0.0,0.0,0.0,0.0,0.0,0.45,0.0,0
1244.97,EUR,Netflix,CN,7.1277,3.0,1.0,0.0,0.0,0.0,1.0,0.0,1.0,1
1441.49,GBP,Shopify Merchant,US,7.2741,1.0,1.0,0.0,0.0,0.0,0.0,0.0,1.0,0
5036.68,EUR,Gambling Anonymous Hub,NG,8.5247,3.0,1.0,1.0,1.0,0.0,1.0,0.45,0.0,1
19.16,GBP,Apple,RU,3.0035,4.0,0.0,0.0,0.0,0.0,0.0,0.0,1.0,0
10.07,USD,Gambling Anonymous Hub,NG,2.4039,5.0,0.0,0.0,1.0,0.0,1.0,0.45,0.0,1
58.54,GBP,Stripe Demo Store,NG,4.0867,1.0,0.0,0.0,0.0,0.0,0.0,0.45,0.0,0
1657.39,USD,Netflix,NG,7.4136,4.0,1.0,0.0,0.0,1.0,1.0,0.0,0.0,1
27.09,USD,Netflix,NG,3.3352,1.0,0.0,0.0,0.0,0.0,0.0,0.0,0.0,0
14.42,EUR,Shopify Merchant,NG,2.7356,2.0,0.0,0.0,0.0,0.0,1.0,0.0,0.0,0
17.59,EUR,Stripe Demo Store,NG,2.9228,2.0,0.0,0.0,0.0,0.0,1.0,0.45,0.0,0
7.41,GBP,Stripe Demo Store,CN,2.1298,2.0,0.0,0.0,0.0,0.0,0.0,0.0,1.0,1
51.43,EUR,Spotify,NG,3.9594,1.0,0.0,0.0,0.0,0.0,1.0,0.45,0.0,0
16.54,GBP,Amazon,NG,2.8643,2.0,0.0,0.0,0.0,0.0,0.0,0.45,0.0,0
8.58,EUR,Shopify Merchant,DE,2.2597,2.0,0.0,0.0,0.0,0.0,0.0,0.0,1.0,1
696.37,EUR,Apple,NG,6.5473,2.0,1.0,0.0,0.0,0.0,0.0,0.0,0.0,1
14.11,USD,Stripe Demo Store,US,2.7156,2.0,0.0,0.0,0.0,0.0,1.0,0.0,1.0,1
532.96,EUR,Apple,DE,6.2803,3.0,1.0,0.0,0.0,0.0,0.0,0.0,1.0,0
36.2,GBP,Spotify,NG,3.6162,1.0,0.0,0.0,0.0,0.0,0.0,1.0,0.0,1
1315.92,EUR,Gambling Anonymous Hub,NG,7.183,1.0,1.0,0.0,1.0,0.0,1.0,0.45,0.0,1
5.0,EUR,Wallet Drain Services,NG,1.7918,2.0,0.0,0.0,1.0,0.0,0.0,0.45,0.0,1
3586.26,USD,Wallet Drain Services,CN,8.1851,3.0,1.0,1.0,1.0,0.0,0.0,0.45,1.0,1
18.72,GBP,Spotify,NG,2.9816,1.0,0.0,0.0,0.0,1.0,0.0,0.0,0.0,0
15.95,EUR,Shopify Merchant,NG,2.8305,1.0,0.0,0.0,0.0,0.0,0.0,0.0,0.0,0
18.61,EUR,Stripe Demo Store,NG,2.976,5.0,0.0,0.0,0.0,0.0,1.0,1.0,0.0,1
6.51,EUR,Stripe Demo Store,NG,2.0159,4.0,0.0,0.0,0.0,0.0,1.0,0.0,0.0,1
22.98,GBP,Amazon,NG,3.1771,2.0,0.0,0.0,0.0,0.0,0.0,0.0,0.0,1
7.73,GBP,Netflix,NG,2.1666,3.0,0.0,0.0,0.0,0.0,1.0,1.0,0.0,1
5043.6,EUR,Wallet Drain Services,CN,8.5261,6.0,1.0,1.0,1.0,0.0,1.0,0.45,1.0,1
22.41,EUR,XXX Test Casino,NG,3.153,2.0,0.0,0.0,1.0,0.0,1.0,0.45,0.0,1
42.6,USD,Gambling Anonymous Hub,CN,3.775,1.0,0.0,0.0,1.0,0.0,1.0,0.45,1.0,1
11.32,USD,Spotify,NG,2.5109,2.0,0.0,0.0,0.0,0.0,1.0,0.0,0.0,0
2055.93,USD,Netflix,NG,7.629,5.0,1.0,0.0,0.0,0.0,1.0,1.0,0.0,1
1069.45,USD,Amazon,NG,6.9758,2.0,1.0,0.0,0.0,0.0,0.0,0.45,0.0,1
14.87,GBP,Apple,NG,2.7645,1.0,0.0,0.0,0.0,1.0,1.0,0.0,0.0,1
3040.46,USD,Spotify,RU,8.0201,5.0,1.0,1.0,0.0,0.0,0.0,0.0,1.0,1
7.31,GBP,Netflix,DE,2.1175,3.0,0.0,0.0,0.0,0.0,0.0,0.45,1.0,1
1480.39,EUR,Amazon,NG,7.3007,1.0,1.0,0.0,0.0,0.0,1.0,0.0,0.0,0
3646.85,USD,Spotify,NG,8.2019,8.0,1.0,1.0,0.0,0.0,0.0,1.0,0.0,1
46.5,GBP,Shopify Merchant,NG,3.8608,3.0,0.0,0.0,0.0,0.0,1.0,0.45,0.0,1
12.48,GBP,Stripe Demo Store,NG,2.6014,4.0,0.0,0.0,0.0,1.0,1.0,0.0,0.0,1
10.69,USD,Netflix,NG,2.4589,6.0,0.0,0.0,0.0,0.0,1.0,0.0,0.0,1
23.65,GBP,Shopify Merchant,NG,3.2049,1.0,0.0,0.0,0.0,0.0,0.0,0.0,0.0,1
1412.59,USD,Spotify,US,7.2539,3.0,1.0,0.0,0.0,0.0,1.0,0.0,1.0,1
20.21,USD,Stripe Demo Store,NG,3.0543,1.0,0.0,0.0,0.0,0.0,0.0,0.0,0.0,0
40.05,USD,Apple,NG,3.7149,4.0,0.0,0.0,0.0,1.0,0.0,0.0,0.0,1
1953.21,GBP,Amazon,NG,7.5777,4.0,1.0,0.0,0.0,1.0,0.0,0.0,0.0,1
21.86,EUR,Apple,US,3.1294,4.0,0.0,0.0,0.0,0.0,0.0,0.0,1.0,1
23.19,USD,Amazon,RU,3.1858,3.0,0.0,0.0,0.0,0.0,1.0,0.0,1.0,0
6.14,GBP,Shopify Merchant,NG,1.9657,3.0,0.0,0.0,0.0,1.0,0.0,1.0,0.0,1
26.42,GBP,Amazon,NG,3.3114,1.0,0.0,0.0,0.0,1.0,0.0,0.45,0.0,0
22.46,GBP,Netflix,NG,3.1555,1.0,0.0,0.0,0.0,0.0,0.0,0.0,0.0,1
37.53,USD,Netflix,CN,3.6513,1.0,0.0,0.0,0.0,0.0,1.0,0.0,1.0,0
30.69,GBP,XXX Test Casino,NG,3.4561,4.0,0.0,0.0,1.0,0.0,0.0,1.0,0.0,1
17.44,USD,Shopify Merchant,CN,2.9144,2.0,0.0,0.0,0.0,0.0,0.0,0.0,1.0,1
41.37,EUR,Spotify,NG,3.7466,2.0,0.0,0.0,0.0,0.0,1.0,0.45,0.0,1
16.37,USD,Stripe Demo Store,NG,2.8545,1.0,0.0,0.0,0.0,0.0,1.0,0.0,0.0,0
23.88,GBP,Shopify Merchant,NG,3.214,2.0,0.0,0.0,0.0,0.0,1.0,0.0,0.0,0
16.15,GBP,Stripe Demo Store,NG,2.8423,2.0,0.0,0.0,0.0,1.0,0.0,0.0,0.0,1
27.75,EUR,Wallet Drain Services,NG,3.3586,10.0,0.0,0.0,1.0,0.0,1.0,0.45,0.0,1
1496.38,EUR,Gambling Anonymous Hub,NG,7.3115,4.0,1.0,0.0,1.0,0.0,1.0,0.45,0.0,1
63.64,GBP,Amazon,NG,4.1689,2.0,0.0,0.0,0.0,0.0,1.0,1.0,0.0,1
82.45,GBP,Amazon,NG,4.4242,3.0,0.0,0.0,0.0,0.0,0.0,0.0,0.0,0
7993.86,GBP,XXX Test Casino,NG,8.9866,1.0,1.0,1.0,1.0,0.0,0.0,0.45,0.0,1
59.08,GBP,Shopify Merchant,RU,4.0957,1.0,0.0,0.0,0.0,1.0,1.0,0.45,1.0,1
6.84,EUR,Shopify Merchant,US,2.059,2.0,0.0,0.0,0.0,0.0,0.0,0.45,1.0,0
7.43,USD,Spotify,NG,2.1314,3.0,0.0,0.0,0.0,1.0,0.0,0.0,0.0,1
16.04,USD,Stripe Demo Store,NG,2.8354,1.0,0.0,0.0,0.0,0.0,0.0,0.0,0.0,1
20.67,EUR,Apple,NG,3.0761,1.0,0.0,0.0,0.0,0.0,1.0,0.0,0.0,0
826.33,GBP,Stripe Demo Store,NG,6.7182,2.0,1.0,0.0,0.0,1.0,0.0,0.0,0.0,1
1866.59,EUR,Spotify,NG,7.5324,1.0,1.0,0.0,0.0,0.0,0.0,0.45,0.0,1
44.98,EUR,Shopify Merchant,NG,3.8281,1.0,0.0,0.0,0.0,0.0,0.0,0.45,0.0,0
90.73,GBP,Shopify Merchant,NG,4.5189,2.0,0.0,0.0,0.0,0.0,0.0,0.45,0.0,1
49.24,GBP,Apple,NG,3.9168,5.0,0.0,0.0,0.0,0.0,0.0,0.0,0.0,0
42.94,USD,Stripe Demo Store,NG,3.7829,1.0,0.0,0.0,0.0,0.0,0.0,0.45,0.0,1
23.53,EUR,Amazon,NG,3.1999,1.0,0.0,0.0,0.0,1.0,0.0,0.0,0.0,1
11.13,GBP,Anonymous Crypto Mix,NG,2.4959,1.0,0.0,0.0,1.0,0.0,1.0,0.45,0.0,0
1485.34,GBP,Apple,NG,7.3041,1.0,1.0,0.0,0.0,0.0,0.0,0.0,0.0,0
87.7,EUR,Apple,NG,4.4852,3.0,0.0,0.0,0.0,1.0,1.0,0.0,0.0,1
15.7,GBP,Apple,CN,2.8154,1.0,0.0,0.0,0.0,0.0,0.0,0.45,1.0,0
14.61,EUR,Shopify Merchant,DE,2.7477,1.0,0.0,0.0,0.0,0.0,0.0,0.45,1.0,0
43.6,EUR,Stripe Demo Store,NG,3.7978,5.0,0.0,0.0,0.0,1.0,0.0,0.0,0.0,0
1131.91,GBP,Netflix,NG,7.0325,3.0,1.0,0.0,0.0,0.0,0.0,0.0,0.0,1
11.09,GBP,Anonymous Crypto Mix,NG,2.4928,1.0,0.0,0.0,1.0,0.0,0.0,0.45,0.0,0
16.73,GBP,Stripe Demo Store,RU,2.875,1.0,0.0,0.0,0.0,1.0,1.0,0.0,1.0,1
1131.75,GBP,Netflix,NG,7.0324,4.0,1.0,0.0,0.0,0.0,0.0,0.0,0.0,0
1223.28,USD,Shopify Merchant,DE,7.1101,2.0,1.0,0.0,0.0,0.0,1.0,1.0,1.0,1
43.49,GBP,Shopify Merchant,NG,3.7953,6.0,0.0,0.0,0.0,0.0,1.0,0.0,0.0,1
11.44,EUR,Spotify,NG,2.521,1.0,0.0,0.0,0.0,0.0,0.0,0.45,0.0,0
2267.74,EUR,Netflix,DE,7.727,3.0,1.0,0.0,0.0,0.0,0.0,0.45,1.0,1
1699.09,GBP,Apple,DE,7.4384,1.0,1.0,0.0,0.0,1.0,0.0,0.0,1.0,1
102.34,GBP,Gambling Anonymous Hub,NG,4.6381,1.0,0.0,0.0,1.0,0.0,0.0,0.45,0.0,1
1241.01,EUR,Shopify Merchant,NG,7.1245,3.0,1.0,0.0,0.0,0.0,0.0,0.0,0.0,1
18.77,GBP,Stripe Demo Store,RU,2.9841,3.0,0.0,0.0,0.0,0.0,1.0,0.0,1.0,0
30.03,EUR,Stripe Demo Store,CN,3.4351,1.0,0.0,0.0,0.0,0.0,0.0,0.45,1.0,1
780.13,EUR,Amazon,NG,6.6607,1.0,1.0,0.0,0.0,0.0,1.0,0.0,0.0,1
5.72,USD,Apple,NG,1.9045,3.0,0.0,0.0,0.0,0.0,0.0,0.45,0.0,1
16.97,USD,Shopify Merchant,NG,2.8889,1.0,0.0,0.0,0.0,0.0,1.0,0.0,0.0,0
3386.27,EUR,Amazon,NG,8.1278,1.0,1.0,1.0,0.0,0.0,0.0,0.0,0.0,1
662.7,USD,Spotify,NG,6.4978,1.0,1.0,0.0,0.0,0.0,0.0,0.0,0.0,1
1226.9,EUR,Anonymous Crypto Mix,NG,7.1131,1.0,1.0,0.0,1.0,1.0,1.0,0.45,0.0,0
5.0,GBP,XXX Test Casino,NG,1.7918,4.0,0.0,0.0,1.0,0.0,1.0,0.45,0.0,1
3448.09,USD,Spotify,NG,8.1459,1.0,1.0,1.0,0.0,0.0,0.0,0.45,0.0,1
23.82,USD,Apple,NG,3.2116,2.0,0.0,0.0,0.0,0.0,1.0,0.0,0.0,1
21.5,GBP,Shopify Merchant,RU,3.1134,2.0,0.0,0.0,0.0,0.0,1.0,0.0,1.0,1
15.06,GBP,Stripe Demo Store,NG,2.7765,1.0,0.0,0.0,0.0,0.0,1.0,0.0,0.0,0
1940.38,USD,Stripe Demo Store,RU,7.5712,2.0,1.0,0.0,0.0,0.0,0.0,0.0,1.0,1
2120.28,GBP,Netflix,NG,7.6598,1.0,1.0,0.0,0.0,0.0,0.0,0.45,0.0,1
1927.69,EUR,Apple,US,7.5646,4.0,1.0,0.0,0.0,0.0,1.0,0.0,1.0,0
20.92,EUR,Apple,NG,3.0874,3.0,0.0,0.0,0.0,0.0,1.0,0.0,0.0,0
10.7,GBP,Stripe Demo Store,NG,2.4592,3.0,0.0,0.0,0.0,1.0,0.0,0.0,0.0,1
24.23,USD,Gambling Anonymous Hub,US,3.2278,1.0,0.0,0.0,1.0,0.0,1.0,0.45,1.0,1
24.12,USD,Stripe Demo Store,NG,3.2236,4.0,0.0,0.0,0.0,0.0,0.0,0.0,0.0,0
17.88,GBP,Netflix,NG,2.9381,2.0,0.0,0.0,0.0,1.0,0.0,0.0,0.0,0
109.37,USD,Stripe Demo Store,US,4.7038,1.0,0.0,0.0,0.0,1.0,1.0,0.0,1.0,1
1130.25,EUR,Netflix,NG,7.0311,1.0,1.0,0.0,0.0,0.0,0.0,0.0,0.0,1
16.57,USD,Shopify Merchant,NG,2.866,1.0,0.0,0.0,0.0,0.0,1.0,0.0,0.0,0
2013.54,USD,Stripe Demo Store,NG,7.6081,1.0,1.0,0.0,0.0,0.0,0.0,1.0,0.0,0
14.94,GBP,Apple,NG,2.7691,1.0,0.0,0.0,0.0,0.0,0.0,0.0,0.0,0
10.18,EUR,Amazon,DE,2.4141,5.0,0.0,0.0,0.0,0.0,0.0,0.0,1.0,0
32.46,GBP,Gambling Anonymous Hub,CN,3.5105,10.0,0.0,0.0,1.0,0.0,1.0,0.45,1.0,1
12.42,GBP,Stripe Demo Store,NG,2.597,1.0,0.0,0.0,0.0,0.0,0.0,0.0,0.0,0
13.5,EUR,Amazon,NG,2.6739,6.0,0.0,0.0,0.0,0.0,0.0,0.0,0.0,1
13.78,EUR,Spotify,NG,2.6933,3.0,0.0,0.0,0.0,0.0,0.0,0.0,0.0,1
10.08,USD,Stripe Demo Store,DE,2.4051,2.0,0.0,0.0,0.0,0.0,1.0,0.0,1.0,0
5.9,EUR,Apple,NG,1.9309,6.0,0.0,0.0,0.0,1.0,1.0,0.0,0.0,1
14.53,GBP,Shopify Merchant,NG,2.7425,3.0,0.0,0.0,0.0,0.0,0.0,0.0,0.0,1
37.02,USD,Stripe Demo Store,CN,3.638,2.0,0.0,0.0,0.0,0.0,1.0,0.0,1.0,0
23.06,GBP,Dark Web Market,RU,3.1803,1.0,0.0,0.0,1.0,0.0,1.0,0.45,1.0,1
59.88,EUR,Apple,US,4.109,1.0,0.0,0.0,0.0,0.0,0.0,0.0,1.0,1
33.98,EUR,Shopify Merchant,NG,3.5547,5.0,0.0,0.0,0.0,0.0,0.0,0.45,0.0,1
28.98,GBP,Netflix,NG,3.4007,1.0,0.0,0.0,0.0,0.0,1.0,0.0,0.0,0
75.03,GBP,Amazon,NG,4.3311,1.0,0.0,0.0,0.0,1.0,1.0,0.0,0.0,0
18.77,USD,Stripe Demo Store,NG,2.9839,1.0,0.0,0.0,0.0,1.0,1.0,0.0,0.0,0
1468.63,GBP,Apple,US,7.2928,2.0,1.0,0.0,0.0,0.0,0.0,0.0,1.0,1
19.92,GBP,Stripe Demo Store,DE,3.0409,1.0,0.0,0.0,0.0,0.0,1.0,0.0,1.0,0
59.18,USD,Anonymous Crypto Mix,CN,4.0974,5.0,0.0,0.0,1.0,0.0,0.0,0.45,1.0,0
20.12,USD,Netflix,NG,3.0503,1.0,0.0,0.0,0.0,0.0,1.0,0.0,0.0,0
12.76,USD,Netflix,NG,2.6217,4.0,0.0,0.0,0.0,0.0,1.0,0.0,0.0,0
30.31,USD,Amazon,CN,3.4438,2.0,0.0,0.0,0.0,0.0,0.0,0.0,1.0,0
641.75,EUR,Amazon,NG,6.4658,2.0,1.0,0.0,0.0,0.0,0.0,0.0,0.0,1
29.18,USD,Shopify Merchant,NG,3.4071,1.0,0.0,0.0,0.0,0.0,0.0,0.0,0.0,0
26.83,EUR,Spotify,RU,3.3263,1.0,0.0,0.0,0.0,0.0,1.0,0.0,1.0,1
17.59,USD,Amazon,NG,2.9227,4.0,0.0,0.0,0.0,0.0,0.0,0.45,0.0,1
29.85,EUR,Netflix,NG,3.429,3.0,0.0,0.0,0.0,0.0,0.0,0.0,0.0,1
7.09,USD,Shopify Merchant,NG,2.0905,1.0,0.0,0.0,0.0,0.0,0.0,0.45,0.0,0
22.51,GBP,Apple,NG,3.1575,5.0,0.0,0.0,0.0,0.0,0.0,0.0,0.0,1
14.53,EUR,Amazon,CN,2.7426,3.0,0.0,0.0,0.0,0.0,0.0,0.0,1.0,1
3948.92,GBP,Anonymous Crypto Mix,NG,8.2815,1.0,1.0,1.0,1.0,0.0,1.0,0.45,0.0,0
22.4,GBP,Spotify,NG,3.1528,2.0,0.0,0.0,0.0,0.0,1.0,0.0,0.0,1
7846.75,GBP,Dark Web Market,RU,8.968,3.0,1.0,1.0,1.0,0.0,1.0,0.45,1.0,1
7.65,USD,Spotify,NG,2.158,3.0,0.0,0.0,0.0,0.0,1.0,0.45,0.0,1
1566.72,GBP,Netflix,NG,7.3574,1.0,1.0,0.0,0.0,0.0,0.0,0.0,0.0,1
15.72,USD,Shopify Merchant,NG,2.8166,1.0,0.0,0.0,0.0,1.0,0.0,0.0,0.0,0
11.54,GBP,Anonymous Crypto Mix,NG,2.5291,1.0,0.0,0.0,1.0,1.0,0.0,0.45,0.0,0
5933.62,USD,Spotify,NG,8.6886,1.0,1.0,1.0,0.0,0.0,1.0,0.0,0.0,1
31.65,EUR,Apple,NG,3.4859,1.0,0.0,0.0,0.0,1.0,0.0,0.45,0.0,0
662.3,USD,Spotify,US,6.4972,2.0,1.0,0.0,0.0,1.0,1.0,0.0,1.0,0
739.49,EUR,Amazon,NG,6.6073,2.0,1.0,0.0,0.0,0.0,0.0,0.0,0.0,1
22.45,USD,Apple,NG,3.155,1.0,0.0,0.0,0.0,0.0,0.0,0.0,0.0,1
23.63,GBP,Stripe Demo Store,NG,3.2039,2.0,0.0,0.0,0.0,0.0,1.0,0.0,0.0,0
25.42,USD,Apple,NG,3.2741,1.0,0.0,0.0,0.0,1.0,1.0,0.0,0.0,1
2218.82,GBP,Spotify,NG,7.7052,1.0,1.0,0.0,0.0,0.0,1.0,0.0,0.0,1
1837.59,USD,Apple,NG,7.5168,3.0,1.0,0.0,0.0,0.0,0.0,0.0,0.0,1
20.89,GBP,Stripe Demo Store,NG,3.0862,5.0,0.0,0.0,0.0,0.0,0.0,0.45,0.0,0
11.34,USD,Amazon,NG,2.5128,1.0,0.0,0.0,0.0,1.0,0.0,0.0,0.0,0
18.16,EUR,Shopify Merchant,NG,2.9526,4.0,0.0,0.0,0.0,0.0,0.0,0.0,0.0,0
34.04,GBP,Shopify Merchant,DE,3.5566,5.0,0.0,0.0,0.0,0.0,0.0,0.0,1.0,1
5.75,USD,Spotify,NG,1.9097,2.0,0.0,0.0,0.0,0.0,1.0,1.0,0.0,1
1371.72,USD,Spotify,US,7.2245,8.0,1.0,0.0,0.0,0.0,1.0,0.45,1.0,1
38.2,EUR,Apple,DE,3.6686,1.0,0.0,0.0,0.0,0.0,1.0,0.0,1.0,0
1870.64,GBP,Apple,NG,7.5346,1.0,1.0,0.0,0.0,0.0,1.0,0.45,0.0,1
8.28,USD,Amazon,NG,2.2283,4.0,0.0,0.0,0.0,0.0,0.0,1.0,0.0,0
21.55,USD,Spotify,CN,3.1157,2.0,0.0,0.0,0.0,0.0,0.0,0.0,1.0,1
15.19,EUR,Spotify,NG,2.7841,1.0,0.0,0.0,0.0,0.0,1.0,0.45,0.0,0
588.41,EUR,Amazon,NG,6.3791,1.0,1.0,0.0,0.0,0.0,0.0,1.0,0.0,1
24.88,USD,Amazon,DE,3.2533,1.0,0.0,0.0,0.0,1.0,0.0,0.0,1.0,1
8.13,USD,Amazon,NG,2.2111,1.0,0.0,0.0,0.0,0.0,0.0,0.0,0.0,0
9.25,EUR,Shopify Merchant,RU,2.3276,1.0,0.0,0.0,0.0,0.0,0.0,0.0,1.0,0
1028.9,USD,Netflix,CN,6.9372,8.0,1.0,0.0,0.0,0.0,1.0,0.0,1.0,1
18.14,GBP,Spotify,NG,2.9519,1.0,0.0,0.0,0.0,1.0,0.0,1.0,0.0,0
9.13,EUR,Spotify,NG,2.3157,3.0,0.0,0.0,0.0,1.0,0.0,0.0,0.0,1
1346.35,USD,Stripe Demo Store,US,7.2059,1.0,1.0,0.0,0.0,0.0,0.0,0.45,1.0,1
2292.91,GBP,Netflix,CN,7.738,1.0,1.0,0.0,0.0,0.0,1.0,0.45,1.0,1
14.95,GBP,Netflix,NG,2.7695,5.0,0.0,0.0,0.0,0.0,0.0,0.0,0.0,1
24.48,GBP,Apple,NG,3.2379,1.0,0.0,0.0,0.0,0.0,0.0,0.0,0.0,0
18.35,GBP,Stripe Demo Store,DE,2.9628,1.0,0.0,0.0,0.0,0.0,1.0,0.0,1.0,0
36.1,EUR,Apple,NG,3.6136,4.0,0.0,0.0,0.0,0.0,1.0,0.0,0.0,1
10.45,EUR,Apple,DE,2.438,1.0,0.0,0.0,0.0,0.0,0.0,0.0,1.0,0
7.55,GBP,Shopify Merchant,NG,2.1462,1.0,0.0,0.0,0.0,0.0,0.0,0.0,0.0,0
16.17,USD,Apple,NG,2.8432,6.0,0.0,0.0,0.0,0.0,1.0,0.0,0.0,1
20.95,EUR,Netflix,NG,3.0888,1.0,0.0,0.0,0.0,0.0,1.0,0.0,0.0,0
8.43,USD,Amazon,NG,2.2436,2.0,0.0,0.0,0.0,0.0,0.0,0.45,0.0,1
7.6,GBP,Shopify Merchant,NG,2.1521,1.0,0.0,0.0,0.0,0.0,0.0,0.0,0.0,0
22.82,USD,Stripe Demo Store,NG,3.1705,1.0,0.0,0.0,0.0,1.0,0.0,0.0,0.0,1
11.82,EUR,Apple,DE,2.5508,2.0,0.0,0.0,0.0,0.0,0.0,0.0,1.0,1
4704.91,USD,Spotify,NG,8.4566,2.0,1.0,1.0,0.0,0.0,0.0,0.0,0.0,1
39.48,USD,Spotify,NG,3.7008,1.0,0.0,0.0,0.0,0.0,0.0,0.0,0.0,1
12.91,GBP,Spotify,NG,2.6324,4.0,0.0,0.0,0.0,0.0,1.0,0.0,0.0,1
44.92,GBP,Spotify,CN,3.8269,3.0,0.0,0.0,0.0,0.0,0.0,0.45,1.0,1
20.49,GBP,Apple,NG,3.0676,2.0,0.0,0.0,0.0,1.0,1.0,0.0,0.0,1
24.69,GBP,Amazon,NG,3.246,2.0,0.0,0.0,0.0,0.0,0.0,0.0,0.0,1
17.32,GBP,Netflix,NG,2.9081,2.0,0.0,0.0,0.0,0.0,0.0,0.0,0.0,0
2399.9,GBP,Netflix,RU,7.7836,3.0,1.0,0.0,0.0,0.0,1.0,0.45,1.0,0
25.88,USD,Amazon,CN,3.2915,1.0,0.0,0.0,0.0,0.0,0.0,0.0,1.0,0
9.06,GBP,Shopify Merchant,NG,2.3089,4.0,0.0,0.0,0.0,0.0,0.0,1.0,0.0,1
18.39,GBP,Netflix,RU,2.9649,2.0,0.0,0.0,0.0,0.0,0.0,0.0,1.0,0
25.93,USD,Apple,US,3.2932,5.0,0.0,0.0,0.0,0.0,0.0,0.0,1.0,1
5452.62,GBP,Amazon,NG,8.604,6.0,1.0,1.0,0.0,0.0,0.0,0.0,0.0,1
19.35,EUR,Shopify Merchant,NG,3.0129,1.0,0.0,0.0,0.0,0.0,1.0,0.45,0.0,0
1352.57,EUR,Shopify Merchant,NG,7.2105,1.0,1.0,0.0,0.0,0.0,1.0,0.45,0.0,1
1770.11,EUR,Netflix,RU,7.4794,2.0,1.0,0.0,0.0,0.0,0.0,0.0,1.0,1
19.81,EUR,Spotify,NG,3.0357,2.0,0.0,0.0,0.0,1.0,0.0,0.0,0.0,0
33.8,GBP,Shopify Merchant,NG,3.5496,4.0,0.0,0.0,0.0,0.0,0.0,0.0,0.0,1
42.38,GBP,Amazon,NG,3.7701,1.0,0.0,0.0,0.0,0.0,1.0,0.45,0.0,1
1745.54,USD,Netflix,NG,7.4654,2.0,1.0,0.0,0.0,0.0,0.0,0.45,0.0,0
36.68,GBP,Netflix,NG,3.6292,6.0,0.0,0.0,0.0,0.0,0.0,0.0,0.0,1
15.72,EUR,Netflix,NG,2.8164,10.0,0.0,0.0,0.0,0.0,0.0,0.0,0.0,0
1447.17,GBP,Netflix,NG,7.2781,1.0,1.0,0.0,0.0,0.0,1.0,0.0,0.0,1
857.72,GBP,Dark Web Market,NG,6.7554,8.0,1.0,0.0,1.0,0.0,1.0,1.0,0.0,1
8.56,GBP,Apple,NG,2.2573,1.0,0.0,0.0,0.0,0.0,0.0,0.0,0.0,1
13.88,USD,Shopify Merchant,NG,2.7001,2.0,0.0,0.0,0.0,0.0,0.0,0.0,0.0,0
37.75,EUR,Netflix,NG,3.6571,1.0,0.0,0.0,0.0,0.0,0.0,0.45,0.0,0
34.02,GBP,Apple,NG,3.5559,2.0,0.0,0.0,0.0,0.0,0.0,0.0,0.0,0
1512.97,EUR,Netflix,NG,7.3225,1.0,1.0,0.0,0.0,0.0,0.0,0.0,0.0,1
32.22,GBP,Amazon,RU,3.5033,1.0,0.0,0.0,0.0,1.0,0.0,0.0,1.0,1
5.0,EUR,Spotify,NG,1.7918,1.0,0.0,0.0,0.0,0.0,0.0,0.45,0.0,0
1379.54,USD,Amazon,NG,7.2302,5.0,1.0,0.0,0.0,0.0,0.0,0.0,0.0,1
17.41,EUR,Stripe Demo Store,NG,2.9131,2.0,0.0,0.0,0.0,0.0,1.0,0.0,0.0,0
48.04,GBP,Spotify,NG,3.8927,3.0,0.0,0.0,0.0,1.0,1.0,0.45,0.0,1
5.0,GBP,Dark Web Market,NG,1.7918,2.0,0.0,0.0,1.0,0.0,1.0,1.0,0.0,1
24.04,EUR,Apple,NG,3.2204,1.0,0.0,0.0,0.0,0.0,0.0,0.0,0.0,0
843.18,EUR,Netflix,NG,6.7384,1.0,1.0,0.0,0.0,0.0,0.0,0.0,0.0,1
29.98,USD,Stripe Demo Store,NG,3.4333,1.0,0.0,0.0,0.0,0.0,0.0,0.0,0.0,0
25.08,GBP,Spotify,NG,3.2611,2.0,0.0,0.0,0.0,0.0,1.0,0.0,0.0,0
25.95,GBP,Netflix,NG,3.294,6.0,0.0,0.0,0.0,0.0,0.0,0.0,0.0,1
6147.1,EUR,Amazon,US,8.7239,1.0,1.0,1.0,0.0,0.0,1.0,0.0,1.0,1
19.3,EUR,Stripe Demo Store,NG,3.0106,2.0,0.0,0.0,0.0,0.0,0.0,0.0,0.0,0
6657.84,GBP,Anonymous Crypto Mix,NG,8.8037,4.0,1.0,1.0,1.0,0.0,0.0,0.45,0.0,1
1811.97,EUR,Spotify,RU,7.5027,5.0,1.0,0.0,0.0,1.0,1.0,0.45,1.0,1
40.15,USD,Netflix,NG,3.7171,1.0,0.0,0.0,0.0,0.0,0.0,0.0,0.0,0
666.04,GBP,Amazon,NG,6.5028,5.0,1.0,0.0,0.0,0.0,0.0,0.45,0.0,1
5.55,USD,Spotify,NG,1.8792,2.0,0.0,0.0,0.0,0.0,0.0,0.0,0.0,0
8.22,USD,Netflix,US,2.2215,2.0,0.0,0.0,0.0,0.0,0.0,0.0,1.0,0
21.66,USD,Netflix,NG,3.1204,3.0,0.0,0.0,0.0,0.0,0.0,0.0,0.0,1
1879.81,EUR,Amazon,NG,7.5395,1.0,1.0,0.0,0.0,0.0,1.0,0.0,0.0,1
1678.63,USD,Netflix,NG,7.4263,3.0,1.0,0.0,0.0,0.0,0.0,0.45,0.0,0
1351.71,USD,Netflix,NG,7.2099,2.0,1.0,0.0,0.0,0.0,1.0,0.0,0.0,1
8648.08,GBP,Stripe Demo Store,NG,9.0652,3.0,1.0,1.0,0.0,0.0,0.0,1.0,0.0,1
5.0,GBP,Shopify Merchant,NG,1.7918,4.0,0.0,0.0,0.0,1.0,0.0,0.0,0.0,1
2172.0,USD,Netflix,NG,7.6839,2.0,1.0,0.0,0.0,0.0,0.0,0.0,0.0,0
2020.24,GBP,Stripe Demo Store,NG,7.6115,1.0,1.0,0.0,0.0,0.0,0.0,0.0,0.0,1
17.68,USD,Amazon,NG,2.9274,1.0,0.0,0.0,0.0,1.0,0.0,0.0,0.0,1
14.56,GBP,Spotify,NG,2.7444,4.0,0.0,0.0,0.0,0.0,1.0,0.0,0.0,1
16.66,USD,Spotify,NG,2.8714,2.0,0.0,0.0,0.0,0.0,0.0,0.0,0.0,0
2251.43,USD,Dark Web Market,NG,7.7198,5.0,1.0,0.0,1.0,0.0,1.0,0.45,0.0,1
8.99,USD,Spotify,RU,2.3015,1.0,0.0,0.0,0.0,0.0,0.0,0.0,1.0,0
46.16,EUR,Shopify Merchant,NG,3.8535,2.0,0.0,0.0,0.0,1.0,1.0,0.0,0.0,1
19.31,EUR,Wallet Drain Services,NG,3.0113,4.0,0.0,0.0,1.0,0.0,1.0,1.0,0.0,0
10.44,GBP,Stripe Demo Store,US,2.437,3.0,0.0,0.0,0.0,0.0,0.0,0.0,1.0,0
44.13,USD,Wallet Drain Services,NG,3.8095,1.0,0.0,0.0,1.0,0.0,0.0,0.45,0.0,1
6.81,EUR,Shopify Merchant,RU,2.0554,1.0,0.0,0.0,0.0,0.0,0.0,0.45,1.0,1
1313.9,EUR,Amazon,DE,7.1815,4.0,1.0,0.0,0.0,0.0,0.0,0.0,1.0,1
13.46,USD,Shopify Merchant,NG,2.6715,3.0,0.0,0.0,0.0,1.0,1.0,0.0,0.0,1
952.69,EUR,Netflix,NG,6.8603,1.0,1.0,0.0,0.0,0.0,0.0,0.45,0.0,0
12.43,USD,Stripe Demo Store,RU,2.5978,2.0,0.0,0.0,0.0,0.0,0.0,0.0,1.0,0
8962.36,EUR,Apple,NG,9.1009,1.0,1.0,1.0,0.0,1.0,0.0,0.0,0.0,1
13.37,USD,Apple,NG,2.6649,1.0,0.0,0.0,0.0,0.0,1.0,0.0,0.0,0
27.63,USD,Shopify Merchant,NG,3.3544,1.0,0.0,0.0,0.0,0.0,0.0,0.45,0.0,0
34.77,USD,Stripe Demo Store,CN,3.5772,1.0,0.0,0.0,0.0,0.0,0.0,0.0,1.0,0
98.85,EUR,Apple,NG,4.6036,4.0,0.0,0.0,0.0,1.0,0.0,0.45,0.0,1
53.78,USD,Stripe Demo Store,NG,4.0033,1.0,0.0,0.0,0.0,0.0,0.0,1.0,0.0,0
2204.07,GBP,Netflix,NG,7.6985,3.0,1.0,0.0,0.0,0.0,1.0,0.45,0.0,1
10.76,EUR,Amazon,NG,2.4649,2.0,0.0,0.0,0.0,0.0,0.0,0.0,0.0,0
62.6,USD,Spotify,NG,4.1527,1.0,0.0,0.0,0.0,0.0,0.0,0.45,0.0,0
15.52,EUR,Amazon,NG,2.8045,1.0,0.0,0.0,0.0,0.0,1.0,0.45,0.0,0
12.67,USD,Netflix,NG,2.6153,1.0,0.0,0.0,0.0,1.0,0.0,0.0,0.0,0
15.0,EUR,Apple,NG,2.7726,2.0,0.0,0.0,0.0,0.0,0.0,0.0,0.0,1
8.36,EUR,Spotify,NG,2.2364,5.0,0.0,0.0,0.0,0.0,1.0,0.0,0.0,0
14.5,EUR,Netflix,NG,2.7412,3.0,0.0,0.0,0.0,1.0,1.0,0.0,0.0,0
2579.06,GBP,Amazon,CN,7.8556,3.0,1.0,1.0,0.0,0.0,0.0,0.45,1.0,1
33.5,GBP,Stripe Demo Store,NG,3.5409,4.0,0.0,0.0,0.0,1.0,0.0,0.0,0.0,1
15.31,GBP,Apple,NG,2.7916,3.0,0.0,0.0,0.0,1.0,0.0,0.0,0.0,0
8.27,GBP,Spotify,NG,2.2269,2.0,0.0,0.0,0.0,0.0,1.0,0.0,0.0,1
6.54,EUR,Apple,NG,2.0197,3.0,0.0,0.0,0.0,0.0,1.0,0.0,0.0,1
23.26,EUR,Shopify Merchant,NG,3.1888,1.0,0.0,0.0,0.0,0.0,0.0,0.45,0.0,0
4154.13,USD,Stripe Demo Store,NG,8.3321,1.0,1.0,1.0,0.0,0.0,1.0,1.0,0.0,1
13.63,EUR,Apple,NG,2.6828,3.0,0.0,0.0,0.0,0.0,0.0,0.0,0.0,0
14.48,GBP,Shopify Merchant,RU,2.7396,3.0,0.0,0.0,0.0,0.0,0.0,1.0,1.0,1
1973.49,GBP,Spotify,NG,7.5881,1.0,1.0,0.0,0.0,0.0,1.0,0.0,0.0,1
53.16,USD,Spotify,NG,3.992,6.0,0.0,0.0,0.0,0.0,0.0,0.0,0.0,1
1572.84,USD,Stripe Demo Store,NG,7.3613,1.0,1.0,0.0,0.0,0.0,0.0,0.45,0.0,1
21.38,GBP,Spotify,US,3.108,3.0,0.0,0.0,0.0,0.0,0.0,0.0,1.0,1
39.28,EUR,Stripe Demo Store,NG,3.6959,6.0,0.0,0.0,0.0,0.0,0.0,0.45,0.0,1
6306.61,EUR,Wallet Drain Services,NG,8.7495,1.0,1.0,1.0,1.0,0.0,0.0,0.45,0.0,1
1926.58,EUR,Apple,NG,7.564,5.0,1.0,0.0,0.0,0.0,1.0,0.0,0.0,0
1930.9,EUR,Netflix,RU,7.5663,4.0,1.0,0.0,0.0,0.0,0.0,0.0,1.0,1
8.02,EUR,Shopify Merchant,NG,2.1996,3.0,0.0,0.0,0.0,0.0,1.0,0.0,0.0,0
1485.55,GBP,XXX Test Casino,NG,7.3042,6.0,1.0,0.0,1.0,0.0,1.0,0.45,0.0,1
20.53,EUR,Stripe Demo Store,NG,3.0696,2.0,0.0,0.0,0.0,1.0,1.0,0.0,0.0,0
29.62,GBP,Netflix,NG,3.4218,2.0,0.0,0.0,0.0,1.0,0.0,0.0,0.0,1
8.75,USD,Shopify Merchant,NG,2.2774,2.0,0.0,0.0,0.0,0.0,0.0,0.0,0.0,1
20.23,USD,Apple,NG,3.0552,1.0,0.0,0.0,0.0,0.0,1.0,0.45,0.0,0
52.84,EUR,Stripe Demo Store,NG,3.986,1.0,0.0,0.0,0.0,1.0,0.0,1.0,0.0,0
85.99,GBP,Spotify,NG,4.4658,1.0,0.0,0.0,0.0,0.0,0.0,0.0,0.0,0
1624.82,GBP,Netflix,NG,7.3938,1.0,1.0,0.0,0.0,1.0,0.0,0.0,0.0,1
1776.31,GBP,Amazon,NG,7.4829,3.0,1.0,0.0,0.0,0.0,0.0,0.0,0.0,0
7646.96,GBP,Anonymous Crypto Mix,NG,8.9422,6.0,1.0,1.0,1.0,1.0,0.0,0.45,0.0,0
14.32,EUR,Netflix,NG,2.7293,8.0,0.0,0.0,0.0,1.0,0.0,0.0,0.0,1
5076.48,GBP,Gambling Anonymous Hub,NG,8.5326,1.0,1.0,1.0,1.0,0.0,1.0,0.45,0.0,1
11.7,USD,Apple,NG,2.5415,2.0,0.0,0.0,0.0,0.0,0.0,0.0,0.0,1
6.05,GBP,Netflix,NG,1.9535,2.0,0.0,0.0,0.0,0.0,0.0,0.0,0.0,1
1502.59,GBP,Apple,NG,7.3156,1.0,1.0,0.0,0.0,0.0,0.0,0.0,0.0,1
33.31,GBP,Stripe Demo Store,NG,3.5354,2.0,0.0,0.0,0.0,0.0,1.0,1.0,0.0,1
24.57,GBP,Shopify Merchant,NG,3.2415,1.0,0.0,0.0,0.0,0.0,0.0,0.0,0.0,1
26.63,USD,Shopify Merchant,NG,3.3189,6.0,0.0,0.0,0.0,1.0,0.0,0.0,0.0,1
23.37,GBP,Netflix,RU,3.1933,1.0,0.0,0.0,0.0,0.0,1.0,0.0,1.0,0
1984.14,GBP,Netflix,DE,7.5934,4.0,1.0,0.0,0.0,1.0,0.0,1.0,1.0,1
29.1,USD,Amazon,NG,3.4044,5.0,0.0,0.0,0.0,0.0,0.0,0.0,0.0,0
16.57,GBP,Spotify,NG,2.8663,3.0,0.0,0.0,0.0,1.0,1.0,0.45,0.0,0
21.29,EUR,Shopify Merchant,NG,3.1039,1.0,0.0,0.0,0.0,0.0,0.0,0.0,0.0,0
68.05,EUR,Apple,NG,4.2349,1.0,0.0,0.0,0.0,0.0,0.0,0.0,0.0,1
2231.7,GBP,Netflix,NG,7.711,8.0,1.0,0.0,0.0,1.0,0.0,0.0,0.0,1
2516.99,GBP,Amazon,NG,7.8312,1.0,1.0,1.0,0.0,0.0,0.0,0.45,0.0,1
1711.47,GBP,Shopify Merchant,NG,7.4457,1.0,1.0,0.0,0.0,0.0,1.0,0.45,0.0,1
839.09,GBP,Spotify,NG,6.7335,8.0,1.0,0.0,0.0,0.0,0.0,0.0,0.0,1
14.81,USD,Shopify Merchant,NG,2.7606,3.0,0.0,0.0,0.0,0.0,1.0,1.0,0.0,1
1065.25,USD,Stripe Demo Store,NG,6.9719,3.0,1.0,0.0,0.0,0.0,0.0,0.0,0.0,1
14.1,GBP,Netflix,NG,2.7145,1.0,0.0,0.0,0.0,0.0,0.0,0.0,0.0,1
18.14,USD,Apple,NG,2.9518,2.0,0.0,0.0,0.0,1.0,0.0,0.45,0.0,0
11.55,GBP,Anonymous Crypto Mix,NG,2.5297,4.0,0.0,0.0,1.0,0.0,0.0,0.45,0.0,1
21.66,GBP,Amazon,NG,3.1207,1.0,0.0,0.0,0.0,1.0,0.0,0.45,0.0,0
1736.06,USD,Spotify,NG,7.46,1.0,1.0,0.0,0.0,0.0,0.0,0.0,0.0,0
17.32,USD,Netflix,NG,2.9078,1.0,0.0,0.0,0.0,0.0,0.0,0.0,0.0,1
8985.63,GBP,Spotify,NG,9.1035,2.0,1.0,1.0,0.0,0.0,0.0,0.0,0.0,1
30.36,EUR,Shopify Merchant,CN,3.4457,1.0,0.0,0.0,0.0,0.0,0.0,1.0,1.0,0
21.85,GBP,Spotify,NG,3.1289,4.0,0.0,0.0,0.0,0.0,1.0,0.45,0.0,0
2120.9,USD,Apple,NG,7.6601,1.0,1.0,0.0,0.0,0.0,0.0,1.0,0.0,1
34.51,USD,Wallet Drain Services,NG,3.5699,1.0,0.0,0.0,1.0,0.0,1.0,0.45,0.0,1
7.55,USD,Netflix,CN,2.1455,6.0,0.0,0.0,0.0,0.0,0.0,0.0,1.0,0
41.75,USD,Wallet Drain Services,NG,3.7555,6.0,0.0,0.0,1.0,0.0,1.0,0.45,0.0,1
5775.58,USD,Anonymous Crypto Mix,NG,8.6616,2.0,1.0,1.0,1.0,0.0,0.0,0.45,0.0,1
683.64,GBP,Gambling Anonymous Hub,NG,6.5289,5.0,1.0,0.0,1.0,0.0,0.0,0.45,0.0,1
22.76,EUR,Spotify,CN,3.1678,1.0,0.0,0.0,0.0,1.0,0.0,0.0,1.0,0
15.11,EUR,Spotify,CN,2.7797,2.0,0.0,0.0,0.0,1.0,1.0,0.0,1.0,1
13.6,USD,Stripe Demo Store,NG,2.6811,1.0,0.0,0.0,0.0,0.0,1.0,0.0,0.0,0
11.98,EUR,Stripe Demo Store,NG,2.5637,2.0,0.0,0.0,0.0,0.0,0.0,0.0,0.0,0
18.37,GBP,Netflix,CN,2.9639,3.0,0.0,0.0,0.0,0.0,0.0,0.45,1.0,1
14.3,GBP,Stripe Demo Store,NG,2.728,4.0,0.0,0.0,0.0,0.0,0.0,0.45,0.0,1
5.48,GBP,Netflix,CN,1.8681,1.0,0.0,0.0,0.0,0.0,1.0,0.0,1.0,1
48.93,EUR,Apple,NG,3.9107,1.0,0.0,0.0,0.0,0.0,1.0,0.0,0.0,0
16.93,USD,Netflix,NG,2.8863,10.0,0.0,0.0,0.0,0.0,0.0,0.0,0.0,1
12.03,USD,Shopify Merchant,NG,2.5675,2.0,0.0,0.0,0.0,1.0,0.0,0.0,0.0,0
9.12,USD,Netflix,CN,2.3142,1.0,0.0,0.0,0.0,0.0,1.0,0.0,1.0,1
2039.14,EUR,Netflix,NG,7.6208,1.0,1.0,0.0,0.0,0.0,1.0,0.45,0.0,1
8.09,USD,Shopify Merchant,NG,2.2076,1.0,0.0,0.0,0.0,0.0,1.0,0.0,0.0,0
1029.43,EUR,Apple,NG,6.9377,1.0,1.0,0.0,0.0,0.0,1.0,0.0,0.0,1
13.35,EUR,Amazon,NG,2.6637,1.0,0.0,0.0,0.0,0.0,0.0,0.0,0.0,0
13.9,EUR,Apple,NG,2.7017,2.0,0.0,0.0,0.0,0.0,0.0,1.0,0.0,1
9.28,EUR,XXX Test Casino,NG,2.3299,2.0,0.0,0.0,1.0,0.0,1.0,0.45,0.0,1
13.01,EUR,Amazon,NG,2.6398,2.0,0.0,0.0,0.0,0.0,0.0,0.45,0.0,0
20.21,USD,Amazon,US,3.0545,1.0,0.0,0.0,0.0,0.0,0.0,0.0,1.0,0
932.79,USD,Stripe Demo Store,NG,6.8393,1.0,1.0,0.0,0.0,0.0,1.0,0.0,0.0,1
1263.21,EUR,Spotify,NG,7.1422,1.0,1.0,0.0,0.0,0.0,1.0,0.0,0.0,1
11.59,EUR,Anonymous Crypto Mix,NG,2.5329,4.0,0.0,0.0,1.0,0.0,1.0,0.45,0.0,1
18.85,EUR,XXX Test Casino,NG,2.988,3.0,0.0,0.0,1.0,0.0,1.0,0.45,0.0,0
2035.41,EUR,Stripe Demo Store,NG,7.6189,1.0,1.0,0.0,0.0,0.0,0.0,0.0,0.0,1
6.27,EUR,Amazon,NG,1.9841,2.0,0.0,0.0,0.0,0.0,1.0,1.0,0.0,1
20.0,EUR,Netflix,NG,3.0444,2.0,0.0,0.0,0.0,1.0,0.0,0.0,0.0,1
650.38,GBP,Spotify,NG,6.4791,2.0,1.0,0.0,0.0,0.0,0.0,0.0,0.0,1
9.61,USD,Shopify Merchant,US,2.3621,2.0,0.0,0.0,0.0,1.0,0.0,0.0,1.0,0
24.11,USD,Dark Web Market,NG,3.2233,10.0,0.0,0.0,1.0,0.0,0.0,0.45,0.0,1
13.71,GBP,Amazon,NG,2.6887,1.0,0.0,0.0,0.0,0.0,0.0,0.0,0.0,0
8.57,GBP,Netflix,RU,2.2586,2.0,0.0,0.0,0.0,0.0,0.0,1.0,1.0,0
50.75,GBP,Netflix,NG,3.9465,2.0,0.0,0.0,0.0,0.0,1.0,0.0,0.0,0
904.68,USD,Netflix,NG,6.8087,2.0,1.0,0.0,0.0,0.0,0.0,0.45,0.0,1
5.19,GBP,Stripe Demo Store,NG,1.8235,1.0,0.0,0.0,0.0,0.0,0.0,0.45,0.0,0
909.57,EUR,Apple,CN,6.8141,2.0,1.0,0.0,0.0,0.0,1.0,0.0,1.0,1
910.59,USD,Amazon,NG,6.8152,1.0,1.0,0.0,0.0,0.0,0.0,0.0,0.0,1
561.31,GBP,Shopify Merchant,NG,6.3321,3.0,1.0,0.0,0.0,0.0,0.0,0.0,0.0,1
57.42,USD,Spotify,NG,4.0677,2.0,0.0,0.0,0.0,0.0,1.0,0.45,0.0,1
30.92,GBP,Spotify,NG,3.4633,1.0,0.0,0.0,0.0,0.0,0.0,0.45,0.0,1
24.77,GBP,Apple,NG,3.2492,8.0,0.0,0.0,0.0,0.0,1.0,0.0,0.0,0
9.82,GBP,Stripe Demo Store,US,2.3816,4.0,0.0,0.0,0.0,1.0,0.0,0.0,1.0,1
2335.54,GBP,Netflix,NG,7.7564,2.0,1.0,0.0,0.0,0.0,0.0,0.0,0.0,0
8.22,EUR,Amazon,NG,2.2217,10.0,0.0,0.0,0.0,0.0,0.0,0.0,0.0,1
2134.26,USD,Apple,NG,7.6663,4.0,1.0,0.0,0.0,0.0,1.0,0.0,0.0,1
26.99,EUR,Stripe Demo Store,NG,3.3319,1.0,0.0,0.0,0.0,0.0,1.0,0.0,0.0,1
11.28,USD,Amazon,NG,2.5076,2.0,0.0,0.0,0.0,0.0,0.0,1.0,0.0,1
35.28,USD,Spotify,NG,3.5912,2.0,0.0,0.0,0.0,0.0,1.0,1.0,0.0,1
1610.34,USD,Stripe Demo Store,NG,7.3848,2.0,1.0,0.0,0.0,0.0,1.0,0.0,0.0,1
17.25,EUR,Stripe Demo Store,NG,2.904,6.0,0.0,0.0,0.0,0.0,1.0,1.0,0.0,1
29.53,EUR,Apple,NG,3.4186,2.0,0.0,0.0,0.0,0.0,1.0,0.0,0.0,0
1331.23,EUR,Stripe Demo Store,NG,7.1946,1.0,1.0,0.0,0.0,0.0,1.0,0.0,0.0,1
21.32,GBP,Amazon,NG,3.1056,2.0,0.0,0.0,0.0,0.0,1.0,0.0,0.0,1
6.99,GBP,Netflix,NG,2.0786,3.0,0.0,0.0,0.0,0.0,1.0,0.0,0.0,0
20.08,USD,Netflix,DE,3.0482,1.0,0.0,0.0,0.0,1.0,1.0,0.45,1.0,1
20.71,USD,Shopify Merchant,DE,3.0777,1.0,0.0,0.0,0.0,0.0,0.0,1.0,1.0,0
70.76,GBP,Amazon,NG,4.2733,1.0,0.0,0.0,0.0,0.0,0.0,0.0,0.0,0
5.72,EUR,Netflix,NG,1.9047,2.0,0.0,0.0,0.0,0.0,0.0,0.0,0.0,0
16.5,USD,Spotify,NG,2.8622,1.0,0.0,0.0,0.0,0.0,0.0,0.0,0.0,0
49.49,GBP,Stripe Demo Store,NG,3.9217,1.0,0.0,0.0,0.0,1.0,0.0,0.0,0.0,1
16.96,EUR,Netflix,NG,2.8881,1.0,0.0,0.0,0.0,1.0,1.0,0.0,0.0,1
17.82,USD,Spotify,NG,2.9347,2.0,0.0,0.0,0.0,0.0,0.0,0.0,0.0,0
11.21,EUR,Amazon,NG,2.5022,1.0,0.0,0.0,0.0,1.0,1.0,0.0,0.0,1
10.46,EUR,Netflix,NG,2.4385,1.0,0.0,0.0,0.0,0.0,0.0,0.0,0.0,0
5.6,USD,Spotify,NG,1.8863,2.0,0.0,0.0,0.0,0.0,0.0,0.0,0.0,0
12.93,EUR,Apple,CN,2.634,1.0,0.0,0.0,0.0,0.0,0.0,0.0,1.0,1
10.05,EUR,Spotify,NG,2.4023,1.0,0.0,0.0,0.0,0.0,1.0,0.0,0.0,0
2183.2,USD,Stripe Demo Store,NG,7.689,2.0,1.0,0.0,0.0,0.0,0.0,0.45,0.0,1
1596.15,EUR,Shopify Merchant,NG,7.376,1.0,1.0,0.0,0.0,0.0,1.0,0.45,0.0,1
14.36,GBP,Shopify Merchant,NG,2.7316,1.0,0.0,0.0,0.0,0.0,0.0,0.45,0.0,0
14.64,EUR,Netflix,NG,2.7495,1.0,0.0,0.0,0.0,1.0,0.0,0.0,0.0,0
19.42,EUR,Shopify Merchant,NG,3.0165,1.0,0.0,0.0,0.0,0.0,1.0,0.0,0.0,0
2123.59,EUR,Stripe Demo Store,RU,7.6613,2.0,1.0,0.0,0.0,1.0,0.0,0.0,1.0,1
9.55,EUR,Apple,CN,2.3563,10.0,0.0,0.0,0.0,0.0,0.0,0.0,1.0,1
21.33,USD,Stripe Demo Store,NG,3.1059,1.0,0.0,0.0,0.0,0.0,0.0,0.0,0.0,0
42.4,USD,Apple,NG,3.7705,2.0,0.0,0.0,0.0,1.0,0.0,0.0,0.0,1
21.98,EUR,Amazon,NG,3.1344,5.0,0.0,0.0,0.0,0.0,1.0,1.0,0.0,1
13.11,EUR,Netflix,NG,2.6467,2.0,0.0,0.0,0.0,0.0,0.0,1.0,0.0,1
1467.7,GBP,Amazon,NG,7.2921,3.0,1.0,0.0,0.0,0.0,0.0,1.0,0.0,1
1920.15,USD,Shopify Merchant,RU,7.5607,2.0,1.0,0.0,0.0,0.0,0.0,0.0,1.0,1
18.22,GBP,Spotify,NG,2.9559,2.0,0.0,0.0,0.0,1.0,0.0,0.0,0.0,1
15.18,GBP,Netflix,RU,2.7836,5.0,0.0,0.0,0.0,0.0,1.0,0.0,1.0,1
10.45,GBP,Shopify Merchant,NG,2.438,1.0,0.0,0.0,0.0,0.0,1.0,0.0,0.0,0
11.86,GBP,Apple,NG,2.5545,5.0,0.0,0.0,0.0,0.0,1.0,0.0,0.0,0
15.07,USD,Netflix,NG,2.7771,2.0,0.0,0.0,0.0,0.0,0.0,0.0,0.0,0
40.23,USD,Shopify Merchant,NG,3.7193,2.0,0.0,0.0,0.0,0.0,0.0,0.0,0.0,0
2283.41,USD,Apple,NG,7.7339,2.0,1.0,0.0,0.0,1.0,0.0,0.0,0.0,1
4058.18,USD,Stripe Demo Store,NG,8.3087,1.0,1.0,1.0,0.0,1.0,1.0,0.0,0.0,1
13.98,GBP,Amazon,DE,2.7065,1.0,0.0,0.0,0.0,0.0,0.0,0.0,1.0,0
14.23,GBP,Amazon,NG,2.7231,6.0,0.0,0.0,0.0,1.0,0.0,0.0,0.0,1
35.4,GBP,Spotify,RU,3.5945,2.0,0.0,0.0,0.0,0.0,0.0,0.45,1.0,0
22.24,EUR,Apple,NG,3.1458,4.0,0.0,0.0,0.0,0.0,1.0,0.0,0.0,1
21.43,GBP,Apple,NG,3.1106,1.0,0.0,0.0,0.0,0.0,0.0,0.0,0.0,0
29.24,GBP,Spotify,NG,3.409,1.0,0.0,0.0,0.0,0.0,0.0,1.0,0.0,1
13.23,GBP,Gambling Anonymous Hub,NG,2.6554,1.0,0.0,0.0,1.0,1.0,0.0,0.45,0.0,1
1561.92,USD,Shopify Merchant,NG,7.3543,1.0,1.0,0.0,0.0,1.0,0.0,0.0,0.0,0
20.06,GBP,Shopify Merchant,NG,3.0474,2.0,0.0,0.0,0.0,0.0,0.0,0.45,0.0,0
11.03,USD,Apple,NG,2.4876,5.0,0.0,0.0,0.0,0.0,0.0,0.0,0.0,1
17.1,EUR,Shopify Merchant,NG,2.8961,4.0,0.0,0.0,0.0,0.0,0.0,0.0,0.0,0
8697.54,USD,Anonymous Crypto Mix,NG,9.0709,2.0,1.0,1.0,1.0,0.0,1.0,0.45,0.0,1
14.92,GBP,XXX Test Casino,NG,2.7673,1.0,0.0,0.0,1.0,0.0,1.0,0.45,0.0,1
39.04,GBP,Stripe Demo Store,NG,3.69,2.0,0.0,0.0,0.0,0.0,0.0,0.0,0.0,0
12.97,EUR,Stripe Demo Store,NG,2.6366,2.0,0.0,0.0,0.0,0.0,1.0,0.0,0.0,0
11.75,EUR,Apple,NG,2.5457,2.0,0.0,0.0,0.0,1.0,0.0,0.45,0.0,1
4598.05,USD,Shopify Merchant,NG,8.4336,2.0,1.0,1.0,0.0,0.0,0.0,0.45,0.0,1
10.89,GBP,Spotify,NG,2.476,1.0,0.0,0.0,0.0,0.0,0.0,0.0,0.0,0
657.68,GBP,Apple,NG,6.4902,1.0,1.0,0.0,0.0,0.0,0.0,0.0,0.0,1
25.69,USD,Shopify Merchant,NG,3.2843,8.0,0.0,0.0,0.0,0.0,1.0,0.0,0.0,1
10.9,EUR,Spotify,RU,2.4763,3.0,0.0,0.0,0.0,1.0,0.0,0.0,1.0,1
19.11,EUR,Netflix,NG,3.001,6.0,0.0,0.0,0.0,0.0,0.0,0.0,0.0,1
13.68,USD,Amazon,NG,2.6864,1.0,0.0,0.0,0.0,1.0,1.0,0.0,0.0,0
25.64,EUR,Amazon,US,3.2825,2.0,0.0,0.0,0.0,0.0,1.0,0.0,1.0,0
75.3,USD,Netflix,DE,4.3347,1.0,0.0,0.0,0.0,0.0,1.0,0.0,1.0,0
15.49,USD,Stripe Demo Store,CN,2.803,5.0,0.0,0.0,0.0,1.0,0.0,0.45,1.0,0
1514.89,GBP,Stripe Demo Store,NG,7.3238,1.0,1.0,0.0,0.0,1.0,0.0,0.0,0.0,0
4949.21,EUR,Amazon,NG,8.5072,2.0,1.0,1.0,0.0,0.0,0.0,0.0,0.0,1
20.43,USD,Netflix,NG,3.0646,1.0,0.0,0.0,0.0,0.0,0.0,0.0,0.0,0
17.89,EUR,Stripe Demo Store,NG,2.9387,1.0,0.0,0.0,0.0,1.0,0.0,0.0,0.0,0
2279.59,EUR,Amazon,NG,7.7322,1.0,1.0,0.0,0.0,0.0,1.0,0.45,0.0,1
25.4,EUR,Apple,NG,3.2732,2.0,0.0,0.0,0.0,0.0,0.0,0.45,0.0,0
656.74,USD,Spotify,NG,6.4888,4.0,1.0,0.0,0.0,0.0,1.0,0.0,0.0,1
10.66,GBP,Apple,NG,2.4563,10.0,0.0,0.0,0.0,0.0,0.0,1.0,0.0,1
1651.2,USD,Amazon,DE,7.4099,2.0,1.0,0.0,0.0,0.0,0.0,0.45,1.0,0
21.53,EUR,Wallet Drain Services,NG,3.1147,2.0,0.0,0.0,1.0,0.0,1.0,0.45,0.0,1
17.12,EUR,Stripe Demo Store,NG,2.8971,3.0,0.0,0.0,0.0,0.0,1.0,0.45,0.0,1
51.32,GBP,Stripe Demo Store,NG,3.9573,1.0,0.0,0.0,0.0,0.0,0.0,0.0,0.0,0
5.56,GBP,Stripe Demo Store,NG,1.8803,3.0,0.0,0.0,0.0,0.0,0.0,0.45,0.0,1
2286.25,EUR,Spotify,NG,7.7351,3.0,1.0,0.0,0.0,0.0,1.0,0.45,0.0,1
4777.45,EUR,Anonymous Crypto Mix,NG,8.4719,2.0,1.0,1.0,1.0,0.0,1.0,1.0,0.0,1
23.29,GBP,Amazon,NG,3.1901,1.0,0.0,0.0,0.0,0.0,0.0,0.0,0.0,0
13.31,EUR,Shopify Merchant,RU,2.6608,1.0,0.0,0.0,0.0,0.0,1.0,0.45,1.0,1
10.53,EUR,Stripe Demo Store,NG,2.4447,1.0,0.0,0.0,0.0,0.0,1.0,0.0,0.0,1
50.39,EUR,Apple,NG,3.9394,6.0,0.0,0.0,0.0,0.0,0.0,1.0,0.0,1
73.65,GBP,Stripe Demo Store,NG,4.3128,2.0,0.0,0.0,0.0,0.0,1.0,0.0,0.0,1
1790.64,USD,Shopify Merchant,NG,7.4909,2.0,1.0,0.0,0.0,0.0,0.0,0.0,0.0,1
2236.2,USD,Shopify Merchant,NG,7.713,2.0,1.0,0.0,0.0,0.0,0.0,0.45,0.0,1
20.9,GBP,Apple,NG,3.0866,3.0,0.0,0.0,0.0,0.0,0.0,0.0,0.0,0
67.45,USD,Netflix,DE,4.2261,1.0,0.0,0.0,0.0,1.0,1.0,0.0,1.0,0
5.0,EUR,Anonymous Crypto Mix,NG,1.7918,1.0,0.0,0.0,1.0,0.0,1.0,0.45,0.0,1
26.15,EUR,Spotify,RU,3.3015,2.0,0.0,0.0,0.0,1.0,1.0,0.0,1.0,1
12.07,USD,Apple,NG,2.5706,1.0,0.0,0.0,0.0,0.0,0.0,0.45,0.0,0
5.0,USD,Shopify Merchant,NG,1.7918,1.0,0.0,0.0,0.0,0.0,0.0,0.45,0.0,0
15.61,USD,Spotify,NG,2.8097,2.0,0.0,0.0,0.0,0.0,0.0,0.0,0.0,1
73.23,EUR,Netflix,NG,4.3072,1.0,0.0,0.0,0.0,0.0,0.0,0.45,0.0,0
803.75,EUR,Amazon,NG,6.6905,5.0,1.0,0.0,0.0,0.0,0.0,0.0,0.0,1
34.94,USD,Stripe Demo Store,NG,3.5818,4.0,0.0,0.0,0.0,0.0,0.0,1.0,0.0,1
46.48,USD,Stripe Demo Store,US,3.8604,10.0,0.0,0.0,0.0,0.0,1.0,0.45,1.0,1
19.91,EUR,Apple,DE,3.0401,6.0,0.0,0.0,0.0,1.0,1.0,0.0,1.0,0
1709.27,GBP,Apple,NG,7.4444,1.0,1.0,0.0,0.0,1.0,1.0,0.0,0.0,0
6.04,GBP,Spotify,NG,1.9518,1.0,0.0,0.0,0.0,1.0,0.0,0.0,0.0,0
12.17,GBP,Netflix,NG,2.5777,2.0,0.0,0.0,0.0,0.0,1.0,1.0,0.0,0
37.9,EUR,Amazon,NG,3.6609,1.0,0.0,0.0,0.0,0.0,0.0,0.0,0.0,0
20.96,USD,Apple,NG,3.0891,10.0,0.0,0.0,0.0,0.0,0.0,0.0,0.0,1
25.98,EUR,Shopify Merchant,NG,3.2949,1.0,0.0,0.0,0.0,0.0,0.0,0.0,0.0,1
1716.55,GBP,Stripe Demo Store,NG,7.4487,2.0,1.0,0.0,0.0,1.0,1.0,0.45,0.0,1
93.17,EUR,Netflix,CN,4.5451,2.0,0.0,0.0,0.0,0.0,0.0,0.0,1.0,0
14.86,USD,Dark Web Market,NG,2.7638,5.0,0.0,0.0,1.0,0.0,1.0,0.45,0.0,1
61.79,GBP,Shopify Merchant,NG,4.1398,2.0,0.0,0.0,0.0,0.0,0.0,0.0,0.0,1
1701.22,EUR,Shopify Merchant,DE,7.4397,2.0,1.0,0.0,0.0,0.0,0.0,0.0,1.0,1
1919.84,USD,Shopify Merchant,NG,7.5605,1.0,1.0,0.0,0.0,0.0,0.0,0.0,0.0,1
2318.07,USD,Shopify Merchant,NG,7.7489,2.0,1.0,0.0,0.0,0.0,1.0,1.0,0.0,1
22.86,USD,Amazon,NG,3.1721,3.0,0.0,0.0,0.0,1.0,0.0,0.45,0.0,1
1731.74,EUR,Netflix,DE,7.4575,2.0,1.0,0.0,0.0,0.0,0.0,0.0,1.0,1
22.15,EUR,Shopify Merchant,NG,3.1418,3.0,0.0,0.0,0.0,0.0,0.0,0.0,0.0,1
47.26,USD,Amazon,NG,3.8766,1.0,0.0,0.0,0.0,0.0,0.0,0.0,0.0,1
26.18,EUR,Spotify,NG,3.3026,1.0,0.0,0.0,0.0,0.0,0.0,0.45,0.0,0
2246.53,EUR,Shopify Merchant,NG,7.7176,6.0,1.0,0.0,0.0,0.0,0.0,0.0,0.0,1
12.56,EUR,Shopify Merchant,NG,2.6074,1.0,0.0,0.0,0.0,0.0,0.0,0.0,0.0,0
11.29,GBP,Netflix,NG,2.5089,2.0,0.0,0.0,0.0,0.0,0.0,0.0,0.0,1
20.31,EUR,Netflix,NG,3.0593,2.0,0.0,0.0,0.0,0.0,0.0,0.0,0.0,0
19.55,GBP,Spotify,RU,3.0228,5.0,0.0,0.0,0.0,0.0,0.0,0.0,1.0,1
17.64,EUR,Stripe Demo Store,NG,2.9251,1.0,0.0,0.0,0.0,0.0,1.0,1.0,0.0,0
10.27,GBP,Shopify Merchant,NG,2.4219,1.0,0.0,0.0,0.0,1.0,0.0,0.0,0.0,0
2111.24,GBP,Stripe Demo Store,NG,7.6555,4.0,1.0,0.0,0.0,1.0,0.0,0.45,0.0,1
15.58,GBP,Wallet Drain Services,NG,2.8082,2.0,0.0,0.0,1.0,1.0,0.0,0.45,0.0,0
54.5,USD,Shopify Merchant,NG,4.0164,2.0,0.0,0.0,0.0,0.0,0.0,0.0,0.0,0
20.27,USD,Spotify,NG,3.0571,1.0,0.0,0.0,0.0,0.0,1.0,0.0,0.0,0
31.62,USD,Amazon,RU,3.485,1.0,0.0,0.0,0.0,0.0,1.0,0.0,1.0,1
3530.0,GBP,XXX Test Casino,NG,8.1693,5.0,1.0,1.0,1.0,1.0,1.0,0.45,0.0,1
11.28,GBP,Spotify,NG,2.508,2.0,0.0,0.0,0.0,1.0,0.0,0.0,0.0,1
25.97,USD,Apple,NG,3.2948,5.0,0.0,0.0,0.0,0.0,0.0,0.45,0.0,1
77.47,GBP,Apple,NG,4.3627,8.0,0.0,0.0,0.0,1.0,0.0,0.45,0.0,1
4290.94,EUR,Anonymous Crypto Mix,NG,8.3645,2.0,1.0,1.0,1.0,0.0,1.0,0.45,0.0,1
37.75,EUR,Apple,NG,3.657,2.0,0.0,0.0,0.0,0.0,1.0,0.45,0.0,1
1872.12,GBP,Shopify Merchant,NG,7.5354,2.0,1.0,0.0,0.0,0.0,1.0,0.0,0.0,1
24.9,EUR,Apple,NG,3.2543,4.0,0.0,0.0,0.0,0.0,1.0,0.45,0.0,1
22.89,EUR,Netflix,NG,3.1733,2.0,0.0,0.0,0.0,0.0,0.0,0.0,0.0,0
29.46,EUR,Shopify Merchant,NG,3.4165,1.0,0.0,0.0,0.0,0.0,1.0,0.0,0.0,0
34.27,EUR,Stripe Demo Store,RU,3.5631,6.0,0.0,0.0,0.0,0.0,1.0,0.0,1.0,1
7.8,EUR,Spotify,NG,2.1742,2.0,0.0,0.0,0.0,0.0,0.0,0.0,0.0,0
23.88,GBP,Netflix,RU,3.2141,4.0,0.0,0.0,0.0,1.0,1.0,0.0,1.0,1
1020.05,GBP,Amazon,RU,6.9286,1.0,1.0,0.0,0.0,1.0,1.0,0.0,1.0,1
1035.3,GBP,Amazon,CN,6.9434,2.0,1.0,0.0,0.0,0.0,0.0,0.0,1.0,0
1900.08,EUR,Stripe Demo Store,NG,7.5502,2.0,1.0,0.0,0.0,0.0,1.0,1.0,0.0,1
12.02,GBP,Spotify,NG,2.5667,3.0,0.0,0.0,0.0,0.0,1.0,0.0,0.0,0
7.57,GBP,Amazon,NG,2.1478,1.0,0.0,0.0,0.0,0.0,0.0,0.0,0.0,1
8692.59,USD,Stripe Demo Store,CN,9.0703,1.0,1.0,1.0,0.0,0.0,0.0,0.0,1.0,1
7.43,GBP,Amazon,NG,2.132,3.0,0.0,0.0,0.0,1.0,0.0,0.0,0.0,1
5.21,EUR,Shopify Merchant,NG,1.826,10.0,0.0,0.0,0.0,0.0,1.0,1.0,0.0,1
1766.44,EUR,Spotify,NG,7.4773,1.0,1.0,0.0,0.0,0.0,0.0,0.0,0.0,0
22.45,EUR,Amazon,NG,3.1547,1.0,0.0,0.0,0.0,0.0,0.0,0.0,0.0,1
27.96,GBP,Spotify,NG,3.366,2.0,0.0,0.0,0.0,0.0,0.0,0.0,0.0,1
1498.74,USD,Amazon,NG,7.313,1.0,1.0,0.0,0.0,0.0,0.0,0.0,0.0,0
7.62,EUR,Gambling Anonymous Hub,NG,2.1542,1.0,0.0,0.0,1.0,1.0,1.0,0.45,0.0,1
8.76,GBP,Stripe Demo Store,NG,2.2781,2.0,0.0,0.0,0.0,0.0,0.0,0.0,0.0,0
16.6,GBP,Netflix,NG,2.868,2.0,0.0,0.0,0.0,0.0,1.0,0.45,0.0,0
8.24,USD,Spotify,RU,2.2238,1.0,0.0,0.0,0.0,0.0,0.0,0.0,1.0,0
1034.87,EUR,Apple,NG,6.943,1.0,1.0,0.0,0.0,1.0,1.0,0.45,0.0,1
14.53,GBP,Stripe Demo Store,CN,2.7428,8.0,0.0,0.0,0.0,0.0,1.0,0.0,1.0,0
22.86,GBP,Shopify Merchant,NG,3.1723,2.0,0.0,0.0,0.0,0.0,0.0,0.0,0.0,1
757.2,EUR,Amazon,NG,6.631,3.0,1.0,0.0,0.0,0.0,0.0,0.0,0.0,0
26.33,USD,Shopify Merchant,NG,3.308,1.0,0.0,0.0,0.0,0.0,0.0,0.0,0.0,0
865.37,GBP,Stripe Demo Store,NG,6.7643,4.0,1.0,0.0,0.0,0.0,1.0,0.0,0.0,1
15.79,EUR,Amazon,NG,2.8207,4.0,0.0,0.0,0.0,0.0,0.0,0.45,0.0,0
22.85,EUR,Apple,US,3.1716,1.0,0.0,0.0,0.0,0.0,1.0,1.0,1.0,0
23.69,USD,Spotify,RU,3.2065,2.0,0.0,0.0,0.0,0.0,1.0,0.0,1.0,1
5.0,GBP,Stripe Demo Store,CN,1.7918,2.0,0.0,0.0,0.0,0.0,0.0,0.0,1.0,1
1764.0,GBP,Spotify,NG,7.4759,1.0,1.0,0.0,0.0,1.0,1.0,0.0,0.0,1
1008.65,USD,Shopify Merchant,NG,6.9174,3.0,1.0,0.0,0.0,1.0,1.0,1.0,0.0,1
5569.23,USD,Wallet Drain Services,NG,8.6252,1.0,1.0,1.0,1.0,1.0,1.0,0.45,0.0,1
8.16,GBP,Amazon,US,2.2148,2.0,0.0,0.0,0.0,0.0,1.0,0.0,1.0,0
1887.42,EUR,Spotify,CN,7.5435,10.0,1.0,0.0,0.0,0.0,0.0,1.0,1.0,1
9.36,EUR,Stripe Demo Store,NG,2.3375,1.0,0.0,0.0,0.0,0.0,0.0,0.0,0.0,1
921.32,EUR,Apple,NG,6.8269,1.0,1.0,0.0,0.0,0.0,0.0,0.45,0.0,1
7.51,EUR,Amazon,CN,2.1414,1.0,0.0,0.0,0.0,0.0,1.0,0.0,1.0,0
1118.02,GBP,Amazon,NG,7.0202,10.0,1.0,0.0,0.0,0.0,1.0,0.0,0.0,1
29.2,USD,Wallet Drain Services,NG,3.4077,1.0,0.0,0.0,1.0,0.0,1.0,0.45,0.0,1
12.93,USD,Stripe Demo Store,NG,2.6339,1.0,0.0,0.0,0.0,0.0,0.0,0.45,0.0,0
878.61,USD,Stripe Demo Store,US,6.7795,2.0,1.0,0.0,0.0,0.0,0.0,0.0,1.0,1
37.89,USD,Shopify Merchant,NG,3.6608,3.0,0.0,0.0,0.0,1.0,0.0,0.0,0.0,1
38.99,USD,Stripe Demo Store,NG,3.6887,2.0,0.0,0.0,0.0,0.0,0.0,0.45,0.0,0
7030.85,EUR,Apple,US,8.8582,8.0,1.0,1.0,0.0,0.0,1.0,0.0,1.0,1
36.38,USD,Shopify Merchant,DE,3.6212,1.0,0.0,0.0,0.0,0.0,0.0,0.0,1.0,1
17.08,EUR,Amazon,NG,2.8948,2.0,0.0,0.0,0.0,0.0,0.0,0.0,0.0,1
17.41,USD,Stripe Demo Store,CN,2.9126,2.0,0.0,0.0,0.0,0.0,0.0,0.0,1.0,1
12.76,USD,Stripe Demo Store,NG,2.6218,1.0,0.0,0.0,0.0,0.0,1.0,1.0,0.0,1
22.59,EUR,Spotify,RU,3.1607,5.0,0.0,0.0,0.0,0.0,0.0,0.0,1.0,1
6445.28,EUR,Spotify,US,8.7713,2.0,1.0,1.0,0.0,0.0,0.0,0.0,1.0,1
4500.75,GBP,Netflix,NG,8.4122,1.0,1.0,1.0,0.0,0.0,0.0,0.0,0.0,1
30.57,EUR,Shopify Merchant,NG,3.4521,1.0,0.0,0.0,0.0,0.0,0.0,0.0,0.0,1
46.02,EUR,Spotify,NG,3.8507,1.0,0.0,0.0,0.0,1.0,1.0,1.0,0.0,0
26.54,GBP,Spotify,NG,3.3158,5.0,0.0,0.0,0.0,1.0,0.0,0.0,0.0,0
943.02,GBP,Stripe Demo Store,NG,6.8501,1.0,1.0,0.0,0.0,0.0,1.0,0.0,0.0,1
12.26,USD,Amazon,NG,2.5846,5.0,0.0,0.0,0.0,0.0,0.0,0.0,0.0,1
5.55,EUR,Amazon,CN,1.8791,1.0,0.0,0.0,0.0,0.0,0.0,0.0,1.0,0
4553.75,USD,Netflix,US,8.4239,8.0,1.0,1.0,0.0,1.0,0.0,0.45,1.0,1
566.39,GBP,Amazon,NG,6.3411,4.0,1.0,0.0,0.0,0.0,0.0,0.0,0.0,1
16.58,EUR,Amazon,NG,2.867,1.0,0.0,0.0,0.0,0.0,0.0,0.45,0.0,0
5.82,USD,Stripe Demo Store,NG,1.9197,1.0,0.0,0.0,0.0,0.0,0.0,0.45,0.0,0
10.7,GBP,Amazon,NG,2.4599,3.0,0.0,0.0,0.0,1.0,1.0,1.0,0.0,1
7.02,GBP,Apple,NG,2.0817,1.0,0.0,0.0,0.0,0.0,0.0,0.0,0.0,0
14.82,EUR,Spotify,NG,2.7613,1.0,0.0,0.0,0.0,0.0,0.0,0.0,0.0,0
15.24,EUR,Apple,DE,2.7874,3.0,0.0,0.0,0.0,1.0,0.0,0.0,1.0,1
21.39,GBP,Stripe Demo Store,NG,3.1087,5.0,0.0,0.0,0.0,0.0,0.0,0.45,0.0,1
47.84,USD,Netflix,RU,3.8885,3.0,0.0,0.0,0.0,0.0,1.0,0.0,1.0,1
32.26,GBP,Shopify Merchant,NG,3.5044,4.0,0.0,0.0,0.0,0.0,1.0,0.0,0.0,1
6.45,USD,Shopify Merchant,NG,2.0086,2.0,0.0,0.0,0.0,0.0,0.0,0.45,0.0,1
4393.76,USD,Wallet Drain Services,NG,8.3882,3.0,1.0,1.0,1.0,1.0,0.0,0.45,0.0,1
21.72,USD,Netflix,US,3.1232,1.0,0.0,0.0,0.0,0.0,0.0,0.0,1.0,0
2032.94,EUR,Apple,NG,7.6177,3.0,1.0,0.0,0.0,1.0,0.0,0.45,0.0,1
35.2,GBP,Amazon,NG,3.589,2.0,0.0,0.0,0.0,0.0,0.0,1.0,0.0,1
19.77,USD,Apple,NG,3.0335,2.0,0.0,0.0,0.0,0.0,1.0,0.45,0.0,1
1967.88,USD,Apple,NG,7.5852,10.0,1.0,0.0,0.0,0.0,0.0,0.0,0.0,1
12.38,GBP,Amazon,CN,2.5934,2.0,0.0,0.0,0.0,0.0,0.0,0.0,1.0,1
17.68,USD,Shopify Merchant,NG,2.9274,2.0,0.0,0.0,0.0,0.0,1.0,0.0,0.0,1
46.01,EUR,Amazon,NG,3.8503,2.0,0.0,0.0,0.0,0.0,1.0,0.0,0.0,0
12.27,EUR,Apple,RU,2.5856,1.0,0.0,0.0,0.0,0.0,1.0,0.45,1.0,0
9.77,EUR,Netflix,NG,2.3765,1.0,0.0,0.0,0.0,0.0,0.0,0.0,0.0,0
19.24,GBP,Netflix,NG,3.0075,8.0,0.0,0.0,0.0,0.0,0.0,0.45,0.0,1
9.1,GBP,Shopify Merchant,NG,2.3128,1.0,0.0,0.0,0.0,0.0,0.0,0.45,0.0,0
6.01,GBP,Amazon,RU,1.9479,2.0,0.0,0.0,0.0,0.0,0.0,0.0,1.0,1
15.78,USD,Stripe Demo Store,NG,2.8203,2.0,0.0,0.0,0.0,0.0,0.0,0.45,0.0,0
55.37,EUR,Apple,NG,4.0319,4.0,0.0,0.0,0.0,0.0,1.0,0.0,0.0,1
19.55,EUR,Apple,NG,3.0229,3.0,0.0,0.0,0.0,0.0,0.0,0.0,0.0,0
22.76,EUR,Stripe Demo Store,NG,3.168,1.0,0.0,0.0,0.0,1.0,0.0,0.0,0.0,0
5.0,EUR,Shopify Merchant,NG,1.7918,1.0,0.0,0.0,0.0,0.0,0.0,0.45,0.0,1
27.29,EUR,Stripe Demo Store,NG,3.3427,3.0,0.0,0.0,0.0,0.0,0.0,1.0,0.0,0
21.44,EUR,Apple,NG,3.1109,1.0,0.0,0.0,0.0,0.0,1.0,1.0,0.0,0
12.61,EUR,Amazon,NG,2.6109,2.0,0.0,0.0,0.0,1.0,0.0,0.0,0.0,1
22.78,USD,Wallet Drain Services,NG,3.169,1.0,0.0,0.0,1.0,0.0,0.0,1.0,0.0,1
22.63,GBP,Amazon,RU,3.1623,1.0,0.0,0.0,0.0,0.0,0.0,0.45,1.0,0
7265.18,USD,Apple,NG,8.891,10.0,1.0,1.0,0.0,1.0,0.0,0.0,0.0,1
1256.68,EUR,Amazon,NG,7.137,5.0,1.0,0.0,0.0,0.0,0.0,0.0,0.0,1
46.43,GBP,Shopify Merchant,NG,3.8593,3.0,0.0,0.0,0.0,0.0,0.0,1.0,0.0,1
17.12,USD,Apple,NG,2.8972,1.0,0.0,0.0,0.0,0.0,1.0,0.0,0.0,0
10.94,USD,Netflix,CN,2.4801,8.0,0.0,0.0,0.0,0.0,1.0,1.0,1.0,1
547.78,GBP,Stripe Demo Store,NG,6.3077,2.0,1.0,0.0,0.0,0.0,0.0,0.0,0.0,1
2348.95,GBP,Shopify Merchant,NG,7.7621,6.0,1.0,0.0,0.0,0.0,1.0,0.0,0.0,1
8.51,GBP,Stripe Demo Store,NG,2.2526,1.0,0.0,0.0,0.0,0.0,1.0,0.0,0.0,0
30.11,GBP,Apple,NG,3.4377,1.0,0.0,0.0,0.0,0.0,0.0,0.0,0.0,0
12.5,EUR,Netflix,NG,2.6024,2.0,0.0,0.0,0.0,0.0,1.0,0.45,0.0,1
1733.14,USD,Apple,NG,7.4583,5.0,1.0,0.0,0.0,0.0,1.0,0.0,0.0,1
2276.47,GBP,Stripe Demo Store,NG,7.7308,1.0,1.0,0.0,0.0,0.0,1.0,0.0,0.0,1
13.51,EUR,Apple,DE,2.6745,1.0,0.0,0.0,0.0,1.0,0.0,1.0,1.0,0
58.33,USD,Stripe Demo Store,NG,4.0832,2.0,0.0,0.0,0.0,0.0,0.0,0.0,0.0,0
7.49,USD,Shopify Merchant,NG,2.139,10.0,0.0,0.0,0.0,0.0,1.0,0.0,0.0,1
28.21,GBP,Netflix,NG,3.3746,3.0,0.0,0.0,0.0,0.0,1.0,1.0,0.0,1
2389.09,USD,Spotify,NG,7.7791,5.0,1.0,0.0,0.0,0.0,1.0,1.0,0.0,1
32.46,USD,Amazon,NG,3.5102,2.0,0.0,0.0,0.0,0.0,1.0,0.45,0.0,0
7.91,GBP,XXX Test Casino,RU,2.1873,4.0,0.0,0.0,1.0,0.0,0.0,0.45,1.0,1
8.19,GBP,Spotify,NG,2.2181,2.0,0.0,0.0,0.0,0.0,0.0,0.0,0.0,1
11.87,EUR,Amazon,NG,2.5548,1.0,0.0,0.0,0.0,0.0,0.0,0.45,0.0,0
2177.21,USD,Wallet Drain Services,NG,7.6863,3.0,1.0,0.0,1.0,0.0,1.0,0.45,0.0,1
23.53,USD,XXX Test Casino,NG,3.1998,2.0,0.0,0.0,1.0,0.0,1.0,0.45,0.0,1
890.71,GBP,XXX Test Casino,NG,6.7931,2.0,1.0,0.0,1.0,0.0,1.0,0.45,0.0,0
10.9,EUR,Stripe Demo Store,NG,2.4768,1.0,0.0,0.0,0.0,0.0,0.0,0.0,0.0,1
11.38,USD,Stripe Demo Store,NG,2.5162,3.0,0.0,0.0,0.0,0.0,0.0,0.45,0.0,1
17.7,EUR,Anonymous Crypto Mix,NG,2.9284,4.0,0.0,0.0,1.0,0.0,0.0,0.45,0.0,1
80.58,USD,Spotify,NG,4.4016,1.0,0.0,0.0,0.0,1.0,0.0,0.0,0.0,0
10.45,USD,Stripe Demo Store,NG,2.4381,5.0,0.0,0.0,0.0,1.0,0.0,0.0,0.0,0
10.14,USD,Anonymous Crypto Mix,NG,2.4102,1.0,0.0,0.0,1.0,0.0,1.0,0.45,0.0,1
9.09,EUR,Netflix,NG,2.3112,1.0,0.0,0.0,0.0,0.0,0.0,0.45,0.0,0
31.34,EUR,Shopify Merchant,NG,3.4763,1.0,0.0,0.0,0.0,0.0,1.0,0.45,0.0,1
19.51,EUR,Stripe Demo Store,NG,3.021,2.0,0.0,0.0,0.0,0.0,0.0,0.0,0.0,0
10.73,GBP,Spotify,NG,2.4618,1.0,0.0,0.0,0.0,0.0,0.0,0.0,0.0,0
781.41,EUR,Apple,NG,6.6624,3.0,1.0,0.0,0.0,0.0,0.0,0.0,0.0,1
8535.87,USD,Apple,NG,9.0521,3.0,1.0,1.0,0.0,0.0,0.0,0.0,0.0,1
24.71,USD,Apple,NG,3.2468,2.0,0.0,0.0,0.0,0.0,1.0,0.45,0.0,1
944.26,EUR,Apple,NG,6.8515,5.0,1.0,0.0,0.0,0.0,1.0,0.0,0.0,1
1065.78,EUR,Shopify Merchant,NG,6.9724,6.0,1.0,0.0,0.0,0.0,0.0,0.45,0.0,1
4979.85,USD,Wallet Drain Services,NG,8.5134,1.0,1.0,1.0,1.0,0.0,1.0,0.45,0.0,0
12.61,GBP,Spotify,US,2.6108,1.0,0.0,0.0,0.0,0.0,1.0,0.45,1.0,1
7.84,EUR,Shopify Merchant,NG,2.1796,1.0,0.0,0.0,0.0,1.0,1.0,0.0,0.0,0
33.57,GBP,Apple,NG,3.5429,2.0,0.0,0.0,0.0,0.0,0.0,0.0,0.0,0
1313.1,USD,Amazon,NG,7.1809,1.0,1.0,0.0,0.0,0.0,0.0,0.0,0.0,1
1866.94,EUR,Dark Web Market,NG,7.5326,2.0,1.0,0.0,1.0,0.0,0.0,0.45,0.0,1
46.96,GBP,Spotify,NG,3.8704,2.0,0.0,0.0,0.0,0.0,0.0,0.0,0.0,1
20.38,GBP,Wallet Drain Services,CN,3.0627,2.0,0.0,0.0,1.0,0.0,0.0,0.45,1.0,0
704.23,USD,Apple,NG,6.5585,1.0,1.0,0.0,0.0,0.0,1.0,0.0,0.0,1
1119.32,USD,Shopify Merchant,NG,7.0214,1.0,1.0,0.0,0.0,0.0,0.0,0.45,0.0,1
17.74,GBP,Amazon,NG,2.9308,1.0,0.0,0.0,0.0,0.0,1.0,0.0,0.0,0
10.29,USD,Wallet Drain Services,NG,2.4243,4.0,0.0,0.0,1.0,0.0,0.0,0.45,0.0,0
18.14,EUR,Stripe Demo Store,NG,2.9518,2.0,0.0,0.0,0.0,0.0,1.0,0.0,0.0,1
36.21,GBP,Apple,NG,3.6167,2.0,0.0,0.0,0.0,0.0,0.0,0.45,0.0,1
14.07,EUR,Netflix,US,2.7129,2.0,0.0,0.0,0.0,0.0,0.0,0.0,1.0,1
1391.14,USD,Amazon,NG,7.2386,2.0,1.0,0.0,0.0,0.0,0.0,0.0,0.0,0
2839.72,GBP,Dark Web Market,NG,7.9518,1.0,1.0,1.0,1.0,0.0,1.0,0.45,0.0,1
34.68,USD,Shopify Merchant,DE,3.5745,1.0,0.0,0.0,0.0,0.0,0.0,0.0,1.0,0
25.0,GBP,Apple,NG,3.2583,1.0,0.0,0.0,0.0,0.0,0.0,0.0,0.0,0
8.66,USD,Stripe Demo Store,NG,2.2678,1.0,0.0,0.0,0.0,0.0,0.0,0.0,0.0,1
17.17,USD,Shopify Merchant,NG,2.8998,1.0,0.0,0.0,0.0,1.0,1.0,0.45,0.0,0
38.55,EUR,Spotify,NG,3.6776,3.0,0.0,0.0,0.0,1.0,1.0,0.0,0.0,1
8.32,EUR,Amazon,NG,2.2322,1.0,0.0,0.0,0.0,1.0,0.0,0.0,0.0,0
9.49,EUR,Anonymous Crypto Mix,NG,2.3505,1.0,0.0,0.0,1.0,0.0,0.0,0.45,0.0,1
19.13,EUR,Netflix,NG,3.0023,1.0,0.0,0.0,0.0,0.0,0.0,0.0,0.0,1
89.42,USD,Netflix,CN,4.5045,1.0,0.0,0.0,0.0,1.0,0.0,0.0,1.0,0
1138.2,EUR,Gambling Anonymous Hub,US,7.0381,1.0,1.0,0.0,1.0,1.0,0.0,0.45,1.0,1
28.41,EUR,Spotify,NG,3.3813,1.0,0.0,0.0,0.0,0.0,0.0,0.0,0.0,1
24.1,GBP,Shopify Merchant,NG,3.2228,1.0,0.0,0.0,0.0,0.0,0.0,0.45,0.0,0
1978.63,GBP,Shopify Merchant,RU,7.5907,10.0,1.0,0.0,0.0,0.0,0.0,0.0,1.0,1
22.48,EUR,Amazon,NG,3.1563,1.0,0.0,0.0,0.0,0.0,1.0,0.45,0.0,1
14.68,USD,Netflix,NG,2.7524,1.0,0.0,0.0,0.0,0.0,1.0,0.0,0.0,1
15.64,EUR,Shopify Merchant,NG,2.8115,2.0,0.0,0.0,0.0,0.0,0.0,0.0,0.0,0
6.28,EUR,Apple,NG,1.9849,1.0,0.0,0.0,0.0,0.0,0.0,0.0,0.0,0
19.74,USD,Netflix,US,3.0323,2.0,0.0,0.0,0.0,0.0,0.0,0.45,1.0,0
37.69,EUR,Spotify,NG,3.6556,1.0,0.0,0.0,0.0,0.0,0.0,0.0,0.0,0
20.91,EUR,Amazon,NG,3.0869,5.0,0.0,0.0,0.0,0.0,0.0,0.0,0.0,1
43.09,EUR,Stripe Demo Store,DE,3.7863,5.0,0.0,0.0,0.0,1.0,0.0,0.0,1.0,1
30.15,GBP,Amazon,NG,3.4389,3.0,0.0,0.0,0.0,0.0,0.0,0.0,0.0,0
19.27,GBP,Amazon,NG,3.0089,1.0,0.0,0.0,0.0,1.0,1.0,0.0,0.0,1
12.94,GBP,Spotify,NG,2.6349,2.0,0.0,0.0,0.0,0.0,1.0,1.0,0.0,1
14.29,GBP,Apple,NG,2.7273,1.0,0.0,0.0,0.0,0.0,1.0,0.0,0.0,0
695.76,USD,Spotify,NG,6.5464,3.0,1.0,0.0,0.0,0.0,1.0,0.0,0.0,1
16.66,EUR,Apple,NG,2.8713,1.0,0.0,0.0,0.0,1.0,0.0,0.45,0.0,0
22.25,USD,Netflix,NG,3.1462,2.0,0.0,0.0,0.0,0.0,1.0,0.0,0.0,0
66.74,EUR,Shopify Merchant,NG,4.2157,1.0,0.0,0.0,0.0,0.0,1.0,0.0,0.0,1
29.07,GBP,Stripe Demo Store,NG,3.4036,2.0,0.0,0.0,0.0,0.0,0.0,0.0,0.0,0
2249.31,EUR,Shopify Merchant,US,7.7188,1.0,1.0,0.0,0.0,1.0,0.0,0.45,1.0,1
7.33,GBP,Netflix,NG,2.1203,1.0,0.0,0.0,0.0,0.0,0.0,0.0,0.0,0
17.38,GBP,Spotify,NG,2.9114,2.0,0.0,0.0,0.0,0.0,0.0,0.0,0.0,0
1862.2,GBP,Amazon,NG,7.5301,2.0,1.0,0.0,0.0,0.0,1.0,0.0,0.0,1
1759.73,USD,Spotify,NG,7.4735,1.0,1.0,0.0,0.0,0.0,1.0,0.0,0.0,1
29.35,USD,Shopify Merchant,NG,3.4129,1.0,0.0,0.0,0.0,0.0,1.0,0.0,0.0,1
17.69,GBP,Apple,NG,2.9282,4.0,0.0,0.0,0.0,0.0,0.0,0.0,0.0,1
33.18,EUR,Stripe Demo Store,NG,3.5316,2.0,0.0,0.0,0.0,0.0,0.0,0.0,0.0,1
6.57,GBP,Netflix,NG,2.0237,2.0,0.0,0.0,0.0,0.0,1.0,0.0,0.0,1
61.74,EUR,Spotify,NG,4.139,2.0,0.0,0.0,0.0,0.0,1.0,0.45,0.0,1
9.22,EUR,Shopify Merchant,NG,2.3242,2.0,0.0,0.0,0.0,0.0,0.0,0.0,0.0,1
1057.51,USD,Stripe Demo Store,NG,6.9646,2.0,1.0,0.0,0.0,0.0,1.0,0.45,0.0,1
16.6,EUR,Shopify Merchant,NG,2.868,1.0,0.0,0.0,0.0,0.0,1.0,0.0,0.0,1
18.52,USD,Stripe Demo Store,NG,2.9715,2.0,0.0,0.0,0.0,0.0,0.0,0.0,0.0,1
16.97,GBP,Netflix,NG,2.8885,2.0,0.0,0.0,0.0,0.0,0.0,0.45,0.0,0
24.02,GBP,Amazon,NG,3.2197,1.0,0.0,0.0,0.0,0.0,1.0,0.0,0.0,0
27.67,USD,Netflix,NG,3.3558,3.0,0.0,0.0,0.0,1.0,1.0,0.0,0.0,1
2093.15,EUR,Netflix,NG,7.6469,1.0,1.0,0.0,0.0,0.0,0.0,0.0,0.0,1
53.82,GBP,Amazon,NG,4.004,1.0,0.0,0.0,0.0,0.0,1.0,0.0,0.0,0
25.34,USD,Shopify Merchant,NG,3.271,3.0,0.0,0.0,0.0,0.0,1.0,0.0,0.0,1
66.66,USD,Apple,DE,4.2145,4.0,0.0,0.0,0.0,0.0,0.0,0.0,1.0,1
21.44,EUR,Apple,NG,3.1107,1.0,0.0,0.0,0.0,0.0,0.0,0.45,0.0,0
42.7,GBP,Stripe Demo Store,NG,3.7774,2.0,0.0,0.0,0.0,0.0,1.0,0.45,0.0,1
5850.99,USD,Spotify,NG,8.6745,1.0,1.0,1.0,0.0,0.0,0.0,1.0,0.0,1
13.67,USD,Amazon,NG,2.6861,3.0,0.0,0.0,0.0,0.0,0.0,0.0,0.0,1
22.8,EUR,Apple,NG,3.1698,2.0,0.0,0.0,0.0,0.0,1.0,0.45,0.0,0
4262.25,GBP,Shopify Merchant,DE,8.3578,3.0,1.0,1.0,0.0,1.0,1.0,0.45,1.0,1
19.64,EUR,Apple,NG,3.0271,1.0,0.0,0.0,0.0,0.0,0.0,0.0,0.0,1
8571.63,USD,Netflix,NG,9.0563,1.0,1.0,1.0,0.0,0.0,0.0,0.0,0.0,1
36.81,EUR,Stripe Demo Store,NG,3.6326,4.0,0.0,0.0,0.0,0.0,1.0,0.0,0.0,1
19.76,EUR,Shopify Merchant,NG,3.033,1.0,0.0,0.0,0.0,0.0,0.0,0.45,0.0,0
8977.47,EUR,XXX Test Casino,RU,9.1026,1.0,1.0,1.0,1.0,1.0,1.0,0.45,1.0,1
65.03,USD,Shopify Merchant,NG,4.1901,1.0,0.0,0.0,0.0,0.0,1.0,0.0,0.0,1
16.31,EUR,Netflix,NG,2.8512,2.0,0.0,0.0,0.0,0.0,1.0,0.0,0.0,0
11.29,USD,Spotify,RU,2.5086,1.0,0.0,0.0,0.0,0.0,0.0,0.45,1.0,0
9.14,EUR,Stripe Demo Store,NG,2.3169,2.0,0.0,0.0,0.0,0.0,0.0,0.0,0.0,0
15.87,GBP,Netflix,NG,2.8256,1.0,0.0,0.0,0.0,0.0,0.0,0.45,0.0,1
13.55,USD,Spotify,NG,2.6773,2.0,0.0,0.0,0.0,0.0,0.0,0.0,0.0,0
11.99,GBP,Shopify Merchant,DE,2.5642,5.0,0.0,0.0,0.0,0.0,1.0,1.0,1.0,1
12.46,EUR,Netflix,NG,2.5997,1.0,0.0,0.0,0.0,0.0,0.0,0.0,0.0,0
29.1,GBP,Stripe Demo Store,DE,3.4046,2.0,0.0,0.0,0.0,0.0,0.0,0.0,1.0,0
83.2,EUR,Netflix,NG,4.4332,2.0,0.0,0.0,0.0,0.0,0.0,1.0,0.0,1
35.67,GBP,Shopify Merchant,NG,3.602,1.0,0.0,0.0,0.0,0.0,0.0,0.0,0.0,0
44.07,USD,Stripe Demo Store,NG,3.8083,3.0,0.0,0.0,0.0,0.0,0.0,0.0,0.0,0
15.42,USD,Spotify,NG,2.7986,4.0,0.0,0.0,0.0,0.0,0.0,0.0,0.0,1
21.61,EUR,Apple,NG,3.1185,3.0,0.0,0.0,0.0,0.0,0.0,0.45,0.0,1
27.07,EUR,Apple,NG,3.3348,6.0,0.0,0.0,0.0,0.0,1.0,0.0,0.0,1
12.66,GBP,Amazon,NG,2.6143,2.0,0.0,0.0,0.0,0.0,1.0,0.0,0.0,1
14.91,EUR,Shopify Merchant,NG,2.7669,2.0,0.0,0.0,0.0,0.0,0.0,0.0,0.0,0
36.53,USD,Amazon,NG,3.6252,1.0,0.0,0.0,0.0,0.0,0.0,1.0,0.0,1
6175.2,GBP,XXX Test Casino,RU,8.7285,8.0,1.0,1.0,1.0,0.0,1.0,1.0,1.0,1
2171.74,GBP,Shopify Merchant,NG,7.6837,2.0,1.0,0.0,0.0,0.0,0.0,0.45,0.0,1
8.7,EUR,Shopify Merchant,NG,2.2722,1.0,0.0,0.0,0.0,1.0,1.0,0.45,0.0,0
3542.8,USD,Netflix,DE,8.173,3.0,1.0,1.0,0.0,0.0,1.0,0.0,1.0,1
1666.23,GBP,Amazon,NG,7.4189,2.0,1.0,0.0,0.0,0.0,0.0,0.0,0.0,1
21.17,EUR,Apple,NG,3.0988,6.0,0.0,0.0,0.0,0.0,1.0,0.0,0.0,1
1003.98,GBP,Netflix,NG,6.9127,3.0,1.0,0.0,0.0,0.0,0.0,0.45,0.0,1
16.62,USD,Netflix,NG,2.8689,4.0,0.0,0.0,0.0,0.0,0.0,0.0,0.0,0
23.79,EUR,Spotify,NG,3.2104,2.0,0.0,0.0,0.0,0.0,0.0,0.0,0.0,1
26.89,USD,Stripe Demo Store,NG,3.3283,2.0,0.0,0.0,0.0,1.0,0.0,0.0,0.0,1
24.04,GBP,Shopify Merchant,NG,3.2206,3.0,0.0,0.0,0.0,0.0,0.0,1.0,0.0,1
8.66,USD,Apple,NG,2.2682,1.0,0.0,0.0,0.0,0.0,0.0,0.0,0.0,0
2658.25,GBP,Amazon,US,7.8858,1.0,1.0,1.0,0.0,0.0,0.0,0.0,1.0,1
26.76,EUR,Shopify Merchant,NG,3.3236,8.0,0.0,0.0,0.0,0.0,0.0,0.0,0.0,1
60.65,EUR,Shopify Merchant,US,4.1215,5.0,0.0,0.0,0.0,0.0,0.0,0.0,1.0,1
16.6,EUR,Netflix,NG,2.8681,6.0,0.0,0.0,0.0,1.0,0.0,0.0,0.0,1
29.54,GBP,Amazon,NG,3.4189,1.0,0.0,0.0,0.0,0.0,0.0,0.0,0.0,1
841.88,EUR,Netflix,NG,6.7368,1.0,1.0,0.0,0.0,0.0,0.0,0.0,0.0,1
1735.62,USD,Amazon,DE,7.4597,5.0,1.0,0.0,0.0,0.0,0.0,0.0,1.0,1
44.88,GBP,Netflix,NG,3.8259,1.0,0.0,0.0,0.0,0.0,0.0,0.0,0.0,0
46.6,EUR,Netflix,NG,3.8628,2.0,0.0,0.0,0.0,0.0,1.0,1.0,0.0,1
52.79,USD,Netflix,NG,3.985,1.0,0.0,0.0,0.0,0.0,0.0,0.45,0.0,1
27.69,EUR,Amazon,NG,3.3564,4.0,0.0,0.0,0.0,0.0,1.0,0.0,0.0,1
2146.55,GBP,Apple,CN,7.6721,2.0,1.0,0.0,0.0,0.0,0.0,0.0,1.0,1
2246.17,EUR,Netflix,NG,7.7174,1.0,1.0,0.0,0.0,0.0,1.0,0.0,0.0,1
88.84,USD,Spotify,NG,4.498,2.0,0.0,0.0,0.0,0.0,0.0,0.0,0.0,1
34.39,GBP,Spotify,NG,3.5665,1.0,0.0,0.0,0.0,0.0,1.0,0.0,0.0,0
51.33,GBP,Netflix,NG,3.9576,3.0,0.0,0.0,0.0,0.0,0.0,0.0,0.0,1
16.05,EUR,Netflix,CN,2.8364,2.0,0.0,0.0,0.0,0.0,1.0,0.0,1.0,0
36.28,USD,Amazon,US,3.6183,2.0,0.0,0.0,0.0,0.0,0.0,0.0,1.0,1
54.54,EUR,Apple,US,4.0171,1.0,0.0,0.0,0.0,0.0,1.0,0.0,1.0,1
9.38,EUR,Shopify Merchant,CN,2.3401,1.0,0.0,0.0,0.0,0.0,0.0,0.0,1.0,0
4304.96,GBP,Shopify Merchant,NG,8.3678,1.0,1.0,1.0,0.0,0.0,0.0,0.0,0.0,0
5.0,GBP,Spotify,NG,1.7918,6.0,0.0,0.0,0.0,1.0,0.0,0.0,0.0,0
17.73,GBP,XXX Test Casino,NG,2.93,1.0,0.0,0.0,1.0,0.0,1.0,0.45,0.0,1
11.35,EUR,Spotify,NG,2.5133,2.0,0.0,0.0,0.0,1.0,0.0,0.0,0.0,0
17.25,USD,Apple,US,2.9039,1.0,0.0,0.0,0.0,1.0,0.0,0.0,1.0,1
155.49,USD,Stripe Demo Store,NG,5.053,8.0,0.0,0.0,0.0,0.0,0.0,0.0,0.0,1
66.85,GBP,Amazon,NG,4.2173,3.0,0.0,0.0,0.0,0.0,0.0,0.45,0.0,0
7.33,USD,Amazon,NG,2.1202,1.0,0.0,0.0,0.0,0.0,0.0,0.0,0.0,0
29.64,EUR,Spotify,CN,3.4222,2.0,0.0,0.0,0.0,1.0,1.0,0.0,1.0,1
35.14,EUR,Amazon,DE,3.5873,2.0,0.0,0.0,0.0,0.0,1.0,0.45,1.0,1
15.85,USD,Netflix,DE,2.8246,3.0,0.0,0.0,0.0,0.0,0.0,0.0,1.0,0
22.76,USD,Stripe Demo Store,NG,3.1678,10.0,0.0,0.0,0.0,0.0,1.0,0.0,0.0,1
24.37,GBP,Apple,RU,3.2334,3.0,0.0,0.0,0.0,1.0,0.0,0.0,1.0,1
7.83,GBP,Apple,RU,2.1776,4.0,0.0,0.0,0.0,0.0,0.0,0.0,1.0,1
9.76,EUR,Netflix,NG,2.3756,2.0,0.0,0.0,0.0,1.0,1.0,0.0,0.0,1
542.17,GBP,Spotify,US,6.2974,1.0,1.0,0.0,0.0,0.0,1.0,0.0,1.0,0
1464.35,USD,Stripe Demo Store,NG,7.2898,2.0,1.0,0.0,0.0,1.0,0.0,0.0,0.0,1
12.23,USD,Shopify Merchant,NG,2.5826,3.0,0.0,0.0,0.0,0.0,0.0,0.0,0.0,0
11.52,GBP,Amazon,NG,2.5272,1.0,0.0,0.0,0.0,1.0,0.0,0.0,0.0,1
18.86,GBP,Netflix,NG,2.9888,2.0,0.0,0.0,0.0,0.0,0.0,1.0,0.0,1
2275.04,USD,Amazon,NG,7.7302,1.0,1.0,0.0,0.0,0.0,1.0,0.0,0.0,1
19.04,USD,Spotify,NG,2.9977,1.0,0.0,0.0,0.0,0.0,1.0,0.0,0.0,0
2092.73,EUR,Netflix,NG,7.6467,4.0,1.0,0.0,0.0,0.0,0.0,0.0,0.0,1
12.34,EUR,Shopify Merchant,NG,2.5908,1.0,0.0,0.0,0.0,0.0,0.0,0.45,0.0,0
22.99,EUR,Shopify Merchant,NG,3.1777,3.0,0.0,0.0,0.0,0.0,0.0,0.0,0.0,0
15.67,GBP,Amazon,DE,2.8138,1.0,0.0,0.0,0.0,0.0,1.0,0.0,1.0,0
30.31,GBP,Shopify Merchant,NG,3.444,2.0,0.0,0.0,0.0,0.0,0.0,0.0,0.0,0
840.67,GBP,Shopify Merchant,DE,6.7354,5.0,1.0,0.0,0.0,0.0,1.0,1.0,1.0,1
77.41,USD,Stripe Demo Store,NG,4.362,3.0,0.0,0.0,0.0,0.0,0.0,0.0,0.0,1
6.15,EUR,Stripe Demo Store,US,1.9672,4.0,0.0,0.0,0.0,0.0,0.0,0.0,1.0,0
66.74,GBP,Stripe Demo Store,NG,4.2157,1.0,0.0,0.0,0.0,1.0,0.0,0.45,0.0,1
21.39,GBP,Apple,NG,3.1087,1.0,0.0,0.0,0.0,0.0,1.0,0.0,0.0,1
29.57,GBP,Amazon,NG,3.42,3.0,0.0,0.0,0.0,1.0,1.0,0.0,0.0,1
51.12,GBP,Apple,NG,3.9535,3.0,0.0,0.0,0.0,0.0,0.0,0.0,0.0,0
36.61,USD,Netflix,NG,3.6273,3.0,0.0,0.0,0.0,0.0,0.0,0.45,0.0,1
12.05,GBP,Amazon,NG,2.5687,3.0,0.0,0.0,0.0,1.0,0.0,1.0,0.0,1
1588.75,GBP,Spotify,DE,7.3713,1.0,1.0,0.0,0.0,0.0,0.0,0.0,1.0,1
74.23,USD,Apple,RU,4.3206,1.0,0.0,0.0,0.0,0.0,0.0,0.0,1.0,1
1910.48,USD,XXX Test Casino,NG,7.5556,6.0,1.0,0.0,1.0,0.0,1.0,0.45,0.0,1
2385.16,USD,Stripe Demo Store,NG,7.7774,2.0,1.0,0.0,0.0,0.0,1.0,0.0,0.0,1
26.31,GBP,Shopify Merchant,CN,3.3073,3.0,0.0,0.0,0.0,0.0,0.0,0.0,1.0,1
14.83,EUR,Shopify Merchant,NG,2.762,2.0,0.0,0.0,0.0,0.0,1.0,0.45,0.0,1
4599.82,GBP,Spotify,NG,8.434,5.0,1.0,1.0,0.0,1.0,1.0,0.0,0.0,1
17.18,EUR,Amazon,NG,2.9003,4.0,0.0,0.0,0.0,0.0,0.0,0.0,0.0,0
5.11,EUR,Shopify Merchant,NG,1.81,1.0,0.0,0.0,0.0,0.0,1.0,0.0,0.0,0
15.02,GBP,Apple,NG,2.7738,4.0,0.0,0.0,0.0,1.0,1.0,0.45,0.0,0
16.71,EUR,Apple,RU,2.8741,1.0,0.0,0.0,0.0,0.0,1.0,0.0,1.0,1
9.47,GBP,Amazon,NG,2.3483,1.0,0.0,0.0,0.0,0.0,0.0,0.0,0.0,0
2075.13,EUR,Spotify,NG,7.6383,4.0,1.0,0.0,0.0,0.0,1.0,0.0,0.0,1
17.23,GBP,Spotify,DE,2.9033,1.0,0.0,0.0,0.0,1.0,0.0,0.0,1.0,0
1402.83,GBP,Spotify,NG,7.247,1.0,1.0,0.0,0.0,1.0,0.0,0.45,0.0,1
15.99,GBP,Stripe Demo Store,NG,2.8329,2.0,0.0,0.0,0.0,1.0,1.0,0.0,0.0,0
25.75,USD,Shopify Merchant,NG,3.2867,10.0,0.0,0.0,0.0,0.0,1.0,0.0,0.0,1
21.14,GBP,Spotify,NG,3.0975,1.0,0.0,0.0,0.0,0.0,0.0,0.45,0.0,0
12.3,USD,Spotify,US,2.5875,3.0,0.0,0.0,0.0,1.0,0.0,0.0,1.0,0
21.93,EUR,Netflix,NG,3.1325,2.0,0.0,0.0,0.0,1.0,1.0,0.0,0.0,0
19.39,EUR,Apple,RU,3.0148,1.0,0.0,0.0,0.0,0.0,0.0,0.0,1.0,1
9.05,GBP,Shopify Merchant,US,2.3072,3.0,0.0,0.0,0.0,0.0,0.0,0.45,1.0,1
16.41,GBP,Spotify,DE,2.8572,2.0,0.0,0.0,0.0,0.0,0.0,0.0,1.0,0
30.13,GBP,Spotify,RU,3.4382,3.0,0.0,0.0,0.0,0.0,0.0,0.0,1.0,0
29.98,USD,Apple,US,3.4333,3.0,0.0,0.0,0.0,0.0,0.0,1.0,1.0,1
17.1,GBP,Shopify Merchant,US,2.8959,8.0,0.0,0.0,0.0,0.0,1.0,0.0,1.0,1
32.26,USD,Netflix,NG,3.5043,3.0,0.0,0.0,0.0,1.0,0.0,0.0,0.0,1
10.12,EUR,Netflix,NG,2.4083,1.0,0.0,0.0,0.0,0.0,0.0,0.0,0.0,0
10.34,GBP,Amazon,DE,2.4281,3.0,0.0,0.0,0.0,0.0,0.0,0.0,1.0,1
16.85,GBP,Shopify Merchant,NG,2.8818,2.0,0.0,0.0,0.0,0.0,1.0,0.0,0.0,0
57.3,GBP,Apple,NG,4.0656,1.0,0.0,0.0,0.0,1.0,0.0,0.0,0.0,1
22.52,USD,Amazon,CN,3.1577,2.0,0.0,0.0,0.0,0.0,0.0,0.0,1.0,0
16.56,EUR,Amazon,CN,2.8659,3.0,0.0,0.0,0.0,1.0,1.0,0.45,1.0,1
59.2,USD,Netflix,NG,4.0976,1.0,0.0,0.0,0.0,1.0,1.0,0.0,0.0,1
16.43,GBP,Apple,NG,2.8582,1.0,0.0,0.0,0.0,0.0,0.0,0.0,0.0,0
882.75,USD,XXX Test Casino,NG,6.7842,2.0,1.0,0.0,1.0,0.0,0.0,0.45,0.0,1
606.5,USD,Apple,US,6.4094,1.0,1.0,0.0,0.0,0.0,0.0,0.0,1.0,1
9.89,USD,Amazon,RU,2.3881,4.0,0.0,0.0,0.0,0.0,0.0,0.45,1.0,1
17.88,GBP,Netflix,DE,2.938,1.0,0.0,0.0,0.0,0.0,1.0,0.45,1.0,1
16.87,EUR,Netflix,NG,2.8832,3.0,0.0,0.0,0.0,0.0,0.0,0.0,0.0,1
7887.71,GBP,Gambling Anonymous Hub,NG,8.9732,3.0,1.0,1.0,1.0,0.0,1.0,0.45,0.0,1
124.14,EUR,Apple,NG,4.8294,1.0,0.0,0.0,0.0,0.0,1.0,0.0,0.0,1
25.1,USD,Apple,NG,3.2621,2.0,0.0,0.0,0.0,0.0,0.0,0.0,0.0,1
27.8,USD,Netflix,RU,3.3603,1.0,0.0,0.0,0.0,0.0,1.0,0.0,1.0,0
14.54,GBP,Netflix,NG,2.7432,1.0,0.0,0.0,0.0,0.0,0.0,0.0,0.0,0
13.41,GBP,Shopify Merchant,NG,2.6676,2.0,0.0,0.0,0.0,0.0,0.0,0.0,0.0,0
41.18,USD,Apple,NG,3.7419,1.0,0.0,0.0,0.0,1.0,0.0,0.0,0.0,0
6.21,EUR,Spotify,NG,1.9761,3.0,0.0,0.0,0.0,0.0,0.0,0.0,0.0,0
9.02,EUR,Wallet Drain Services,NG,2.3051,2.0,0.0,0.0,1.0,0.0,0.0,0.45,0.0,1
1249.44,EUR,Stripe Demo Store,US,7.1313,1.0,1.0,0.0,0.0,0.0,1.0,0.45,1.0,1
1816.18,USD,Amazon,NG,7.505,1.0,1.0,0.0,0.0,1.0,0.0,0.45,0.0,1
15.45,GBP,Shopify Merchant,NG,2.8005,4.0,0.0,0.0,0.0,1.0,1.0,0.0,0.0,1
26.88,GBP,Netflix,CN,3.3278,1.0,0.0,0.0,0.0,0.0,0.0,0.0,1.0,0
20.48,EUR,Apple,NG,3.0671,3.0,0.0,0.0,0.0,0.0,1.0,0.0,0.0,1
914.52,EUR,Apple,US,6.8195,1.0,1.0,0.0,0.0,0.0,0.0,1.0,1.0,0
6.62,GBP,Apple,NG,2.0313,5.0,0.0,0.0,0.0,0.0,0.0,0.0,0.0,0
33.62,GBP,Spotify,RU,3.5445,1.0,0.0,0.0,0.0,1.0,0.0,1.0,1.0,1
1240.96,EUR,Shopify Merchant,NG,7.1244,2.0,1.0,0.0,0.0,0.0,0.0,0.0,0.0,1
38.38,EUR,Spotify,NG,3.6731,2.0,0.0,0.0,0.0,1.0,0.0,0.45,0.0,1
11.32,GBP,Netflix,NG,2.5112,1.0,0.0,0.0,0.0,0.0,0.0,0.0,0.0,0
20.43,EUR,Shopify Merchant,NG,3.0649,3.0,0.0,0.0,0.0,0.0,1.0,0.0,0.0,0
18.69,GBP,Netflix,CN,2.9804,1.0,0.0,0.0,0.0,0.0,0.0,0.0,1.0,1
9.96,GBP,Shopify Merchant,NG,2.394,1.0,0.0,0.0,0.0,0.0,0.0,0.0,0.0,0
8.2,EUR,XXX Test Casino,NG,2.2188,1.0,0.0,0.0,1.0,0.0,1.0,0.45,0.0,1
6039.03,USD,Netflix,NG,8.7062,2.0,1.0,1.0,0.0,0.0,0.0,0.45,0.0,1
22.0,GBP,XXX Test Casino,NG,3.1354,5.0,0.0,0.0,1.0,0.0,1.0,0.45,0.0,0
1837.66,EUR,Apple,NG,7.5168,1.0,1.0,0.0,0.0,0.0,1.0,1.0,0.0,0
1994.64,EUR,Netflix,RU,7.5987,4.0,1.0,0.0,0.0,0.0,0.0,0.0,1.0,1
5.37,USD,Spotify,US,1.8509,3.0,0.0,0.0,0.0,0.0,1.0,0.0,1.0,0
5265.23,GBP,Shopify Merchant,NG,8.5691,1.0,1.0,1.0,0.0,0.0,0.0,0.0,0.0,1
41.12,GBP,Apple,NG,3.7405,1.0,0.0,0.0,0.0,0.0,1.0,0.0,0.0,0
32.91,USD,Shopify Merchant,RU,3.5236,1.0,0.0,0.0,0.0,0.0,0.0,0.0,1.0,0
18.9,GBP,Spotify,NG,2.9907,1.0,0.0,0.0,0.0,0.0,0.0,0.0,0.0,0
23.82,EUR,Amazon,NG,3.2117,3.0,0.0,0.0,0.0,0.0,1.0,0.0,0.0,1
1360.7,GBP,Amazon,NG,7.2165,2.0,1.0,0.0,0.0,1.0,0.0,0.0,0.0,0
62.62,GBP,Spotify,NG,4.1529,1.0,0.0,0.0,0.0,0.0,0.0,0.0,0.0,0
85.41,GBP,Stripe Demo Store,NG,4.4591,3.0,0.0,0.0,0.0,0.0,1.0,0.0,0.0,0
22.54,GBP,Shopify Merchant,NG,3.1588,1.0,0.0,0.0,0.0,0.0,0.0,0.0,0.0,1
123.16,USD,Shopify Merchant,NG,4.8216,4.0,0.0,0.0,0.0,0.0,0.0,1.0,0.0,1
12.48,EUR,Spotify,RU,2.601,2.0,0.0,0.0,0.0,0.0,1.0,0.0,1.0,1
8.37,USD,Spotify,RU,2.2371,1.0,0.0,0.0,0.0,0.0,0.0,0.0,1.0,0
1353.28,GBP,Apple,CN,7.211,2.0,1.0,0.0,0.0,0.0,1.0,0.45,1.0,0
17.22,GBP,Apple,RU,2.9028,1.0,0.0,0.0,0.0,0.0,1.0,0.45,1.0,0
887.77,EUR,Apple,NG,6.7898,8.0,1.0,0.0,0.0,0.0,1.0,0.0,0.0,1
16.5,USD,Gambling Anonymous Hub,NG,2.862,1.0,0.0,0.0,1.0,0.0,1.0,0.45,0.0,1
11.0,GBP,Wallet Drain Services,CN,2.4852,5.0,0.0,0.0,1.0,0.0,1.0,0.45,1.0,1
10.71,EUR,Netflix,NG,2.4604,8.0,0.0,0.0,0.0,0.0,1.0,1.0,0.0,1
44.61,GBP,Apple,NG,3.8202,2.0,0.0,0.0,0.0,0.0,1.0,1.0,0.0,1
705.15,GBP,Apple,NG,6.5598,3.0,1.0,0.0,0.0,0.0,1.0,0.0,0.0,1
14.3,EUR,Shopify Merchant,NG,2.7278,2.0,0.0,0.0,0.0,0.0,1.0,0.0,0.0,1
5.4,USD,Apple,NG,1.8568,1.0,0.0,0.0,0.0,0.0,0.0,0.0,0.0,0
1398.48,USD,Spotify,CN,7.2439,6.0,1.0,0.0,0.0,0.0,0.0,0.0,1.0,1
67.01,EUR,Stripe Demo Store,DE,4.2197,2.0,0.0,0.0,0.0,0.0,0.0,0.0,1.0,0
32.53,GBP,Gambling Anonymous Hub,NG,3.5124,5.0,0.0,0.0,1.0,1.0,0.0,0.45,0.0,1
2540.69,GBP,Netflix,NG,7.8406,2.0,1.0,1.0,0.0,0.0,0.0,1.0,0.0,1
74.31,GBP,Spotify,CN,4.3216,1.0,0.0,0.0,0.0,0.0,0.0,0.0,1.0,0
726.43,EUR,Spotify,NG,6.5895,1.0,1.0,0.0,0.0,0.0,0.0,0.0,0.0,1
19.59,EUR,Shopify Merchant,NG,3.0246,1.0,0.0,0.0,0.0,0.0,0.0,0.0,0.0,1
508.56,GBP,Stripe Demo Store,NG,6.2336,1.0,1.0,0.0,0.0,1.0,0.0,1.0,0.0,1
13.36,USD,Stripe Demo Store,DE,2.6647,3.0,0.0,0.0,0.0,0.0,0.0,1.0,1.0,1
16.46,GBP,Amazon,DE,2.8598,1.0,0.0,0.0,0.0,0.0,0.0,0.0,1.0,0
7.1,GBP,Netflix,DE,2.0914,6.0,0.0,0.0,0.0,0.0,0.0,0.0,1.0,1
682.78,GBP,Spotify,NG,6.5276,1.0,1.0,0.0,0.0,0.0,0.0,1.0,0.0,1
6.01,GBP,Stripe Demo Store,NG,1.9479,2.0,0.0,0.0,0.0,1.0,0.0,0.0,0.0,0
8841.3,GBP,Apple,NG,9.0873,1.0,1.0,1.0,0.0,0.0,0.0,0.0,0.0,0
6.73,EUR,Gambling Anonymous Hub,NG,2.0455,1.0,0.0,0.0,1.0,0.0,0.0,0.45,0.0,0
78.65,USD,Apple,NG,4.3776,2.0,0.0,0.0,0.0,0.0,0.0,0.0,0.0,1
1869.4,GBP,Netflix,NG,7.5339,1.0,1.0,0.0,0.0,0.0,0.0,0.0,0.0,1
67.77,USD,Stripe Demo Store,NG,4.2308,2.0,0.0,0.0,0.0,0.0,1.0,0.0,0.0,0
15.56,GBP,Shopify Merchant,NG,2.8068,2.0,0.0,0.0,0.0,0.0,0.0,0.0,0.0,0
6.71,GBP,Shopify Merchant,NG,2.0426,1.0,0.0,0.0,0.0,0.0,0.0,0.45,0.0,0
49.34,GBP,Stripe Demo Store,US,3.9187,2.0,0.0,0.0,0.0,0.0,1.0,0.0,1.0,1
53.59,EUR,Stripe Demo Store,NG,3.9998,1.0,0.0,0.0,0.0,0.0,0.0,0.0,0.0,0
10.65,GBP,Netflix,NG,2.4555,1.0,0.0,0.0,0.0,1.0,1.0,0.0,0.0,0
15.92,GBP,Apple,NG,2.8287,3.0,0.0,0.0,0.0,0.0,0.0,0.0,0.0,0
10.65,GBP,Stripe Demo Store,NG,2.4557,1.0,0.0,0.0,0.0,0.0,1.0,0.0,0.0,0
18.46,USD,Wallet Drain Services,CN,2.9684,1.0,0.0,0.0,1.0,0.0,0.0,0.45,1.0,0
21.66,GBP,Apple,NG,3.1206,2.0,0.0,0.0,0.0,0.0,1.0,0.45,0.0,1
15.71,USD,Stripe Demo Store,NG,2.8158,2.0,0.0,0.0,0.0,0.0,0.0,0.0,0.0,1
5.62,GBP,Apple,NG,1.8905,6.0,0.0,0.0,0.0,1.0,0.0,0.0,0.0,1
13.37,EUR,Apple,US,2.6655,4.0,0.0,0.0,0.0,0.0,0.0,0.0,1.0,0
32.87,GBP,Netflix,NG,3.5224,3.0,0.0,0.0,0.0,0.0,0.0,0.0,0.0,0
17.35,USD,Stripe Demo Store,NG,2.9098,2.0,0.0,0.0,0.0,0.0,1.0,0.0,0.0,1
15.97,EUR,Shopify Merchant,NG,2.8315,1.0,0.0,0.0,0.0,0.0,0.0,0.0,0.0,1
1078.57,EUR,Amazon,US,6.9843,1.0,1.0,0.0,0.0,0.0,0.0,0.45,1.0,1
13.1,GBP,Netflix,DE,2.6465,4.0,0.0,0.0,0.0,1.0,0.0,0.45,1.0,1
53.85,USD,Stripe Demo Store,NG,4.0047,1.0,0.0,0.0,0.0,0.0,0.0,0.0,0.0,0
9.04,EUR,Netflix,NG,2.307,1.0,0.0,0.0,0.0,0.0,0.0,1.0,0.0,0
33.27,USD,Netflix,NG,3.5342,2.0,0.0,0.0,0.0,1.0,0.0,1.0,0.0,1
504.35,GBP,Netflix,NG,6.2253,3.0,1.0,0.0,0.0,0.0,0.0,0.0,0.0,1
1984.4,EUR,Amazon,NG,7.5936,2.0,1.0,0.0,0.0,0.0,0.0,1.0,0.0,1
2072.02,USD,Stripe Demo Store,NG,7.6368,1.0,1.0,0.0,0.0,0.0,1.0,0.0,0.0,1
15.7,EUR,Apple,NG,2.8155,5.0,0.0,0.0,0.0,0.0,0.0,0.0,0.0,1
20.01,GBP,Apple,NG,3.0448,1.0,0.0,0.0,0.0,0.0,0.0,0.45,0.0,0
13.95,GBP,Spotify,NG,2.7048,6.0,0.0,0.0,0.0,0.0,0.0,0.0,0.0,1
25.33,EUR,Dark Web Market,NG,3.2707,1.0,0.0,0.0,1.0,0.0,1.0,0.45,0.0,1
27.67,USD,Shopify Merchant,NG,3.3557,6.0,0.0,0.0,0.0,0.0,0.0,0.45,0.0,1
91.92,GBP,Shopify Merchant,NG,4.5317,5.0,0.0,0.0,0.0,1.0,1.0,0.0,0.0,1
24.4,EUR,Amazon,NG,3.2349,1.0,0.0,0.0,0.0,0.0,0.0,0.0,0.0,0
2147.13,USD,Netflix,NG,7.6724,3.0,1.0,0.0,0.0,0.0,1.0,0.0,0.0,1
45.34,EUR,Amazon,NG,3.8359,1.0,0.0,0.0,0.0,1.0,0.0,0.0,0.0,0
17.41,EUR,Stripe Demo Store,NG,2.9131,1.0,0.0,0.0,0.0,0.0,1.0,0.0,0.0,1
1873.5,USD,Netflix,NG,7.5361,1.0,1.0,0.0,0.0,0.0,1.0,0.45,0.0,1
56.24,GBP,Apple,NG,4.0473,2.0,0.0,0.0,0.0,0.0,1.0,0.45,0.0,0
14.1,USD,Shopify Merchant,NG,2.7148,1.0,0.0,0.0,0.0,0.0,0.0,0.0,0.0,1
33.29,EUR,XXX Test Casino,NG,3.5349,2.0,0.0,0.0,1.0,0.0,1.0,0.45,0.0,1
13.25,EUR,Spotify,NG,2.657,8.0,0.0,0.0,0.0,0.0,0.0,0.0,0.0,1
20.12,USD,Apple,NG,3.0504,4.0,0.0,0.0,0.0,1.0,0.0,0.0,0.0,1
32.24,EUR,Netflix,US,3.5037,1.0,0.0,0.0,0.0,0.0,0.0,0.0,1.0,1
43.78,USD,Shopify Merchant,DE,3.8017,2.0,0.0,0.0,0.0,0.0,1.0,0.0,1.0,0
37.59,GBP,Stripe Demo Store,NG,3.6529,1.0,0.0,0.0,0.0,0.0,1.0,0.0,0.0,1
21.17,EUR,Spotify,NG,3.0987,1.0,0.0,0.0,0.0,0.0,0.0,0.0,0.0,0
114.25,EUR,XXX Test Casino,NG,4.7471,5.0,0.0,0.0,1.0,0.0,0.0,0.45,0.0,1
2073.29,EUR,Stripe Demo Store,US,7.6374,10.0,1.0,0.0,0.0,0.0,0.0,0.0,1.0,1
6.52,USD,Wallet Drain Services,NG,2.0176,1.0,0.0,0.0,1.0,0.0,1.0,0.45,0.0,1
7.46,USD,Amazon,NG,2.1355,1.0,0.0,0.0,0.0,0.0,0.0,0.45,0.0,0
56.36,GBP,Stripe Demo Store,NG,4.0494,1.0,0.0,0.0,0.0,0.0,0.0,0.0,0.0,0
1945.85,GBP,Netflix,NG,7.574,1.0,1.0,0.0,0.0,1.0,0.0,0.45,0.0,0
22.45,USD,Spotify,NG,3.1549,1.0,0.0,0.0,0.0,0.0,1.0,0.45,0.0,1
13.74,USD,Stripe Demo Store,DE,2.6905,1.0,0.0,0.0,0.0,0.0,0.0,0.45,1.0,0
14.63,GBP,Apple,NG,2.7492,1.0,0.0,0.0,0.0,0.0,0.0,0.45,0.0,0
11.58,USD,Stripe Demo Store,US,2.5319,1.0,0.0,0.0,0.0,0.0,0.0,0.45,1.0,0
27.93,GBP,Amazon,NG,3.365,4.0,0.0,0.0,0.0,0.0,0.0,0.45,0.0,1
18.76,GBP,Stripe Demo Store,US,2.9838,3.0,0.0,0.0,0.0,1.0,0.0,0.0,1.0,1
566.7,USD,Dark Web Market,NG,6.3416,2.0,1.0,0.0,1.0,0.0,0.0,0.45,0.0,1
25.47,USD,Amazon,NG,3.2761,1.0,0.0,0.0,0.0,0.0,0.0,0.45,0.0,0
14.91,USD,Netflix,NG,2.7668,4.0,0.0,0.0,0.0,0.0,0.0,0.0,0.0,1
7.23,USD,Apple,NG,2.1084,1.0,0.0,0.0,0.0,0.0,0.0,0.0,0.0,0
6.81,USD,Shopify Merchant,NG,2.055,4.0,0.0,0.0,0.0,0.0,0.0,0.0,0.0,0
167.11,GBP,Apple,NG,5.1246,1.0,0.0,0.0,0.0,1.0,0.0,0.0,0.0,0
56.53,USD,Netflix,NG,4.0523,5.0,0.0,0.0,0.0,0.0,0.0,0.45,0.0,0
1148.16,EUR,Stripe Demo Store,NG,7.0468,1.0,1.0,0.0,0.0,0.0,1.0,0.0,0.0,1
2020.71,USD,Stripe Demo Store,NG,7.6117,3.0,1.0,0.0,0.0,1.0,1.0,0.0,0.0,1
741.07,USD,Amazon,NG,6.6094,1.0,1.0,0.0,0.0,0.0,0.0,0.45,0.0,1
11.35,USD,Shopify Merchant,NG,2.5137,3.0,0.0,0.0,0.0,0.0,0.0,0.0,0.0,0
8.02,USD,Amazon,NG,2.1991,2.0,0.0,0.0,0.0,0.0,0.0,0.45,0.0,0
13.3,EUR,Spotify,NG,2.6603,1.0,0.0,0.0,0.0,1.0,1.0,0.0,0.0,1
50.82,EUR,Apple,NG,3.9478,3.0,0.0,0.0,0.0,0.0,0.0,0.0,0.0,1
36.18,GBP,Shopify Merchant,NG,3.6158,1.0,0.0,0.0,0.0,0.0,0.0,0.0,0.0,0
10.19,GBP,Spotify,NG,2.4146,2.0,0.0,0.0,0.0,1.0,1.0,0.0,0.0,0
16.11,USD,Amazon,NG,2.8398,1.0,0.0,0.0,0.0,0.0,0.0,0.45,0.0,0
33.93,USD,Netflix,DE,3.5534,3.0,0.0,0.0,0.0,0.0,1.0,0.0,1.0,1
1522.2,EUR,Apple,NG,7.3286,4.0,1.0,0.0,0.0,0.0,0.0,1.0,0.0,1
21.24,EUR,Netflix,NG,3.1017,2.0,0.0,0.0,0.0,0.0,0.0,0.0,0.0,0
26.61,USD,Stripe Demo Store,NG,3.3182,3.0,0.0,0.0,0.0,0.0,0.0,0.0,0.0,1
26.41,EUR,Netflix,NG,3.3108,5.0,0.0,0.0,0.0,0.0,1.0,0.0,0.0,0
24.0,GBP,Apple,NG,3.2187,2.0,0.0,0.0,0.0,0.0,0.0,0.0,0.0,1
2269.73,USD,Netflix,RU,7.7279,1.0,1.0,0.0,0.0,0.0,0.0,0.0,1.0,1
13.66,GBP,Stripe Demo Store,NG,2.685,2.0,0.0,0.0,0.0,1.0,0.0,0.0,0.0,0
877.15,GBP,Shopify Merchant,NG,6.7778,1.0,1.0,0.0,0.0,0.0,0.0,0.0,0.0,1
1678.25,EUR,Amazon,NG,7.4261,2.0,1.0,0.0,0.0,0.0,1.0,0.0,0.0,1
18.54,USD,Spotify,NG,2.9722,1.0,0.0,0.0,0.0,0.0,0.0,0.45,0.0,1
35.57,GBP,Stripe Demo Store,NG,3.5991,3.0,0.0,0.0,0.0,0.0,0.0,0.0,0.0,0
7.64,USD,Netflix,RU,2.1568,2.0,0.0,0.0,0.0,0.0,1.0,0.0,1.0,1
24.31,GBP,Shopify Merchant,NG,3.2314,2.0,0.0,0.0,0.0,0.0,0.0,0.0,0.0,1
34.79,GBP,Stripe Demo Store,NG,3.5776,1.0,0.0,0.0,0.0,0.0,1.0,1.0,0.0,0
4743.97,EUR,Wallet Drain Services,CN,8.4648,1.0,1.0,1.0,1.0,0.0,1.0,0.45,1.0,1
16.62,USD,Stripe Demo Store,NG,2.869,3.0,0.0,0.0,0.0,0.0,1.0,0.0,0.0,1
721.02,USD,Spotify,RU,6.5821,2.0,1.0,0.0,0.0,0.0,0.0,0.0,1.0,1
29.56,EUR,Apple,NG,3.4196,5.0,0.0,0.0,0.0,0.0,0.0,1.0,0.0,1
3212.0,GBP,Apple,NG,8.075,2.0,1.0,1.0,0.0,0.0,1.0,0.0,0.0,1
31.84,GBP,Dark Web Market,NG,3.4918,1.0,0.0,0.0,1.0,0.0,0.0,0.45,0.0,0
11.9,GBP,Amazon,DE,2.5573,2.0,0.0,0.0,0.0,0.0,0.0,0.0,1.0,1
32.59,GBP,Amazon,NG,3.5141,3.0,0.0,0.0,0.0,0.0,0.0,0.45,0.0,0
12.39,GBP,Netflix,NG,2.5946,1.0,0.0,0.0,0.0,0.0,1.0,0.0,0.0,1
513.33,USD,Netflix,DE,6.2429,2.0,1.0,0.0,0.0,0.0,1.0,0.0,1.0,1
13.79,EUR,Stripe Demo Store,NG,2.6937,1.0,0.0,0.0,0.0,1.0,0.0,1.0,0.0,0
20.13,EUR,Netflix,NG,3.0507,1.0,0.0,0.0,0.0,0.0,0.0,0.0,0.0,1
13.5,USD,Netflix,NG,2.6743,1.0,0.0,0.0,0.0,0.0,0.0,0.0,0.0,0
17.18,EUR,Stripe Demo Store,US,2.9001,2.0,0.0,0.0,0.0,0.0,1.0,1.0,1.0,1
8.82,EUR,Stripe Demo Store,NG,2.2845,3.0,0.0,0.0,0.0,0.0,0.0,0.0,0.0,1
28.32,GBP,Stripe Demo Store,CN,3.3782,1.0,0.0,0.0,0.0,0.0,1.0,0.45,1.0,1
22.71,EUR,Amazon,US,3.1658,3.0,0.0,0.0,0.0,0.0,0.0,0.0,1.0,0
6.48,EUR,Netflix,NG,2.012,3.0,0.0,0.0,0.0,1.0,1.0,0.0,0.0,0
40.25,EUR,Amazon,NG,3.7196,1.0,0.0,0.0,0.0,1.0,0.0,0.0,0.0,1
7548.72,USD,Apple,NG,8.9293,1.0,1.0,1.0,0.0,0.0,0.0,0.45,0.0,1
22.49,USD,XXX Test Casino,NG,3.1567,1.0,0.0,0.0,1.0,1.0,1.0,0.45,0.0,1
34.3,EUR,Shopify Merchant,NG,3.5639,1.0,0.0,0.0,0.0,0.0,1.0,0.0,0.0,0
25.27,GBP,Amazon,NG,3.2686,6.0,0.0,0.0,0.0,0.0,1.0,0.0,0.0,0
45.41,EUR,Amazon,NG,3.8374,3.0,0.0,0.0,0.0,0.0,0.0,0.0,0.0,1
16.36,GBP,Anonymous Crypto Mix,NG,2.854,1.0,0.0,0.0,1.0,1.0,0.0,0.45,0.0,1
41.43,GBP,Netflix,NG,3.7479,2.0,0.0,0.0,0.0,0.0,0.0,0.0,0.0,1
21.89,GBP,Shopify Merchant,NG,3.1307,1.0,0.0,0.0,0.0,0.0,1.0,0.0,0.0,1
28.66,GBP,Amazon,NG,3.3896,1.0,0.0,0.0,0.0,0.0,0.0,0.0,0.0,1
26.64,GBP,Amazon,NG,3.3194,1.0,0.0,0.0,0.0,0.0,0.0,0.0,0.0,1
3837.67,EUR,Anonymous Crypto Mix,NG,8.2529,1.0,1.0,1.0,1.0,0.0,1.0,1.0,0.0,1
33.28,GBP,Amazon,NG,3.5346,1.0,0.0,0.0,0.0,0.0,1.0,0.45,0.0,0
14.73,GBP,Stripe Demo Store,CN,2.7556,1.0,0.0,0.0,0.0,0.0,1.0,1.0,1.0,0
12.82,USD,Spotify,NG,2.6262,1.0,0.0,0.0,0.0,0.0,0.0,0.45,0.0,0
19.4,USD,Amazon,NG,3.0154,2.0,0.0,0.0,0.0,0.0,1.0,1.0,0.0,1
11.8,GBP,Apple,NG,2.5493,2.0,0.0,0.0,0.0,0.0,1.0,0.0,0.0,1
9.62,GBP,Shopify Merchant,NG,2.3624,1.0,0.0,0.0,0.0,0.0,1.0,0.0,0.0,0
5.0,GBP,Shopify Merchant,DE,1.7918,2.0,0.0,0.0,0.0,0.0,0.0,0.0,1.0,1
6.79,GBP,Netflix,NG,2.0529,1.0,0.0,0.0,0.0,0.0,0.0,0.0,0.0,0
80.62,EUR,Shopify Merchant,NG,4.4021,6.0,0.0,0.0,0.0,1.0,0.0,0.45,0.0,1
3562.4,EUR,Spotify,NG,8.1785,1.0,1.0,1.0,0.0,0.0,0.0,0.0,0.0,1
76.13,EUR,Spotify,NG,4.3455,2.0,0.0,0.0,0.0,0.0,0.0,1.0,0.0,1
1393.19,EUR,Apple,NG,7.2401,1.0,1.0,0.0,0.0,1.0,0.0,0.0,0.0,0
19.4,USD,Amazon,RU,3.0154,1.0,0.0,0.0,0.0,0.0,0.0,0.0,1.0,0
3270.16,EUR,Spotify,US,8.0929,2.0,1.0,1.0,0.0,0.0,0.0,0.0,1.0,1
20.15,USD,Spotify,NG,3.0517,3.0,0.0,0.0,0.0,0.0,1.0,0.0,0.0,1
75.53,USD,Apple,NG,4.3377,8.0,0.0,0.0,0.0,0.0,0.0,0.45,0.0,0
945.74,EUR,Shopify Merchant,NG,6.853,2.0,1.0,0.0,0.0,1.0,0.0,0.0,0.0,1
24.34,EUR,Stripe Demo Store,NG,3.2322,1.0,0.0,0.0,0.0,0.0,0.0,0.0,0.0,0
8.99,EUR,Amazon,CN,2.3014,3.0,0.0,0.0,0.0,0.0,0.0,0.0,1.0,0
8537.27,EUR,Stripe Demo Store,NG,9.0523,1.0,1.0,1.0,0.0,0.0,0.0,0.0,0.0,1
11.06,GBP,Apple,NG,2.4898,2.0,0.0,0.0,0.0,0.0,0.0,0.45,0.0,0
49.14,GBP,Spotify,US,3.9149,4.0,0.0,0.0,0.0,0.0,0.0,0.0,1.0,1
62.94,USD,Shopify Merchant,CN,4.158,1.0,0.0,0.0,0.0,0.0,0.0,0.45,1.0,0
1012.76,USD,Spotify,NG,6.9214,2.0,1.0,0.0,0.0,0.0,1.0,0.0,0.0,1
851.38,USD,Spotify,NG,6.748,1.0,1.0,0.0,0.0,0.0,0.0,0.0,0.0,1
59.39,USD,Stripe Demo Store,NG,4.1008,1.0,0.0,0.0,0.0,0.0,0.0,0.0,0.0,0
10.12,USD,Netflix,US,2.4092,8.0,0.0,0.0,0.0,1.0,1.0,0.0,1.0,1
20.83,GBP,Wallet Drain Services,NG,3.0832,1.0,0.0,0.0,1.0,0.0,1.0,0.45,0.0,0
27.77,GBP,Shopify Merchant,US,3.3594,1.0,0.0,0.0,0.0,0.0,1.0,0.0,1.0,1
2359.0,EUR,Netflix,NG,7.7664,2.0,1.0,0.0,0.0,0.0,1.0,1.0,0.0,1
12.87,USD,Apple,NG,2.6297,1.0,0.0,0.0,0.0,0.0,0.0,1.0,0.0,0
12.19,GBP,Amazon,NG,2.5792,1.0,0.0,0.0,0.0,0.0,0.0,0.0,0.0,0
54.15,EUR,Amazon,NG,4.01,1.0,0.0,0.0,0.0,1.0,0.0,0.45,0.0,1
76.71,USD,Shopify Merchant,NG,4.353,2.0,0.0,0.0,0.0,0.0,1.0,1.0,0.0,1
518.92,EUR,Stripe Demo Store,NG,6.2537,1.0,1.0,0.0,0.0,0.0,1.0,0.0,0.0,1
16.65,EUR,Spotify,NG,2.8706,3.0,0.0,0.0,0.0,1.0,1.0,0.0,0.0,0
13.2,EUR,Wallet Drain Services,DE,2.6531,1.0,0.0,0.0,1.0,0.0,1.0,0.45,1.0,1
500.38,EUR,Amazon,NG,6.2174,6.0,1.0,0.0,0.0,0.0,0.0,0.0,0.0,1
5968.66,USD,Netflix,NG,8.6944,1.0,1.0,1.0,0.0,0.0,1.0,0.45,0.0,1
18.77,USD,Netflix,NG,2.984,1.0,0.0,0.0,0.0,0.0,0.0,0.0,0.0,0
5183.0,GBP,Dark Web Market,DE,8.5533,6.0,1.0,1.0,1.0,0.0,0.0,0.45,1.0,1
15.12,GBP,Shopify Merchant,NG,2.7803,4.0,0.0,0.0,0.0,0.0,1.0,0.45,0.0,1
1244.33,EUR,Netflix,NG,7.1272,1.0,1.0,0.0,0.0,0.0,0.0,0.45,0.0,1
17.64,GBP,Amazon,NG,2.9253,1.0,0.0,0.0,0.0,0.0,0.0,0.0,0.0,0
16.08,USD,Spotify,NG,2.838,4.0,0.0,0.0,0.0,0.0,0.0,0.0,0.0,0
14.75,USD,Spotify,NG,2.7566,1.0,0.0,0.0,0.0,1.0,0.0,0.0,0.0,0
34.24,USD,Amazon,NG,3.5623,1.0,0.0,0.0,0.0,0.0,0.0,0.0,0.0,0
5.82,GBP,Stripe Demo Store,NG,1.9192,2.0,0.0,0.0,0.0,0.0,1.0,0.0,0.0,1
60.46,GBP,Netflix,NG,4.1184,4.0,0.0,0.0,0.0,1.0,0.0,0.45,0.0,1
22.08,GBP,Apple,NG,3.1392,2.0,0.0,0.0,0.0,0.0,0.0,0.0,0.0,0
30.78,EUR,Netflix,NG,3.459,2.0,0.0,0.0,0.0,1.0,0.0,0.0,0.0,0
33.37,GBP,Amazon,NG,3.5371,6.0,0.0,0.0,0.0,0.0,0.0,1.0,0.0,1
12.24,EUR,Amazon,NG,2.5829,1.0,0.0,0.0,0.0,0.0,0.0,1.0,0.0,1
1602.81,GBP,Shopify Merchant,CN,7.3801,3.0,1.0,0.0,0.0,1.0,1.0,0.0,1.0,1
6476.43,GBP,Anonymous Crypto Mix,NG,8.7761,1.0,1.0,1.0,1.0,1.0,1.0,0.45,0.0,1
16.9,GBP,Spotify,NG,2.8846,3.0,0.0,0.0,0.0,0.0,1.0,0.0,0.0,0
32.77,GBP,Amazon,NG,3.5195,2.0,0.0,0.0,0.0,1.0,0.0,0.0,0.0,0
13.35,USD,Stripe Demo Store,NG,2.6636,1.0,0.0,0.0,0.0,0.0,1.0,0.0,0.0,1
30.74,GBP,Stripe Demo Store,DE,3.4576,2.0,0.0,0.0,0.0,1.0,0.0,0.0,1.0,1
906.88,USD,Netflix,RU,6.8111,4.0,1.0,0.0,0.0,0.0,0.0,0.0,1.0,0
15.33,USD,Stripe Demo Store,NG,2.7933,2.0,0.0,0.0,0.0,0.0,0.0,0.0,0.0,1
45.47,GBP,Apple,NG,3.8388,1.0,0.0,0.0,0.0,1.0,1.0,0.45,0.0,0
17.82,EUR,Spotify,NG,2.9349,1.0,0.0,0.0,0.0,0.0,0.0,0.0,0.0,0
11.24,GBP,XXX Test Casino,NG,2.5048,2.0,0.0,0.0,1.0,0.0,1.0,0.45,0.0,0
841.39,EUR,Apple,NG,6.7362,2.0,1.0,0.0,0.0,0.0,0.0,0.0,0.0,1
5.0,EUR,Shopify Merchant,NG,1.7918,1.0,0.0,0.0,0.0,1.0,1.0,0.0,0.0,0
9.89,GBP,Amazon,NG,2.388,1.0,0.0,0.0,0.0,1.0,0.0,0.0,0.0,0
42.1,EUR,Shopify Merchant,NG,3.7635,3.0,0.0,0.0,0.0,0.0,0.0,0.0,0.0,1
6872.18,EUR,Apple,NG,8.8354,1.0,1.0,1.0,0.0,0.0,1.0,0.0,0.0,1
14.51,EUR,Stripe Demo Store,NG,2.7415,1.0,0.0,0.0,0.0,1.0,0.0,0.0,0.0,1
1922.96,EUR,Netflix,NG,7.5621,1.0,1.0,0.0,0.0,0.0,0.0,0.0,0.0,1
892.83,USD,Apple,NG,6.7955,2.0,1.0,0.0,0.0,0.0,0.0,0.0,0.0,1
46.2,EUR,Spotify,NG,3.8544,6.0,0.0,0.0,0.0,0.0,0.0,0.45,0.0,0
1771.44,USD,Apple,CN,7.4801,2.0,1.0,0.0,0.0,1.0,1.0,1.0,1.0,1
8.1,GBP,XXX Test Casino,DE,2.2082,1.0,0.0,0.0,1.0,0.0,0.0,0.45,1.0,1
12.92,GBP,Stripe Demo Store,NG,2.6332,4.0,0.0,0.0,0.0,0.0,1.0,0.0,0.0,1
19.68,EUR,Apple,US,3.0291,1.0,0.0,0.0,0.0,1.0,0.0,0.0,1.0,1
8.69,USD,Netflix,NG,2.2716,6.0,0.0,0.0,0.0,0.0,0.0,1.0,0.0,1
5.0,GBP,Spotify,NG,1.7918,1.0,0.0,0.0,0.0,0.0,1.0,0.0,0.0,1
17.97,GBP,Netflix,CN,2.9427,5.0,0.0,0.0,0.0,1.0,0.0,0.0,1.0,1
29.99,EUR,Spotify,NG,3.4336,4.0,0.0,0.0,0.0,0.0,1.0,0.0,0.0,1
30.4,EUR,Apple,NG,3.4467,4.0,0.0,0.0,0.0,0.0,0.0,0.0,0.0,1
37.06,GBP,Netflix,NG,3.6393,1.0,0.0,0.0,0.0,1.0,0.0,0.0,0.0,1
6.77,USD,Gambling Anonymous Hub,NG,2.0503,4.0,0.0,0.0,1.0,1.0,0.0,0.45,0.0,0
20.92,GBP,Shopify Merchant,NG,3.0872,3.0,0.0,0.0,0.0,0.0,1.0,0.45,0.0,1
3402.97,EUR,Anonymous Crypto Mix,NG,8.1327,1.0,1.0,1.0,1.0,0.0,0.0,0.45,0.0,1
7449.99,USD,Apple,NG,8.9161,2.0,1.0,1.0,0.0,0.0,1.0,0.45,0.0,1
17.32,EUR,Spotify,NG,2.9079,2.0,0.0,0.0,0.0,1.0,0.0,0.0,0.0,1
12.65,USD,Amazon,NG,2.6138,6.0,0.0,0.0,0.0,0.0,0.0,0.0,0.0,0
5.0,EUR,Spotify,NG,1.7918,3.0,0.0,0.0,0.0,0.0,0.0,0.45,0.0,0
1837.62,GBP,Anonymous Crypto Mix,NG,7.5168,1.0,1.0,0.0,1.0,1.0,1.0,0.45,0.0,1
25.3,EUR,Apple,CN,3.2698,2.0,0.0,0.0,0.0,0.0,0.0,0.0,1.0,0
1383.31,EUR,Apple,NG,7.233,1.0,1.0,0.0,0.0,0.0,0.0,0.0,0.0,1
27.97,USD,Gambling Anonymous Hub,NG,3.3663,1.0,0.0,0.0,1.0,0.0,0.0,0.45,0.0,0
14.69,USD,Shopify Merchant,NG,2.7528,3.0,0.0,0.0,0.0,0.0,1.0,0.45,0.0,1
14.98,USD,Apple,NG,2.7713,2.0,0.0,0.0,0.0,0.0,0.0,1.0,0.0,0
11.73,EUR,Stripe Demo Store,NG,2.5439,3.0,0.0,0.0,0.0,0.0,1.0,0.0,0.0,1
814.01,GBP,Apple,NG,6.7032,2.0,1.0,0.0,0.0,0.0,1.0,0.0,0.0,1
11.47,EUR,Amazon,US,2.5237,1.0,0.0,0.0,0.0,0.0,1.0,0.45,1.0,1
9.32,USD,Apple,NG,2.3341,3.0,0.0,0.0,0.0,1.0,0.0,0.0,0.0,1
44.35,USD,Shopify Merchant,NG,3.8145,1.0,0.0,0.0,0.0,0.0,0.0,0.0,0.0,0
17.72,USD,Shopify Merchant,NG,2.9297,8.0,0.0,0.0,0.0,0.0,0.0,0.45,0.0,1
18.12,GBP,Apple,CN,2.9505,6.0,0.0,0.0,0.0,0.0,1.0,0.0,1.0,1
32.61,USD,Stripe Demo Store,NG,3.5149,4.0,0.0,0.0,0.0,0.0,1.0,0.0,0.0,0
12.59,USD,Stripe Demo Store,NG,2.6091,4.0,0.0,0.0,0.0,0.0,0.0,0.0,0.0,0
14.47,EUR,Stripe Demo Store,NG,2.7391,2.0,0.0,0.0,0.0,0.0,0.0,0.0,0.0,0
24.88,EUR,Stripe Demo Store,NG,3.2534,2.0,0.0,0.0,0.0,0.0,0.0,0.45,0.0,0
6.83,GBP,Stripe Demo Store,NG,2.0577,4.0,0.0,0.0,0.0,0.0,0.0,0.45,0.0,0
23.45,GBP,Stripe Demo Store,NG,3.1965,1.0,0.0,0.0,0.0,0.0,0.0,0.45,0.0,0
11.83,USD,Spotify,NG,2.5521,4.0,0.0,0.0,0.0,0.0,1.0,1.0,0.0,1
1677.81,GBP,Apple,RU,7.4258,1.0,1.0,0.0,0.0,1.0,0.0,0.0,1.0,1
29.45,EUR,Stripe Demo Store,NG,3.4161,4.0,0.0,0.0,0.0,0.0,0.0,0.45,0.0,0
26.85,USD,Apple,NG,3.3268,2.0,0.0,0.0,0.0,0.0,1.0,0.0,0.0,0
2356.11,EUR,Amazon,NG,7.7652,4.0,1.0,0.0,0.0,0.0,1.0,0.45,0.0,1
18.68,USD,Spotify,NG,2.9798,2.0,0.0,0.0,0.0,0.0,0.0,0.0,0.0,1
8.81,EUR,Netflix,NG,2.2834,2.0,0.0,0.0,0.0,1.0,1.0,1.0,0.0,1
19.57,USD,Netflix,NG,3.024,5.0,0.0,0.0,0.0,0.0,0.0,0.45,0.0,1
5.0,GBP,Netflix,NG,1.7918,1.0,0.0,0.0,0.0,0.0,0.0,0.0,0.0,0
6.83,USD,Spotify,DE,2.058,1.0,0.0,0.0,0.0,0.0,0.0,0.0,1.0,0
2348.89,GBP,Amazon,CN,7.7621,1.0,1.0,0.0,0.0,0.0,1.0,0.0,1.0,1
6744.71,USD,Wallet Drain Services,CN,8.8167,2.0,1.0,1.0,1.0,0.0,1.0,0.45,1.0,1
15.68,USD,Shopify Merchant,NG,2.8142,2.0,0.0,0.0,0.0,0.0,0.0,0.0,0.0,0
10.63,GBP,Apple,CN,2.4538,2.0,0.0,0.0,0.0,1.0,0.0,0.0,1.0,0
1578.88,EUR,Spotify,RU,7.3651,1.0,1.0,0.0,0.0,0.0,1.0,0.45,1.0,1
23.11,USD,Shopify Merchant,NG,3.1825,1.0,0.0,0.0,0.0,0.0,1.0,0.0,0.0,0
15.79,EUR,Stripe Demo Store,NG,2.8209,5.0,0.0,0.0,0.0,0.0,1.0,0.0,0.0,1
59.3,USD,Shopify Merchant,CN,4.0994,2.0,0.0,0.0,0.0,0.0,0.0,0.0,1.0,0
17.65,GBP,Spotify,RU,2.9258,1.0,0.0,0.0,0.0,0.0,1.0,0.0,1.0,1
20.93,EUR,Apple,CN,3.0878,1.0,0.0,0.0,0.0,1.0,0.0,0.0,1.0,0
7.6,USD,Shopify Merchant,CN,2.1517,1.0,0.0,0.0,0.0,0.0,1.0,0.0,1.0,0
15.6,USD,Stripe Demo Store,NG,2.8096,3.0,0.0,0.0,0.0,0.0,0.0,0.45,0.0,0
22.73,GBP,Shopify Merchant,NG,3.1669,3.0,0.0,0.0,0.0,0.0,0.0,0.0,0.0,1
6776.64,USD,Wallet Drain Services,NG,8.8214,2.0,1.0,1.0,1.0,0.0,0.0,0.45,0.0,1
14.3,GBP,Spotify,NG,2.7277,2.0,0.0,0.0,0.0,0.0,1.0,0.0,0.0,1
25.25,EUR,Apple,NG,3.2677,4.0,0.0,0.0,0.0,0.0,0.0,1.0,0.0,1
58.0,GBP,Spotify,NG,4.0775,1.0,0.0,0.0,0.0,0.0,0.0,0.0,0.0,0
22.23,EUR,Amazon,NG,3.1455,1.0,0.0,0.0,0.0,0.0,0.0,0.0,0.0,0
6531.14,EUR,Stripe Demo Store,NG,8.7845,1.0,1.0,1.0,0.0,1.0,0.0,0.0,0.0,0
890.95,EUR,Netflix,NG,6.7934,8.0,1.0,0.0,0.0,0.0,0.0,0.0,0.0,1
42.91,USD,Amazon,RU,3.7821,2.0,0.0,0.0,0.0,0.0,0.0,0.0,1.0,1
13.11,EUR,Netflix,NG,2.6467,2.0,0.0,0.0,0.0,0.0,0.0,0.0,0.0,1
17.38,USD,Netflix,NG,2.9111,3.0,0.0,0.0,0.0,0.0,0.0,0.0,0.0,1
17.43,EUR,Apple,DE,2.9139,1.0,0.0,0.0,0.0,0.0,0.0,0.0,1.0,1
29.44,EUR,Netflix,CN,3.4158,1.0,0.0,0.0,0.0,0.0,0.0,0.0,1.0,1
34.98,GBP,Spotify,NG,3.5829,2.0,0.0,0.0,0.0,0.0,0.0,0.0,0.0,0
21.92,USD,Shopify Merchant,NG,3.1321,8.0,0.0,0.0,0.0,0.0,1.0,0.0,0.0,1
37.1,GBP,Spotify,NG,3.6403,1.0,0.0,0.0,0.0,0.0,0.0,0.0,0.0,1
13.54,EUR,Wallet Drain Services,NG,2.6769,2.0,0.0,0.0,1.0,1.0,0.0,0.45,0.0,1
37.33,EUR,Spotify,NG,3.6462,5.0,0.0,0.0,0.0,0.0,1.0,0.0,0.0,1
40.9,GBP,Shopify Merchant,NG,3.7352,3.0,0.0,0.0,0.0,0.0,0.0,0.0,0.0,1
32.27,GBP,XXX Test Casino,NG,3.5048,2.0,0.0,0.0,1.0,0.0,0.0,0.45,0.0,1
22.06,EUR,Amazon,NG,3.1382,1.0,0.0,0.0,0.0,0.0,0.0,0.45,0.0,0
33.09,USD,Amazon,CN,3.5291,1.0,0.0,0.0,0.0,0.0,0.0,0.0,1.0,0
10.74,GBP,Stripe Demo Store,NG,2.4632,1.0,0.0,0.0,0.0,0.0,0.0,0.0,0.0,0
23.08,GBP,Stripe Demo Store,CN,3.1813,1.0,0.0,0.0,0.0,1.0,0.0,0.0,1.0,1
1978.77,USD,Stripe Demo Store,NG,7.5907,3.0,1.0,0.0,0.0,0.0,1.0,0.0,0.0,1
2369.07,GBP,Amazon,RU,7.7707,3.0,1.0,0.0,0.0,0.0,0.0,0.0,1.0,1
28.0,USD,Netflix,US,3.3673,4.0,0.0,0.0,0.0,0.0,0.0,0.0,1.0,1
8.38,GBP,Apple,NG,2.2386,1.0,0.0,0.0,0.0,0.0,1.0,0.45,0.0,1
14.89,USD,Netflix,NG,2.7655,1.0,0.0,0.0,0.0,0.0,0.0,0.0,0.0,0
20.65,GBP,Gambling Anonymous Hub,NG,3.0751,3.0,0.0,0.0,1.0,1.0,1.0,0.45,0.0,1
12.04,GBP,XXX Test Casino,US,2.5683,1.0,0.0,0.0,1.0,0.0,1.0,0.45,1.0,1
21.28,USD,Amazon,NG,3.1037,1.0,0.0,0.0,0.0,0.0,0.0,0.45,0.0,0
21.04,GBP,Netflix,NG,3.093,1.0,0.0,0.0,0.0,0.0,0.0,0.0,0.0,1
11.31,USD,Amazon,NG,2.5106,1.0,0.0,0.0,0.0,0.0,0.0,0.0,0.0,1
29.89,USD,Wallet Drain Services,CN,3.4305,1.0,0.0,0.0,1.0,0.0,1.0,0.45,1.0,0
11.76,EUR,Spotify,DE,2.5467,1.0,0.0,0.0,0.0,0.0,0.0,0.0,1.0,0
99.64,EUR,Stripe Demo Store,NG,4.6116,4.0,0.0,0.0,0.0,0.0,0.0,0.0,0.0,1
18.6,EUR,Spotify,NG,2.9757,1.0,0.0,0.0,0.0,0.0,0.0,0.0,0.0,0
8.85,USD,Spotify,RU,2.2872,2.0,0.0,0.0,0.0,1.0,0.0,0.0,1.0,1
10.08,GBP,Stripe Demo Store,NG,2.4055,2.0,0.0,0.0,0.0,0.0,0.0,0.45,0.0,0
44.85,EUR,Shopify Merchant,NG,3.8254,2.0,0.0,0.0,0.0,0.0,0.0,0.0,0.0,0
15.08,EUR,Anonymous Crypto Mix,RU,2.7778,2.0,0.0,0.0,1.0,0.0,0.0,0.45,1.0,1
7.73,GBP,XXX Test Casino,CN,2.167,1.0,0.0,0.0,1.0,0.0,1.0,0.45,1.0,1
612.21,USD,Spotify,NG,6.4187,1.0,1.0,0.0,0.0,0.0,0.0,0.0,0.0,1
15.02,EUR,Spotify,NG,2.7736,2.0,0.0,0.0,0.0,0.0,0.0,0.0,0.0,1
31.73,EUR,Spotify,RU,3.4884,6.0,0.0,0.0,0.0,0.0,0.0,0.0,1.0,1
38.66,USD,Spotify,US,3.6804,1.0,0.0,0.0,0.0,0.0,1.0,0.45,1.0,0
1987.98,USD,Spotify,NG,7.5954,2.0,1.0,0.0,0.0,0.0,1.0,0.0,0.0,1
1667.94,GBP,Netflix,NG,7.4199,8.0,1.0,0.0,0.0,0.0,0.0,0.0,0.0,1
1874.64,GBP,Amazon,NG,7.5367,3.0,1.0,0.0,0.0,0.0,0.0,0.0,0.0,1
11.33,GBP,Shopify Merchant,RU,2.512,3.0,0.0,0.0,0.0,0.0,0.0,0.0,1.0,0
16.79,EUR,Netflix,NG,2.8787,2.0,0.0,0.0,0.0,1.0,1.0,0.0,0.0,1
97.79,USD,Shopify Merchant,NG,4.593,5.0,0.0,0.0,0.0,0.0,1.0,0.45,0.0,1
70.71,USD,Spotify,NG,4.2726,2.0,0.0,0.0,0.0,0.0,0.0,0.0,0.0,1
49.51,USD,Spotify,RU,3.9221,2.0,0.0,0.0,0.0,1.0,0.0,0.0,1.0,1
11.52,EUR,Amazon,NG,2.5274,3.0,0.0,0.0,0.0,0.0,0.0,0.0,0.0,1
12.5,GBP,Spotify,NG,2.6027,1.0,0.0,0.0,0.0,1.0,0.0,0.45,0.0,0
660.63,GBP,Stripe Demo Store,NG,6.4947,6.0,1.0,0.0,0.0,1.0,0.0,1.0,0.0,1
11.61,GBP,Spotify,NG,2.5342,8.0,0.0,0.0,0.0,0.0,1.0,0.45,0.0,1
57.11,GBP,Netflix,NG,4.0623,2.0,0.0,0.0,0.0,1.0,0.0,0.0,0.0,1
16.93,EUR,Netflix,NG,2.8867,1.0,0.0,0.0,0.0,1.0,1.0,0.0,0.0,0
545.3,EUR,Shopify Merchant,NG,6.3032,3.0,1.0,0.0,0.0,0.0,0.0,0.45,0.0,1
1070.39,EUR,Shopify Merchant,NG,6.9767,1.0,1.0,0.0,0.0,0.0,0.0,0.45,0.0,1
6.27,GBP,Amazon,NG,1.9835,2.0,0.0,0.0,0.0,0.0,0.0,0.0,0.0,0
4963.05,GBP,Spotify,NG,8.51,1.0,1.0,1.0,0.0,0.0,0.0,0.45,0.0,1
957.7,EUR,Netflix,CN,6.8656,3.0,1.0,0.0,0.0,0.0,0.0,0.45,1.0,1
1266.55,USD,XXX Test Casino,NG,7.1448,6.0,1.0,0.0,1.0,0.0,1.0,1.0,0.0,1
1072.54,EUR,Amazon,NG,6.9787,1.0,1.0,0.0,0.0,0.0,0.0,0.45,0.0,0
12.85,EUR,Netflix,NG,2.6283,3.0,0.0,0.0,0.0,0.0,0.0,0.45,0.0,0
1705.49,EUR,Shopify Merchant,NG,7.4422,4.0,1.0,0.0,0.0,1.0,1.0,1.0,0.0,1
23.45,EUR,Amazon,NG,3.1966,1.0,0.0,0.0,0.0,0.0,1.0,0.0,0.0,0
17.22,GBP,Apple,NG,2.9026,1.0,0.0,0.0,0.0,0.0,1.0,0.0,0.0,1
26.04,GBP,Apple,RU,3.2972,1.0,0.0,0.0,0.0,0.0,0.0,0.45,1.0,1
1786.99,USD,XXX Test Casino,NG,7.4888,4.0,1.0,0.0,1.0,0.0,1.0,0.45,0.0,1
8582.75,GBP,Shopify Merchant,NG,9.0576,2.0,1.0,1.0,0.0,0.0,1.0,1.0,0.0,1
17.39,EUR,Netflix,NG,2.9116,1.0,0.0,0.0,0.0,0.0,0.0,0.0,0.0,0
3837.13,EUR,Gambling Anonymous Hub,NG,8.2527,1.0,1.0,1.0,1.0,0.0,1.0,0.45,0.0,1
11.52,USD,Spotify,US,2.5269,2.0,0.0,0.0,0.0,0.0,0.0,0.0,1.0,1
16.96,GBP,Spotify,NG,2.8883,1.0,0.0,0.0,0.0,0.0,0.0,0.0,0.0,1
74.4,EUR,Apple,CN,4.3228,2.0,0.0,0.0,0.0,1.0,0.0,0.0,1.0,0
993.24,USD,Shopify Merchant,NG,6.902,1.0,1.0,0.0,0.0,0.0,0.0,0.0,0.0,0
9.02,EUR,Shopify Merchant,NG,2.3041,3.0,0.0,0.0,0.0,0.0,1.0,0.0,0.0,1
38.21,EUR,Apple,NG,3.669,3.0,0.0,0.0,0.0,1.0,0.0,0.45,0.0,1
14.43,USD,Stripe Demo Store,CN,2.7366,4.0,0.0,0.0,0.0,0.0,0.0,0.0,1.0,1
24.5,GBP,Amazon,NG,3.2386,1.0,0.0,0.0,0.0,0.0,0.0,0.0,0.0,0
13.14,EUR,Netflix,CN,2.6494,2.0,0.0,0.0,0.0,0.0,1.0,0.0,1.0,0
971.42,USD,Stripe Demo Store,NG,6.8798,3.0,1.0,0.0,0.0,0.0,0.0,0.45,0.0,1
13.28,GBP,Amazon,NG,2.6591,2.0,0.0,0.0,0.0,0.0,1.0,0.0,0.0,0
1441.79,EUR,XXX Test Casino,NG,7.2743,1.0,1.0,0.0,1.0,1.0,1.0,0.45,0.0,1
9.64,USD,Stripe Demo Store,US,2.3643,1.0,0.0,0.0,0.0,0.0,0.0,0.0,1.0,0
7656.83,EUR,Apple,NG,8.9435,2.0,1.0,1.0,0.0,0.0,0.0,0.45,0.0,1
53.52,EUR,Shopify Merchant,NG,3.9985,2.0,0.0,0.0,0.0,0.0,0.0,0.0,0.0,0
22.59,USD,Netflix,NG,3.161,5.0,0.0,0.0,0.0,0.0,0.0,0.45,0.0,1
98.5,GBP,Shopify Merchant,NG,4.6001,4.0,0.0,0.0,0.0,0.0,0.0,0.0,0.0,1
16.64,GBP,Amazon,NG,2.87,3.0,0.0,0.0,0.0,0.0,0.0,0.45,0.0,0
24.05,EUR,XXX Test Casino,NG,3.2207,8.0,0.0,0.0,1.0,0.0,1.0,0.45,0.0,1
1658.83,GBP,Shopify Merchant,NG,7.4145,2.0,1.0,0.0,0.0,0.0,0.0,0.0,0.0,1
6.96,GBP,Netflix,NG,2.0745,1.0,0.0,0.0,0.0,1.0,0.0,0.0,0.0,0
6.38,EUR,Spotify,RU,1.9991,1.0,0.0,0.0,0.0,0.0,1.0,0.0,1.0,0
11.51,EUR,Dark Web Market,NG,2.5265,3.0,0.0,0.0,1.0,0.0,0.0,0.45,0.0,0
2988.0,EUR,Apple,NG,8.0027,1.0,1.0,1.0,0.0,1.0,0.0,0.0,0.0,1
6.51,USD,Apple,NG,2.016,5.0,0.0,0.0,0.0,0.0,1.0,0.45,0.0,1
30.51,EUR,Netflix,CN,3.4502,1.0,0.0,0.0,0.0,0.0,0.0,0.0,1.0,1
29.04,USD,Amazon,DE,3.4025,1.0,0.0,0.0,0.0,1.0,1.0,0.0,1.0,0
82.28,USD,Amazon,NG,4.4222,3.0,0.0,0.0,0.0,1.0,1.0,0.0,0.0,1
41.76,USD,Amazon,NG,3.7555,4.0,0.0,0.0,0.0,0.0,0.0,0.0,0.0,0
25.92,USD,Spotify,DE,3.2927,4.0,0.0,0.0,0.0,0.0,0.0,0.0,1.0,1
52.01,EUR,Apple,NG,3.9704,1.0,0.0,0.0,0.0,0.0,1.0,0.0,0.0,0
29.29,USD,Gambling Anonymous Hub,NG,3.4108,1.0,0.0,0.0,1.0,0.0,1.0,0.45,0.0,1
14.56,USD,Spotify,NG,2.7444,2.0,0.0,0.0,0.0,0.0,0.0,0.0,0.0,0
9.01,EUR,Spotify,NG,2.304,5.0,0.0,0.0,0.0,0.0,1.0,0.0,0.0,1
1068.39,EUR,Stripe Demo Store,NG,6.9748,1.0,1.0,0.0,0.0,0.0,0.0,1.0,0.0,1
19.53,USD,Netflix,NG,3.0219,2.0,0.0,0.0,0.0,0.0,0.0,0.0,0.0,0
22.7,GBP,Shopify Merchant,NG,3.1656,1.0,0.0,0.0,0.0,0.0,0.0,0.0,0.0,0
5.0,USD,Spotify,NG,1.7918,3.0,0.0,0.0,0.0,0.0,1.0,0.0,0.0,1
17.22,USD,Spotify,NG,2.9027,1.0,0.0,0.0,0.0,0.0,0.0,0.0,0.0,1
1232.72,USD,Spotify,NG,7.1178,10.0,1.0,0.0,0.0,0.0,1.0,0.0,0.0,1
29.47,USD,Shopify Merchant,DE,3.4166,1.0,0.0,0.0,0.0,0.0,0.0,0.0,1.0,1
62.73,USD,Spotify,DE,4.1546,2.0,0.0,0.0,0.0,0.0,0.0,0.0,1.0,1
22.87,GBP,Wallet Drain Services,NG,3.1727,3.0,0.0,0.0,1.0,1.0,1.0,0.45,0.0,0
10.63,EUR,Stripe Demo Store,RU,2.4532,1.0,0.0,0.0,0.0,0.0,0.0,0.0,1.0,0
4729.73,USD,Apple,NG,8.4618,1.0,1.0,1.0,0.0,0.0,0.0,0.0,0.0,1
32.49,EUR,Spotify,NG,3.5112,2.0,0.0,0.0,0.0,0.0,0.0,0.0,0.0,1
10.93,USD,Shopify Merchant,NG,2.4792,2.0,0.0,0.0,0.0,0.0,0.0,0.0,0.0,0
838.19,USD,Spotify,NG,6.7324,3.0,1.0,0.0,0.0,0.0,1.0,0.0,0.0,1
2341.51,EUR,Shopify Merchant,DE,7.759,2.0,1.0,0.0,0.0,0.0,0.0,1.0,1.0,1
6.82,GBP,Netflix,CN,2.0561,1.0,0.0,0.0,0.0,0.0,1.0,0.0,1.0,1
29.6,GBP,Apple,NG,3.421,5.0,0.0,0.0,0.0,0.0,1.0,1.0,0.0,1
49.64,USD,Stripe Demo Store,NG,3.9248,1.0,0.0,0.0,0.0,0.0,1.0,0.0,0.0,0
1792.83,EUR,Amazon,NG,7.4921,2.0,1.0,0.0,0.0,0.0,1.0,0.0,0.0,1
5.0,EUR,Amazon,NG,1.7918,5.0,0.0,0.0,0.0,0.0,0.0,0.0,0.0,0
11.05,USD,Anonymous Crypto Mix,NG,2.4891,5.0,0.0,0.0,1.0,0.0,0.0,1.0,0.0,1
1128.54,EUR,Netflix,CN,7.0296,1.0,1.0,0.0,0.0,0.0,1.0,1.0,1.0,1
28.97,EUR,Stripe Demo Store,NG,3.4004,1.0,0.0,0.0,0.0,0.0,0.0,0.0,0.0,1
26.82,USD,Netflix,CN,3.3259,2.0,0.0,0.0,0.0,0.0,1.0,0.0,1.0,1
5.0,EUR,Amazon,US,1.7918,1.0,0.0,0.0,0.0,0.0,1.0,0.0,1.0,1
1979.38,GBP,Netflix,DE,7.591,3.0,1.0,0.0,0.0,0.0,1.0,0.45,1.0,1
35.18,USD,Netflix,NG,3.5885,2.0,0.0,0.0,0.0,1.0,0.0,0.0,0.0,1
22.28,USD,Shopify Merchant,RU,3.1475,1.0,0.0,0.0,0.0,0.0,0.0,0.45,1.0,0
22.25,EUR,Stripe Demo Store,NG,3.1463,1.0,0.0,0.0,0.0,0.0,1.0,0.0,0.0,0
1060.05,GBP,Amazon,NG,6.967,2.0,1.0,0.0,0.0,0.0,1.0,0.0,0.0,1
2301.68,EUR,Shopify Merchant,NG,7.7418,3.0,1.0,0.0,0.0,0.0,0.0,0.45,0.0,1
19.85,GBP,Stripe Demo Store,NG,3.0372,1.0,0.0,0.0,0.0,0.0,0.0,0.0,0.0,1
20.83,GBP,Apple,NG,3.0834,1.0,0.0,0.0,0.0,0.0,0.0,0.45,0.0,1
617.95,USD,Apple,US,6.428,1.0,1.0,0.0,0.0,1.0,1.0,0.0,1.0,1
1285.71,GBP,Netflix,NG,7.1598,2.0,1.0,0.0,0.0,0.0,0.0,0.0,0.0,0
21.33,GBP,Shopify Merchant,RU,3.1059,3.0,0.0,0.0,0.0,0.0,1.0,0.0,1.0,0
43.23,GBP,Spotify,NG,3.7893,4.0,0.0,0.0,0.0,0.0,0.0,0.0,0.0,0
1515.75,USD,Spotify,NG,7.3243,6.0,1.0,0.0,0.0,1.0,0.0,0.45,0.0,1
3826.01,GBP,Apple,RU,8.2498,2.0,1.0,1.0,0.0,1.0,0.0,0.45,1.0,1
28.05,EUR,Apple,RU,3.369,4.0,0.0,0.0,0.0,1.0,0.0,1.0,1.0,1
21.94,USD,Stripe Demo Store,NG,3.133,1.0,0.0,0.0,0.0,1.0,0.0,0.0,0.0,0
28.44,USD,Amazon,DE,3.3824,2.0,0.0,0.0,0.0,0.0,1.0,0.0,1.0,0
1609.2,EUR,Netflix,NG,7.3841,2.0,1.0,0.0,0.0,0.0,0.0,0.0,0.0,0
70.36,USD,Netflix,NG,4.2677,3.0,0.0,0.0,0.0,0.0,0.0,0.0,0.0,0
33.03,GBP,Apple,NG,3.5272,3.0,0.0,0.0,0.0,1.0,0.0,0.0,0.0,0
16.42,USD,Shopify Merchant,NG,2.8575,1.0,0.0,0.0,0.0,1.0,0.0,0.0,0.0,0
1787.42,EUR,Anonymous Crypto Mix,NG,7.4891,4.0,1.0,0.0,1.0,0.0,1.0,0.45,0.0,1
645.85,USD,Spotify,NG,6.4721,5.0,1.0,0.0,0.0,0.0,0.0,1.0,0.0,1
3856.48,USD,Gambling Anonymous Hub,NG,8.2578,6.0,1.0,1.0,1.0,0.0,0.0,0.45,0.0,1
97.8,GBP,Amazon,NG,4.5931,2.0,0.0,0.0,0.0,0.0,0.0,0.45,0.0,1
779.72,GBP,Netflix,NG,6.6602,8.0,1.0,0.0,0.0,0.0,0.0,0.0,0.0,1
966.54,EUR,Spotify,NG,6.8748,3.0,1.0,0.0,0.0,1.0,0.0,0.0,0.0,0
17.65,EUR,Spotify,NG,2.926,2.0,0.0,0.0,0.0,0.0,0.0,0.0,0.0,0
60.74,EUR,Shopify Merchant,DE,4.1229,1.0,0.0,0.0,0.0,0.0,0.0,1.0,1.0,1
2834.68,USD,Shopify Merchant,NG,7.95,4.0,1.0,1.0,0.0,0.0,0.0,0.0,0.0,1
20.35,USD,Dark Web Market,NG,3.0612,3.0,0.0,0.0,1.0,0.0,1.0,0.45,0.0,1
35.28,EUR,Apple,NG,3.5913,2.0,0.0,0.0,0.0,0.0,1.0,0.0,0.0,0
31.93,EUR,Netflix,NG,3.4943,10.0,0.0,0.0,0.0,0.0,0.0,0.45,0.0,1
43.4,EUR,Stripe Demo Store,NG,3.7933,1.0,0.0,0.0,0.0,1.0,0.0,0.0,0.0,1
14.28,USD,Stripe Demo Store,CN,2.7265,2.0,0.0,0.0,0.0,1.0,1.0,0.45,1.0,0
1936.39,EUR,Netflix,NG,7.5691,1.0,1.0,0.0,0.0,0.0,0.0,0.0,0.0,1
48.13,GBP,Netflix,NG,3.8944,2.0,0.0,0.0,0.0,0.0,0.0,0.45,0.0,1
1164.77,USD,Amazon,NG,7.0611,1.0,1.0,0.0,0.0,1.0,1.0,0.0,0.0,1
29.99,USD,Netflix,NG,3.4336,1.0,0.0,0.0,0.0,0.0,0.0,0.0,0.0,0
17.23,USD,Netflix,NG,2.903,1.0,0.0,0.0,0.0,0.0,0.0,1.0,0.0,0
781.51,USD,Amazon,NG,6.6625,1.0,1.0,0.0,0.0,0.0,1.0,0.0,0.0,1
21.31,USD,Stripe Demo Store,DE,3.105,1.0,0.0,0.0,0.0,0.0,0.0,0.0,1.0,1
11.57,EUR,Stripe Demo Store,NG,2.5311,3.0,0.0,0.0,0.0,1.0,0.0,0.0,0.0,0
1159.41,USD,Amazon,NG,7.0565,1.0,1.0,0.0,0.0,0.0,0.0,0.0,0.0,0
22.23,GBP,Spotify,NG,3.1455,1.0,0.0,0.0,0.0,0.0,0.0,0.0,0.0,1
18.69,EUR,Spotify,DE,2.9802,1.0,0.0,0.0,0.0,0.0,1.0,0.0,1.0,0
60.4,GBP,Anonymous Crypto Mix,NG,4.1173,1.0,0.0,0.0,1.0,0.0,0.0,0.45,0.0,1
3723.18,GBP,Gambling Anonymous Hub,NG,8.2226,1.0,1.0,1.0,1.0,0.0,0.0,0.45,0.0,1
24.61,USD,Shopify Merchant,NG,3.2428,6.0,0.0,0.0,0.0,0.0,0.0,0.0,0.0,0
11.77,USD,Apple,NG,2.5473,2.0,0.0,0.0,0.0,0.0,1.0,0.0,0.0,0
5108.7,GBP,Netflix,NG,8.5389,1.0,1.0,1.0,0.0,0.0,1.0,0.0,0.0,1
79.97,EUR,Amazon,NG,4.3941,2.0,0.0,0.0,0.0,0.0,0.0,0.0,0.0,0
9.91,USD,Netflix,NG,2.3893,1.0,0.0,0.0,0.0,0.0,1.0,1.0,0.0,1
21.75,GBP,Apple,NG,3.1246,3.0,0.0,0.0,0.0,0.0,1.0,0.0,0.0,0
25.86,GBP,Spotify,NG,3.2906,6.0,0.0,0.0,0.0,1.0,0.0,0.0,0.0,1
16.15,EUR,Amazon,NG,2.8421,1.0,0.0,0.0,0.0,0.0,0.0,1.0,0.0,0
9.96,EUR,Amazon,NG,2.3941,1.0,0.0,0.0,0.0,0.0,0.0,0.45,0.0,0
11.59,GBP,Apple,NG,2.5333,2.0,0.0,0.0,0.0,0.0,0.0,1.0,0.0,1
13.7,GBP,Amazon,DE,2.6879,1.0,0.0,0.0,0.0,0.0,0.0,0.0,1.0,1
12.22,EUR,Shopify Merchant,NG,2.582,1.0,0.0,0.0,0.0,0.0,0.0,1.0,0.0,0
50.88,EUR,Netflix,NG,3.9489,2.0,0.0,0.0,0.0,0.0,0.0,0.45,0.0,0
19.96,GBP,XXX Test Casino,NG,3.0425,2.0,0.0,0.0,1.0,0.0,0.0,0.45,0.0,1
13.92,USD,Stripe Demo Store,NG,2.7027,1.0,0.0,0.0,0.0,0.0,1.0,0.0,0.0,0
754.8,USD,Apple,RU,6.6278,4.0,1.0,0.0,0.0,0.0,0.0,0.0,1.0,0
32.06,EUR,Dark Web Market,NG,3.4983,1.0,0.0,0.0,1.0,0.0,1.0,0.45,0.0,1
15.78,EUR,Stripe Demo Store,NG,2.8202,1.0,0.0,0.0,0.0,0.0,0.0,0.0,0.0,0
37.77,USD,Shopify Merchant,NG,3.6575,3.0,0.0,0.0,0.0,0.0,0.0,0.0,0.0,1
1200.16,USD,Wallet Drain Services,NG,7.091,2.0,1.0,0.0,1.0,1.0,0.0,1.0,0.0,1
45.6,EUR,Apple,NG,3.8416,2.0,0.0,0.0,0.0,0.0,0.0,1.0,0.0,1
1926.09,GBP,Wallet Drain Services,NG,7.5638,2.0,1.0,0.0,1.0,0.0,0.0,0.45,0.0,1
19.42,USD,Stripe Demo Store,NG,3.0166,2.0,0.0,0.0,0.0,0.0,0.0,0.0,0.0,0
12.37,EUR,Stripe Demo Store,NG,2.5927,4.0,0.0,0.0,0.0,0.0,1.0,0.0,0.0,1
2115.78,GBP,Stripe Demo Store,NG,7.6576,2.0,1.0,0.0,0.0,0.0,0.0,0.45,0.0,1
6.25,USD,Amazon,NG,1.9816,1.0,0.0,0.0,0.0,0.0,0.0,0.0,0.0,0
11.78,GBP,Shopify Merchant,NG,2.5476,3.0,0.0,0.0,0.0,0.0,0.0,0.0,0.0,0
5204.01,EUR,XXX Test Casino,NG,8.5574,1.0,1.0,1.0,1.0,0.0,1.0,0.45,0.0,1
10.25,USD,Amazon,US,2.4202,3.0,0.0,0.0,0.0,0.0,0.0,0.0,1.0,1
6.79,USD,Dark Web Market,NG,2.0534,1.0,0.0,0.0,1.0,0.0,1.0,0.45,0.0,1
10.63,USD,Wallet Drain Services,NG,2.4536,2.0,0.0,0.0,1.0,1.0,1.0,0.45,0.0,1
15.34,USD,Gambling Anonymous Hub,NG,2.7938,3.0,0.0,0.0,1.0,0.0,1.0,0.45,0.0,1
925.05,USD,Amazon,DE,6.8309,2.0,1.0,0.0,0.0,0.0,0.0,0.45,1.0,1
18.35,EUR,Stripe Demo Store,NG,2.9628,1.0,0.0,0.0,0.0,0.0,0.0,0.0,0.0,0
3155.46,EUR,Amazon,NG,8.0572,1.0,1.0,1.0,0.0,0.0,0.0,0.0,0.0,1
48.16,USD,Spotify,NG,3.895,3.0,0.0,0.0,0.0,0.0,0.0,0.45,0.0,0
3188.62,GBP,Gambling Anonymous Hub,RU,8.0677,10.0,1.0,1.0,1.0,0.0,1.0,0.45,1.0,1
1651.04,USD,Spotify,NG,7.4098,2.0,1.0,0.0,0.0,0.0,0.0,0.45,0.0,1
6380.16,GBP,Apple,NG,8.7611,1.0,1.0,1.0,0.0,0.0,0.0,0.0,0.0,1
32.75,EUR,Spotify,NG,3.519,1.0,0.0,0.0,0.0,1.0,0.0,0.0,0.0,0
14.62,USD,Amazon,NG,2.7484,2.0,0.0,0.0,0.0,0.0,0.0,1.0,0.0,1
36.69,USD,Stripe Demo Store,NG,3.6294,1.0,0.0,0.0,0.0,0.0,0.0,0.0,0.0,0
23.22,GBP,Stripe Demo Store,NG,3.1871,4.0,0.0,0.0,0.0,1.0,0.0,0.45,0.0,0
60.67,GBP,Netflix,NG,4.1218,2.0,0.0,0.0,0.0,0.0,0.0,0.0,0.0,0
1369.61,GBP,Spotify,CN,7.223,1.0,1.0,0.0,0.0,1.0,0.0,0.45,1.0,1
42.21,USD,Apple,DE,3.7661,1.0,0.0,0.0,0.0,0.0,0.0,0.0,1.0,0
2214.81,GBP,Stripe Demo Store,NG,7.7034,1.0,1.0,0.0,0.0,0.0,0.0,0.0,0.0,1
18.76,EUR,Amazon,US,2.9837,2.0,0.0,0.0,0.0,0.0,0.0,0.0,1.0,0
8359.59,USD,Amazon,NG,9.0313,2.0,1.0,1.0,0.0,0.0,1.0,1.0,0.0,1
7.0,EUR,Stripe Demo Store,NG,2.0794,1.0,0.0,0.0,0.0,0.0,1.0,0.0,0.0,1
56.27,GBP,Stripe Demo Store,NG,4.0479,2.0,0.0,0.0,0.0,0.0,0.0,0.0,0.0,0
813.22,EUR,Gambling Anonymous Hub,NG,6.7022,1.0,1.0,0.0,1.0,0.0,0.0,0.45,0.0,0
1005.85,GBP,Stripe Demo Store,NG,6.9146,2.0,1.0,0.0,0.0,0.0,1.0,0.0,0.0,1
683.53,EUR,Apple,NG,6.5287,4.0,1.0,0.0,0.0,0.0,1.0,0.0,0.0,1
7723.9,USD,Shopify Merchant,NG,8.9522,1.0,1.0,1.0,0.0,0.0,0.0,0.0,0.0,1
5.55,EUR,Spotify,NG,1.879,1.0,0.0,0.0,0.0,0.0,1.0,0.45,0.0,1
1064.26,GBP,Stripe Demo Store,NG,6.971,4.0,1.0,0.0,0.0,0.0,0.0,0.0,0.0,1
8.21,EUR,Apple,NG,2.22,1.0,0.0,0.0,0.0,0.0,0.0,0.0,0.0,0
17.51,GBP,Shopify Merchant,NG,2.9185,1.0,0.0,0.0,0.0,0.0,0.0,0.45,0.0,0
23.2,EUR,Apple,CN,3.1865,3.0,0.0,0.0,0.0,0.0,0.0,0.0,1.0,0
26.31,GBP,Amazon,NG,3.3071,2.0,0.0,0.0,0.0,0.0,0.0,0.0,0.0,0
36.37,EUR,Amazon,NG,3.621,5.0,0.0,0.0,0.0,0.0,0.0,0.0,0.0,1
2338.77,USD,Netflix,NG,7.7578,2.0,1.0,0.0,0.0,0.0,1.0,0.45,0.0,0
29.52,EUR,Amazon,NG,3.4182,2.0,0.0,0.0,0.0,1.0,0.0,1.0,0.0,1
3269.85,GBP,Stripe Demo Store,DE,8.0928,1.0,1.0,1.0,0.0,0.0,0.0,0.45,1.0,1
24.68,USD,Spotify,NG,3.2457,1.0,0.0,0.0,0.0,1.0,0.0,0.45,0.0,0
7.0,USD,Stripe Demo Store,NG,2.0796,2.0,0.0,0.0,0.0,0.0,0.0,0.0,0.0,0
59.95,EUR,Shopify Merchant,NG,4.11,1.0,0.0,0.0,0.0,0.0,0.0,0.0,0.0,1
7.52,GBP,Stripe Demo Store,DE,2.143,2.0,0.0,0.0,0.0,0.0,1.0,0.45,1.0,1
15.76,EUR,Shopify Merchant,NG,2.819,1.0,0.0,0.0,0.0,0.0,0.0,0.0,0.0,0
7.98,USD,Shopify Merchant,DE,2.1949,1.0,0.0,0.0,0.0,0.0,1.0,0.45,1.0,0
12.05,GBP,Netflix,NG,2.5686,2.0,0.0,0.0,0.0,1.0,0.0,0.0,0.0,1
20.28,EUR,Shopify Merchant,NG,3.0575,2.0,0.0,0.0,0.0,0.0,0.0,0.0,0.0,1
1770.02,EUR,Stripe Demo Store,NG,7.4793,1.0,1.0,0.0,0.0,0.0,0.0,0.0,0.0,1
44.74,USD,Apple,CN,3.8231,3.0,0.0,0.0,0.0,1.0,1.0,0.0,1.0,1
1302.15,GBP,Stripe Demo Store,NG,7.1725,1.0,1.0,0.0,0.0,0.0,1.0,0.0,0.0,1
772.43,GBP,Shopify Merchant,NG,6.6508,1.0,1.0,0.0,0.0,0.0,1.0,0.0,0.0,1
18.29,GBP,Apple,CN,2.9597,5.0,0.0,0.0,0.0,1.0,0.0,0.0,1.0,1
47.17,USD,Spotify,US,3.8748,5.0,0.0,0.0,0.0,1.0,0.0,0.0,1.0,1
37.95,USD,Spotify,CN,3.6622,1.0,0.0,0.0,0.0,0.0,0.0,0.0,1.0,0
9.05,GBP,Amazon,DE,2.3077,1.0,0.0,0.0,0.0,0.0,1.0,0.0,1.0,0
12.47,EUR,Stripe Demo Store,NG,2.6007,4.0,0.0,0.0,0.0,0.0,0.0,0.45,0.0,1
6924.4,EUR,Wallet Drain Services,NG,8.843,2.0,1.0,1.0,1.0,0.0,1.0,0.45,0.0,1
25.72,USD,Shopify Merchant,NG,3.2855,1.0,0.0,0.0,0.0,0.0,0.0,0.0,0.0,0
9.63,EUR,Netflix,NG,2.3635,1.0,0.0,0.0,0.0,0.0,0.0,0.0,0.0,0
33.93,USD,Spotify,DE,3.5534,1.0,0.0,0.0,0.0,0.0,1.0,0.0,1.0,0
10.77,EUR,Netflix,NG,2.4652,3.0,0.0,0.0,0.0,0.0,1.0,1.0,0.0,0
50.03,GBP,Netflix,NG,3.9325,2.0,0.0,0.0,0.0,0.0,0.0,0.0,0.0,0
29.1,GBP,Amazon,DE,3.4044,1.0,0.0,0.0,0.0,0.0,1.0,0.0,1.0,1
4911.81,GBP,Apple,NG,8.4996,1.0,1.0,1.0,0.0,0.0,1.0,0.45,0.0,1
13.87,GBP,Shopify Merchant,NG,2.6993,1.0,0.0,0.0,0.0,0.0,1.0,0.0,0.0,0
13.7,USD,Amazon,NG,2.6879,3.0,0.0,0.0,0.0,0.0,0.0,0.0,0.0,0
22.46,USD,Spotify,US,3.1555,4.0,0.0,0.0,0.0,0.0,1.0,0.45,1.0,1
17.41,EUR,Shopify Merchant,NG,2.9131,2.0,0.0,0.0,0.0,0.0,1.0,0.0,0.0,1
2335.1,USD,Stripe Demo Store,NG,7.7562,3.0,1.0,0.0,0.0,0.0,1.0,0.0,0.0,1
1397.32,GBP,Amazon,NG,7.243,1.0,1.0,0.0,0.0,1.0,1.0,0.45,0.0,1
1989.07,EUR,Netflix,NG,7.5959,2.0,1.0,0.0,0.0,0.0,0.0,0.0,0.0,1
24.54,USD,Spotify,NG,3.2403,1.0,0.0,0.0,0.0,0.0,0.0,0.0,0.0,0
21.63,EUR,Amazon,NG,3.1191,1.0,0.0,0.0,0.0,0.0,0.0,0.0,0.0,1
579.98,EUR,Gambling Anonymous Hub,NG,6.3647,2.0,1.0,0.0,1.0,0.0,1.0,0.45,0.0,1
13.02,GBP,Amazon,NG,2.6407,4.0,0.0,0.0,0.0,0.0,1.0,0.0,0.0,0
22.85,USD,Spotify,NG,3.1716,1.0,0.0,0.0,0.0,0.0,1.0,1.0,0.0,1
118.74,GBP,Amazon,NG,4.7853,2.0,0.0,0.0,0.0,1.0,0.0,0.0,0.0,1
45.7,EUR,Spotify,NG,3.8438,4.0,0.0,0.0,0.0,0.0,0.0,0.0,0.0,1
2065.52,USD,Shopify Merchant,NG,7.6336,3.0,1.0,0.0,0.0,0.0,1.0,0.0,0.0,1
13.92,USD,Spotify,US,2.703,2.0,0.0,0.0,0.0,0.0,0.0,0.0,1.0,0
6542.03,USD,Dark Web Market,NG,8.7862,1.0,1.0,1.0,1.0,0.0,1.0,1.0,0.0,1
42.44,USD,Shopify Merchant,NG,3.7714,4.0,0.0,0.0,0.0,0.0,1.0,0.0,0.0,1
34.84,USD,Wallet Drain Services,RU,3.5789,1.0,0.0,0.0,1.0,0.0,1.0,0.45,1.0,0
13.73,USD,Shopify Merchant,NG,2.6896,1.0,0.0,0.0,0.0,1.0,1.0,0.45,0.0,0
7.37,GBP,Spotify,DE,2.125,1.0,0.0,0.0,0.0,0.0,0.0,0.0,1.0,0
8.95,GBP,Shopify Merchant,NG,2.2973,2.0,0.0,0.0,0.0,0.0,1.0,0.0,0.0,0
27.41,GBP,Spotify,NG,3.3469,2.0,0.0,0.0,0.0,0.0,0.0,0.0,0.0,1
18.87,USD,Shopify Merchant,NG,2.9891,4.0,0.0,0.0,0.0,0.0,0.0,0.0,0.0,1
2341.25,USD,Stripe Demo Store,NG,7.7589,2.0,1.0,0.0,0.0,0.0,0.0,0.45,0.0,1
21.34,USD,Netflix,NG,3.1063,8.0,0.0,0.0,0.0,0.0,0.0,0.0,0.0,1
39.52,GBP,Stripe Demo Store,NG,3.7017,2.0,0.0,0.0,0.0,0.0,0.0,0.0,0.0,1
26.02,EUR,Amazon,NG,3.2964,2.0,0.0,0.0,0.0,1.0,1.0,0.0,0.0,0
1424.68,EUR,Amazon,NG,7.2624,1.0,1.0,0.0,0.0,0.0,0.0,0.0,0.0,0
5.0,EUR,Netflix,NG,1.7918,1.0,0.0,0.0,0.0,0.0,1.0,0.45,0.0,1
8.47,GBP,Netflix,NG,2.2476,2.0,0.0,0.0,0.0,0.0,1.0,1.0,0.0,1
15.56,USD,Spotify,NG,2.8072,3.0,0.0,0.0,0.0,1.0,0.0,0.0,0.0,1
42.76,USD,Spotify,US,3.7788,1.0,0.0,0.0,0.0,0.0,0.0,0.45,1.0,0
74.92,EUR,Gambling Anonymous Hub,DE,4.3296,2.0,0.0,0.0,1.0,0.0,1.0,0.45,1.0,1
17.9,EUR,Shopify Merchant,NG,2.9394,1.0,0.0,0.0,0.0,0.0,1.0,0.45,0.0,1
7103.27,EUR,Spotify,NG,8.8685,1.0,1.0,1.0,0.0,1.0,0.0,0.0,0.0,1
5.11,USD,Stripe Demo Store,NG,1.8102,1.0,0.0,0.0,0.0,0.0,0.0,0.0,0.0,0
36.76,USD,Netflix,NG,3.6313,1.0,0.0,0.0,0.0,0.0,1.0,0.0,0.0,0
13.67,USD,Spotify,NG,2.6855,1.0,0.0,0.0,0.0,0.0,0.0,0.0,0.0,0
159.31,GBP,Spotify,NG,5.0771,4.0,0.0,0.0,0.0,0.0,0.0,0.0,0.0,1
11.97,GBP,Apple,NG,2.5627,3.0,0.0,0.0,0.0,0.0,0.0,0.0,0.0,0
87.68,GBP,Stripe Demo Store,NG,4.485,1.0,0.0,0.0,0.0,0.0,0.0,0.0,0.0,1
33.91,GBP,Apple,NG,3.5529,1.0,0.0,0.0,0.0,0.0,1.0,0.45,0.0,1
9.78,USD,Spotify,NG,2.3776,2.0,0.0,0.0,0.0,0.0,1.0,0.45,0.0,1
23.63,EUR,Netflix,NG,3.2039,1.0,0.0,0.0,0.0,1.0,0.0,0.0,0.0,1
1368.29,USD,Spotify,NG,7.222,4.0,1.0,0.0,0.0,0.0,1.0,0.0,0.0,1
17.16,GBP,Shopify Merchant,NG,2.899,2.0,0.0,0.0,0.0,0.0,0.0,0.0,0.0,0
36.11,EUR,Spotify,CN,3.6139,4.0,0.0,0.0,0.0,1.0,0.0,0.0,1.0,1
8629.02,EUR,Netflix,NG,9.063,1.0,1.0,1.0,0.0,0.0,0.0,0.0,0.0,0
689.08,GBP,Apple,US,6.5368,8.0,1.0,0.0,0.0,0.0,0.0,0.0,1.0,1
19.86,EUR,Amazon,NG,3.0376,3.0,0.0,0.0,0.0,0.0,1.0,0.0,0.0,1
908.53,GBP,Spotify,RU,6.8129,3.0,1.0,0.0,0.0,0.0,0.0,0.0,1.0,1
19.03,USD,Spotify,NG,2.9975,6.0,0.0,0.0,0.0,0.0,0.0,0.45,0.0,0
22.72,GBP,Spotify,DE,3.1663,2.0,0.0,0.0,0.0,0.0,0.0,0.45,1.0,1
2124.33,EUR,Netflix,NG,7.6617,1.0,1.0,0.0,0.0,1.0,1.0,0.0,0.0,1
768.25,GBP,Shopify Merchant,NG,6.6454,2.0,1.0,0.0,0.0,0.0,0.0,0.0,0.0,0
18.77,USD,Shopify Merchant,NG,2.9841,3.0,0.0,0.0,0.0,1.0,1.0,1.0,0.0,0
8.1,USD,Apple,NG,2.2087,4.0,0.0,0.0,0.0,1.0,0.0,0.0,0.0,0
15.91,EUR,Apple,NG,2.8279,2.0,0.0,0.0,0.0,0.0,0.0,1.0,0.0,1
16.15,GBP,Shopify Merchant,CN,2.8418,3.0,0.0,0.0,0.0,0.0,1.0,0.0,1.0,1
3995.0,USD,Stripe Demo Store,NG,8.293,1.0,1.0,1.0,0.0,0.0,0.0,0.45,0.0,1
23.43,GBP,Amazon,DE,3.1959,1.0,0.0,0.0,0.0,0.0,0.0,0.0,1.0,0
41.48,EUR,Apple,NG,3.7491,2.0,0.0,0.0,0.0,0.0,0.0,0.0,0.0,0
18.5,GBP,Netflix,NG,2.9702,1.0,0.0,0.0,0.0,0.0,0.0,0.0,0.0,1
5.41,GBP,Stripe Demo Store,NG,1.8579,1.0,0.0,0.0,0.0,0.0,0.0,0.0,0.0,0
32.16,EUR,Stripe Demo Store,NG,3.5013,3.0,0.0,0.0,0.0,0.0,1.0,0.0,0.0,0
7681.19,GBP,Stripe Demo Store,DE,8.9467,2.0,1.0,1.0,0.0,0.0,0.0,0.0,1.0,1
15.88,GBP,Stripe Demo Store,NG,2.8261,2.0,0.0,0.0,0.0,0.0,1.0,0.0,0.0,1
9.61,GBP,Apple,NG,2.3619,1.0,0.0,0.0,0.0,0.0,0.0,0.45,0.0,1
21.14,USD,Shopify Merchant,NG,3.0972,1.0,0.0,0.0,0.0,0.0,1.0,0.0,0.0,0
42.34,EUR,Anonymous Crypto Mix,CN,3.769,2.0,0.0,0.0,1.0,0.0,0.0,0.45,1.0,1
38.59,USD,Netflix,US,3.6785,4.0,0.0,0.0,0.0,0.0,1.0,0.0,1.0,0
60.97,USD,Apple,NG,4.1266,1.0,0.0,0.0,0.0,0.0,1.0,0.0,0.0,1
67.33,USD,Amazon,NG,4.2243,3.0,0.0,0.0,0.0,0.0,1.0,0.0,0.0,0
5.0,GBP,Shopify Merchant,NG,1.7918,3.0,0.0,0.0,0.0,1.0,1.0,0.45,0.0,1
730.1,EUR,XXX Test Casino,NG,6.5946,3.0,1.0,0.0,1.0,1.0,0.0,0.45,0.0,1
5.66,USD,Spotify,NG,1.8968,2.0,0.0,0.0,0.0,0.0,1.0,0.0,0.0,1
31.26,GBP,Amazon,NG,3.4738,1.0,0.0,0.0,0.0,0.0,0.0,0.0,0.0,1
12.36,EUR,Amazon,DE,2.5926,3.0,0.0,0.0,0.0,0.0,1.0,1.0,1.0,1
14.26,EUR,Stripe Demo Store,NG,2.7253,2.0,0.0,0.0,0.0,0.0,0.0,0.0,0.0,1
7583.4,EUR,Stripe Demo Store,CN,8.9338,1.0,1.0,1.0,0.0,0.0,1.0,0.0,1.0,1
26.25,EUR,Shopify Merchant,NG,3.3052,1.0,0.0,0.0,0.0,0.0,1.0,0.0,0.0,0
7.1,GBP,Apple,NG,2.092,2.0,0.0,0.0,0.0,0.0,0.0,0.0,0.0,0
8.32,EUR,Amazon,NG,2.2323,2.0,0.0,0.0,0.0,0.0,0.0,0.0,0.0,0
6562.96,USD,Shopify Merchant,NG,8.7893,5.0,1.0,1.0,0.0,0.0,0.0,0.0,0.0,1
46.48,USD,Anonymous Crypto Mix,NG,3.8604,1.0,0.0,0.0,1.0,0.0,1.0,0.45,0.0,0
19.73,GBP,Netflix,NG,3.0317,1.0,0.0,0.0,0.0,0.0,1.0,0.0,0.0,1
11.54,USD,Shopify Merchant,NG,2.5289,6.0,0.0,0.0,0.0,0.0,0.0,0.0,0.0,1
5.0,GBP,Netflix,NG,1.7918,1.0,0.0,0.0,0.0,0.0,0.0,0.0,0.0,0
872.09,USD,Apple,DE,6.772,1.0,1.0,0.0,0.0,0.0,0.0,0.45,1.0,1
12.0,EUR,Stripe Demo Store,NG,2.5649,4.0,0.0,0.0,0.0,0.0,1.0,0.0,0.0,1
9.0,GBP,Stripe Demo Store,NG,2.3022,6.0,0.0,0.0,0.0,1.0,0.0,0.0,0.0,1
6.05,USD,Netflix,NG,1.9524,2.0,0.0,0.0,0.0,0.0,0.0,0.0,0.0,1
1128.72,USD,Netflix,NG,7.0297,1.0,1.0,0.0,0.0,0.0,0.0,0.45,0.0,1
10.25,GBP,Stripe Demo Store,NG,2.4203,2.0,0.0,0.0,0.0,0.0,0.0,0.0,0.0,0
16.99,USD,Amazon,NG,2.89,4.0,0.0,0.0,0.0,0.0,1.0,0.45,0.0,0
3651.84,USD,Shopify Merchant,CN,8.2033,4.0,1.0,1.0,0.0,1.0,1.0,0.0,1.0,1
22.87,EUR,Stripe Demo Store,NG,3.1728,1.0,0.0,0.0,0.0,0.0,0.0,0.0,0.0,1
553.04,USD,Netflix,DE,6.3172,4.0,1.0,0.0,0.0,0.0,1.0,0.0,1.0,1
1872.2,EUR,Netflix,NG,7.5354,2.0,1.0,0.0,0.0,0.0,1.0,0.0,0.0,1
6.09,USD,Anonymous Crypto Mix,NG,1.9589,1.0,0.0,0.0,1.0,0.0,1.0,0.45,0.0,1
22.49,EUR,Shopify Merchant,NG,3.1565,1.0,0.0,0.0,0.0,0.0,0.0,0.0,0.0,0
22.69,USD,Stripe Demo Store,NG,3.1649,1.0,0.0,0.0,0.0,0.0,0.0,1.0,0.0,1
9.76,EUR,Amazon,NG,2.3761,6.0,0.0,0.0,0.0,0.0,0.0,0.0,0.0,1
21.47,EUR,Amazon,NG,3.1122,1.0,0.0,0.0,0.0,0.0,0.0,0.45,0.0,0
4550.96,EUR,Stripe Demo Store,NG,8.4233,3.0,1.0,1.0,0.0,0.0,1.0,0.45,0.0,1
21.49,USD,Shopify Merchant,NG,3.113,1.0,0.0,0.0,0.0,0.0,0.0,0.0,0.0,1
52.94,GBP,Wallet Drain Services,NG,3.9878,3.0,0.0,0.0,1.0,0.0,0.0,0.45,0.0,0
5.0,EUR,Amazon,NG,1.7918,2.0,0.0,0.0,0.0,0.0,0.0,0.0,0.0,0
11.14,USD,Apple,RU,2.4964,5.0,0.0,0.0,0.0,0.0,0.0,0.0,1.0,1
56.4,USD,Anonymous Crypto Mix,NG,4.0501,2.0,0.0,0.0,1.0,1.0,0.0,0.45,0.0,0
1129.6,EUR,Netflix,NG,7.0305,3.0,1.0,0.0,0.0,0.0,1.0,0.0,0.0,1
29.32,EUR,Anonymous Crypto Mix,NG,3.4119,2.0,0.0,0.0,1.0,0.0,0.0,0.45,0.0,1
47.62,EUR,XXX Test Casino,NG,3.884,2.0,0.0,0.0,1.0,1.0,1.0,0.45,0.0,1
5.25,USD,Anonymous Crypto Mix,NG,1.8327,6.0,0.0,0.0,1.0,0.0,1.0,1.0,0.0,1
35.06,EUR,Amazon,NG,3.5851,2.0,0.0,0.0,0.0,1.0,0.0,0.0,0.0,0
2154.07,EUR,Apple,NG,7.6756,5.0,1.0,0.0,0.0,0.0,0.0,0.0,0.0,1
12.67,GBP,Apple,NG,2.6149,1.0,0.0,0.0,0.0,0.0,0.0,0.0,0.0,0
126.53,GBP,Stripe Demo Store,NG,4.8483,2.0,0.0,0.0,0.0,0.0,1.0,0.0,0.0,1
23.04,GBP,Apple,NG,3.1799,5.0,0.0,0.0,0.0,0.0,0.0,0.0,0.0,1
5.0,EUR,Netflix,NG,1.7918,5.0,0.0,0.0,0.0,0.0,1.0,0.45,0.0,1
26.23,GBP,Shopify Merchant,NG,3.3043,2.0,0.0,0.0,0.0,0.0,1.0,0.0,0.0,0
617.0,EUR,Stripe Demo Store,NG,6.4265,2.0,1.0,0.0,0.0,0.0,0.0,0.45,0.0,1
1382.81,GBP,Anonymous Crypto Mix,NG,7.2326,3.0,1.0,0.0,1.0,0.0,1.0,0.45,0.0,1
29.48,EUR,Spotify,RU,3.4169,1.0,0.0,0.0,0.0,0.0,1.0,0.0,1.0,1
13.22,GBP,Amazon,NG,2.6544,5.0,0.0,0.0,0.0,0.0,0.0,0.0,0.0,1
57.5,EUR,Netflix,NG,4.069,1.0,0.0,0.0,0.0,0.0,0.0,0.0,0.0,0
38.77,EUR,Amazon,NG,3.6831,1.0,0.0,0.0,0.0,0.0,0.0,0.0,0.0,0
11.25,EUR,Netflix,NG,2.5056,3.0,0.0,0.0,0.0,0.0,0.0,0.45,0.0,0
18.06,EUR,Stripe Demo Store,NG,2.9475,1.0,0.0,0.0,0.0,0.0,0.0,0.0,0.0,0
28.84,USD,Netflix,CN,3.3959,1.0,0.0,0.0,0.0,0.0,0.0,1.0,1.0,1
15.56,EUR,Netflix,NG,2.8073,1.0,0.0,0.0,0.0,1.0,0.0,0.0,0.0,0
15.89,EUR,Stripe Demo Store,NG,2.8269,8.0,0.0,0.0,0.0,0.0,1.0,0.0,0.0,1
20.61,GBP,Netflix,NG,3.0731,2.0,0.0,0.0,0.0,0.0,0.0,0.45,0.0,0
9.53,EUR,Shopify Merchant,NG,2.3538,10.0,0.0,0.0,0.0,0.0,0.0,1.0,0.0,1
5.0,EUR,Apple,NG,1.7918,1.0,0.0,0.0,0.0,1.0,0.0,0.0,0.0,0
23.75,USD,Amazon,CN,3.2086,1.0,0.0,0.0,0.0,0.0,0.0,0.0,1.0,0
951.07,EUR,Shopify Merchant,NG,6.8586,1.0,1.0,0.0,0.0,0.0,0.0,0.0,0.0,1
10.02,GBP,Spotify,NG,2.4,1.0,0.0,0.0,0.0,0.0,0.0,0.45,0.0,0
5.81,EUR,Stripe Demo Store,NG,1.9187,1.0,0.0,0.0,0.0,0.0,1.0,0.0,0.0,1
6.33,GBP,Amazon,NG,1.9927,1.0,0.0,0.0,0.0,0.0,0.0,0.0,0.0,1
27.07,EUR,Stripe Demo Store,RU,3.3347,2.0,0.0,0.0,0.0,0.0,1.0,0.0,1.0,1
17.19,GBP,Amazon,NG,2.9009,3.0,0.0,0.0,0.0,1.0,0.0,0.45,0.0,1
16.76,USD,Apple,NG,2.8771,1.0,0.0,0.0,0.0,0.0,0.0,0.0,0.0,1
8.0,EUR,Netflix,NG,2.1967,2.0,0.0,0.0,0.0,1.0,1.0,0.0,0.0,0
12.69,EUR,Shopify Merchant,NG,2.6168,1.0,0.0,0.0,0.0,1.0,1.0,0.0,0.0,1
1325.19,USD,Spotify,NG,7.1901,2.0,1.0,0.0,0.0,0.0,0.0,0.45,0.0,1
1940.19,USD,Stripe Demo Store,NG,7.5711,3.0,1.0,0.0,0.0,0.0,0.0,0.0,0.0,0
35.73,EUR,Stripe Demo Store,NG,3.6035,3.0,0.0,0.0,0.0,0.0,0.0,0.0,0.0,0
39.47,USD,Apple,NG,3.7006,4.0,0.0,0.0,0.0,0.0,1.0,0.0,0.0,1
16.83,USD,Spotify,NG,2.8811,1.0,0.0,0.0,0.0,0.0,0.0,0.0,0.0,0
5.49,USD,Netflix,NG,1.8707,2.0,0.0,0.0,0.0,0.0,0.0,0.0,0.0,0
11.83,GBP,Netflix,NG,2.5515,4.0,0.0,0.0,0.0,0.0,0.0,0.0,0.0,0
18.76,USD,Shopify Merchant,NG,2.9836,6.0,0.0,0.0,0.0,0.0,1.0,0.0,0.0,1
11.66,EUR,Amazon,NG,2.5387,2.0,0.0,0.0,0.0,1.0,0.0,0.45,0.0,0
9.6,EUR,Spotify,NG,2.3609,2.0,0.0,0.0,0.0,0.0,0.0,0.0,0.0,0
21.09,USD,Spotify,NG,3.0952,3.0,0.0,0.0,0.0,0.0,1.0,1.0,0.0,1
110.08,USD,Shopify Merchant,NG,4.7103,10.0,0.0,0.0,0.0,0.0,1.0,0.0,0.0,1
14.27,GBP,Apple,RU,2.726,1.0,0.0,0.0,0.0,0.0,1.0,0.0,1.0,0
20.05,USD,Dark Web Market,NG,3.0467,1.0,0.0,0.0,1.0,0.0,1.0,0.45,0.0,1
8.02,GBP,Apple,NG,2.1991,4.0,0.0,0.0,0.0,0.0,0.0,0.45,0.0,0
1340.29,EUR,Spotify,NG,7.2014,3.0,1.0,0.0,0.0,0.0,0.0,0.0,0.0,1
820.22,EUR,Amazon,CN,6.7108,1.0,1.0,0.0,0.0,0.0,1.0,0.45,1.0,1
35.3,USD,Amazon,NG,3.5919,1.0,0.0,0.0,0.0,1.0,0.0,0.45,0.0,1
52.03,USD,Shopify Merchant,NG,3.9709,2.0,0.0,0.0,0.0,0.0,0.0,0.0,0.0,1
14.89,EUR,Netflix,NG,2.7659,3.0,0.0,0.0,0.0,0.0,1.0,0.0,0.0,1
16.25,USD,Spotify,NG,2.848,3.0,0.0,0.0,0.0,0.0,0.0,0.0,0.0,0
66.48,EUR,Stripe Demo Store,NG,4.2118,1.0,0.0,0.0,0.0,1.0,1.0,0.0,0.0,1
31.28,USD,Shopify Merchant,NG,3.4744,1.0,0.0,0.0,0.0,0.0,0.0,0.0,0.0,0
5.0,GBP,Spotify,NG,1.7918,3.0,0.0,0.0,0.0,0.0,0.0,0.0,0.0,1
2284.89,EUR,Amazon,DE,7.7345,1.0,1.0,0.0,0.0,0.0,0.0,0.0,1.0,1
13.37,USD,Stripe Demo Store,RU,2.665,2.0,0.0,0.0,0.0,0.0,0.0,0.0,1.0,0
37.66,USD,Spotify,NG,3.6549,2.0,0.0,0.0,0.0,0.0,1.0,0.0,0.0,1
26.73,USD,Amazon,US,3.3225,1.0,0.0,0.0,0.0,1.0,1.0,0.0,1.0,1
5.94,USD,Spotify,NG,1.9372,3.0,0.0,0.0,0.0,0.0,0.0,0.0,0.0,0
24.24,GBP,Stripe Demo Store,NG,3.2286,1.0,0.0,0.0,0.0,0.0,0.0,0.0,0.0,0
1021.27,USD,Wallet Drain Services,NG,6.9298,3.0,1.0,0.0,1.0,0.0,1.0,0.45,0.0,1
1093.99,GBP,Spotify,NG,6.9985,2.0,1.0,0.0,0.0,0.0,1.0,1.0,0.0,1
30.05,USD,Apple,RU,3.4356,2.0,0.0,0.0,0.0,0.0,0.0,1.0,1.0,0
1681.41,GBP,Netflix,NG,7.428,4.0,1.0,0.0,0.0,1.0,0.0,0.0,0.0,1
26.84,EUR,Netflix,DE,3.3263,1.0,0.0,0.0,0.0,0.0,0.0,0.0,1.0,0
20.41,EUR,Netflix,DE,3.0639,3.0,0.0,0.0,0.0,0.0,0.0,0.0,1.0,0
44.86,GBP,Spotify,US,3.8256,1.0,0.0,0.0,0.0,0.0,0.0,0.0,1.0,0
96.54,USD,Netflix,DE,4.5802,10.0,0.0,0.0,0.0,0.0,1.0,0.0,1.0,1
38.11,USD,Shopify Merchant,NG,3.6664,1.0,0.0,0.0,0.0,0.0,1.0,0.45,0.0,0
23.2,GBP,Stripe Demo Store,NG,3.1865,2.0,0.0,0.0,0.0,0.0,1.0,0.0,0.0,1
27.19,EUR,Stripe Demo Store,NG,3.3389,1.0,0.0,0.0,0.0,0.0,0.0,0.0,0.0,0
1493.4,GBP,Apple,NG,7.3095,1.0,1.0,0.0,0.0,1.0,0.0,0.45,0.0,1
20.35,EUR,Apple,NG,3.0609,1.0,0.0,0.0,0.0,0.0,1.0,0.45,0.0,1
1201.32,EUR,Netflix,RU,7.092,1.0,1.0,0.0,0.0,0.0,0.0,0.45,1.0,1
11.89,USD,Spotify,NG,2.5564,1.0,0.0,0.0,0.0,0.0,1.0,0.45,0.0,1
2101.31,EUR,Shopify Merchant,NG,7.6508,1.0,1.0,0.0,0.0,0.0,0.0,0.0,0.0,1
18.39,GBP,Spotify,CN,2.9648,3.0,0.0,0.0,0.0,1.0,1.0,0.0,1.0,1
7.13,EUR,Apple,DE,2.095,2.0,0.0,0.0,0.0,0.0,1.0,0.0,1.0,0
17.6,GBP,Apple,NG,2.9234,1.0,0.0,0.0,0.0,0.0,1.0,1.0,0.0,1
2373.0,EUR,Anonymous Crypto Mix,NG,7.7723,5.0,1.0,0.0,1.0,0.0,0.0,0.45,0.0,1
30.09,EUR,Netflix,RU,3.437,2.0,0.0,0.0,0.0,0.0,0.0,0.0,1.0,0
21.41,USD,Shopify Merchant,NG,3.1096,1.0,0.0,0.0,0.0,1.0,0.0,1.0,0.0,0
2095.0,USD,Apple,NG,7.6478,1.0,1.0,0.0,0.0,0.0,0.0,0.0,0.0,1
56.24,EUR,Stripe Demo Store,NG,4.0473,2.0,0.0,0.0,0.0,0.0,1.0,0.0,0.0,1
1565.83,GBP,Netflix,NG,7.3568,2.0,1.0,0.0,0.0,0.0,0.0,0.0,0.0,1
60.96,GBP,Apple,DE,4.1265,4.0,0.0,0.0,0.0,0.0,0.0,0.0,1.0,1
23.71,EUR,Netflix,RU,3.2072,2.0,0.0,0.0,0.0,0.0,0.0,0.0,1.0,0
19.59,EUR,Netflix,NG,3.0248,8.0,0.0,0.0,0.0,0.0,1.0,0.0,0.0,1
32.87,USD,Stripe Demo Store,CN,3.5225,3.0,0.0,0.0,0.0,1.0,1.0,0.0,1.0,1
13.41,USD,Amazon,RU,2.6677,8.0,0.0,0.0,0.0,0.0,1.0,0.45,1.0,1
22.0,GBP,Spotify,NG,3.1355,2.0,0.0,0.0,0.0,0.0,0.0,0.0,0.0,1
17.76,GBP,Dark Web Market,NG,2.9318,2.0,0.0,0.0,1.0,0.0,0.0,1.0,0.0,1
972.8,GBP,Amazon,NG,6.8812,3.0,1.0,0.0,0.0,0.0,0.0,0.0,0.0,1
1709.0,EUR,Apple,NG,7.4443,3.0,1.0,0.0,0.0,1.0,1.0,1.0,0.0,1
14.75,GBP,Stripe Demo Store,NG,2.7569,1.0,0.0,0.0,0.0,0.0,1.0,0.0,0.0,0
16.95,USD,Amazon,NG,2.8875,1.0,0.0,0.0,0.0,0.0,0.0,1.0,0.0,1
25.91,GBP,Spotify,NG,3.2925,1.0,0.0,0.0,0.0,0.0,0.0,0.45,0.0,0
1651.27,USD,Apple,NG,7.4099,1.0,1.0,0.0,0.0,0.0,0.0,0.0,0.0,1
1101.78,GBP,Shopify Merchant,NG,7.0056,5.0,1.0,0.0,0.0,0.0,0.0,1.0,0.0,1
15.87,GBP,Apple,CN,2.8255,3.0,0.0,0.0,0.0,0.0,0.0,0.45,1.0,1
11.76,EUR,Netflix,US,2.5461,1.0,0.0,0.0,0.0,0.0,0.0,1.0,1.0,1
1556.8,EUR,Apple,NG,7.351,1.0,1.0,0.0,0.0,0.0,0.0,0.45,0.0,1
1627.99,GBP,Amazon,DE,7.3957,1.0,1.0,0.0,0.0,0.0,0.0,1.0,1.0,0
17.5,USD,Stripe Demo Store,NG,2.918,4.0,0.0,0.0,0.0,0.0,0.0,0.0,0.0,1
568.37,USD,Apple,RU,6.3445,5.0,1.0,0.0,0.0,0.0,0.0,0.0,1.0,1
25.14,EUR,Spotify,NG,3.2633,1.0,0.0,0.0,0.0,0.0,1.0,0.0,0.0,1
9.59,USD,Stripe Demo Store,NG,2.3594,1.0,0.0,0.0,0.0,0.0,0.0,0.45,0.0,0
2329.0,USD,Netflix,NG,7.7536,6.0,1.0,0.0,0.0,0.0,1.0,0.0,0.0,1
38.9,EUR,Amazon,NG,3.6865,2.0,0.0,0.0,0.0,0.0,1.0,0.0,0.0,0
10.69,USD,Netflix,US,2.4586,4.0,0.0,0.0,0.0,0.0,0.0,0.0,1.0,1
1816.16,EUR,Shopify Merchant,US,7.505,1.0,1.0,0.0,0.0,0.0,1.0,1.0,1.0,0
1772.0,GBP,Stripe Demo Store,NG,7.4804,1.0,1.0,0.0,0.0,0.0,1.0,0.45,0.0,1
18.0,GBP,Apple,NG,2.9445,2.0,0.0,0.0,0.0,1.0,1.0,0.0,0.0,1
25.81,GBP,Apple,RU,3.2887,1.0,0.0,0.0,0.0,0.0,0.0,0.0,1.0,0
1453.37,USD,Spotify,DE,7.2823,4.0,1.0,0.0,0.0,0.0,0.0,1.0,1.0,1
29.42,GBP,Amazon,NG,3.415,3.0,0.0,0.0,0.0,0.0,0.0,0.0,0.0,1
4206.38,GBP,Amazon,NG,8.3446,1.0,1.0,1.0,0.0,0.0,1.0,0.0,0.0,1
15.86,USD,Gambling Anonymous Hub,CN,2.8249,2.0,0.0,0.0,1.0,0.0,0.0,1.0,1.0,1
5.0,USD,Netflix,US,1.7918,3.0,0.0,0.0,0.0,0.0,0.0,1.0,1.0,1
29.05,USD,Stripe Demo Store,NG,3.4029,5.0,0.0,0.0,0.0,0.0,0.0,0.0,0.0,1
1077.74,GBP,Netflix,US,6.9835,1.0,1.0,0.0,0.0,0.0,0.0,0.0,1.0,0
8000.02,USD,Shopify Merchant,NG,8.9873,3.0,1.0,1.0,0.0,1.0,1.0,1.0,0.0,1
28.14,EUR,Spotify,NG,3.3721,1.0,0.0,0.0,0.0,1.0,0.0,0.0,0.0,1
15.75,USD,Shopify Merchant,DE,2.8182,5.0,0.0,0.0,0.0,0.0,0.0,0.0,1.0,0
1150.08,USD,Shopify Merchant,NG,7.0485,2.0,1.0,0.0,0.0,0.0,0.0,0.45,0.0,1
23.18,GBP,Amazon,NG,3.1856,1.0,0.0,0.0,0.0,0.0,0.0,0.0,0.0,0
22.52,USD,Spotify,US,3.158,3.0,0.0,0.0,0.0,1.0,1.0,0.0,1.0,1
517.16,USD,Spotify,RU,6.2503,3.0,1.0,0.0,0.0,0.0,0.0,0.0,1.0,1
939.43,USD,Apple,NG,6.8463,3.0,1.0,0.0,0.0,0.0,0.0,0.0,0.0,1
580.53,GBP,Amazon,NG,6.3657,1.0,1.0,0.0,0.0,0.0,1.0,0.0,0.0,1
16.02,USD,Amazon,DE,2.8347,3.0,0.0,0.0,0.0,0.0,0.0,0.0,1.0,0
8.45,USD,Amazon,NG,2.2457,4.0,0.0,0.0,0.0,0.0,0.0,0.0,0.0,0
1902.19,GBP,Netflix,NG,7.5513,1.0,1.0,0.0,0.0,0.0,1.0,1.0,0.0,1
13.36,GBP,Spotify,NG,2.6647,1.0,0.0,0.0,0.0,0.0,1.0,1.0,0.0,0
14.45,EUR,Netflix,RU,2.7379,4.0,0.0,0.0,0.0,0.0,0.0,0.45,1.0,0
1206.69,GBP,Shopify Merchant,NG,7.0965,2.0,1.0,0.0,0.0,1.0,1.0,0.45,0.0,1
20.7,EUR,Stripe Demo Store,US,3.0773,2.0,0.0,0.0,0.0,0.0,0.0,0.0,1.0,0
1466.06,USD,Shopify Merchant,NG,7.291,4.0,1.0,0.0,0.0,0.0,0.0,0.0,0.0,1
8.37,USD,Apple,NG,2.2373,1.0,0.0,0.0,0.0,0.0,1.0,0.45,0.0,1
6387.92,EUR,Gambling Anonymous Hub,NG,8.7623,3.0,1.0,1.0,1.0,0.0,1.0,1.0,0.0,1
27.67,USD,Netflix,NG,3.3559,2.0,0.0,0.0,0.0,0.0,0.0,0.0,0.0,1
5.0,EUR,Shopify Merchant,NG,1.7918,1.0,0.0,0.0,0.0,0.0,0.0,0.45,0.0,1
1917.34,USD,Shopify Merchant,NG,7.5592,8.0,1.0,0.0,0.0,0.0,0.0,1.0,0.0,1
59.8,USD,Netflix,CN,4.1076,3.0,0.0,0.0,0.0,1.0,0.0,0.0,1.0,1
17.9,USD,Netflix,NG,2.9394,1.0,0.0,0.0,0.0,0.0,1.0,0.45,0.0,0
49.88,USD,Apple,RU,3.9295,5.0,0.0,0.0,0.0,0.0,0.0,1.0,1.0,1
2165.97,USD,Shopify Merchant,NG,7.6811,5.0,1.0,0.0,0.0,1.0,1.0,0.45,0.0,1
965.37,GBP,Apple,NG,6.8735,3.0,1.0,0.0,0.0,0.0,0.0,0.0,0.0,1
14.59,GBP,Apple,NG,2.7469,1.0,0.0,0.0,0.0,1.0,0.0,1.0,0.0,0
5.0,EUR,Netflix,NG,1.7918,1.0,0.0,0.0,0.0,0.0,1.0,0.45,0.0,1
18.99,EUR,Netflix,NG,2.9954,3.0,0.0,0.0,0.0,0.0,0.0,0.0,0.0,0
4851.11,EUR,Gambling Anonymous Hub,NG,8.4872,5.0,1.0,1.0,1.0,0.0,0.0,1.0,0.0,1
3706.38,EUR,Netflix,NG,8.2181,1.0,1.0,1.0,0.0,0.0,1.0,0.0,0.0,1
6205.65,EUR,Apple,US,8.7334,2.0,1.0,1.0,0.0,0.0,1.0,1.0,1.0,1
25.29,USD,Spotify,NG,3.269,1.0,0.0,0.0,0.0,1.0,0.0,0.45,0.0,0
39.64,USD,Shopify Merchant,NG,3.7047,2.0,0.0,0.0,0.0,0.0,0.0,0.0,0.0,0
1465.32,GBP,Shopify Merchant,NG,7.2905,2.0,1.0,0.0,0.0,0.0,0.0,0.45,0.0,0
2137.57,GBP,Shopify Merchant,NG,7.6679,1.0,1.0,0.0,0.0,0.0,1.0,0.0,0.0,1
13.98,USD,Stripe Demo Store,NG,2.7069,2.0,0.0,0.0,0.0,0.0,0.0,1.0,0.0,1
40.52,USD,Stripe Demo Store,CN,3.7261,2.0,0.0,0.0,0.0,0.0,1.0,0.0,1.0,1
34.24,USD,Amazon,NG,3.5621,2.0,0.0,0.0,0.0,0.0,0.0,0.0,0.0,1
12.31,USD,Amazon,NG,2.5882,5.0,0.0,0.0,0.0,0.0,1.0,1.0,0.0,1
14.92,EUR,Netflix,NG,2.7678,1.0,0.0,0.0,0.0,0.0,1.0,0.0,0.0,0
40.96,GBP,Stripe Demo Store,NG,3.7368,1.0,0.0,0.0,0.0,0.0,1.0,0.0,0.0,1
22.23,EUR,Spotify,RU,3.1454,2.0,0.0,0.0,0.0,1.0,0.0,0.45,1.0,1
2229.18,GBP,Stripe Demo Store,NG,7.7098,2.0,1.0,0.0,0.0,0.0,1.0,0.0,0.0,1
1181.87,GBP,Shopify Merchant,NG,7.0757,1.0,1.0,0.0,0.0,0.0,0.0,0.0,0.0,1
5264.17,USD,Shopify Merchant,DE,8.5689,6.0,1.0,1.0,0.0,0.0,1.0,0.0,1.0,1
24.56,USD,Apple,NG,3.241,1.0,0.0,0.0,0.0,0.0,0.0,0.0,0.0,1
19.21,EUR,Amazon,NG,3.006,1.0,0.0,0.0,0.0,0.0,1.0,0.0,0.0,1
25.86,GBP,Stripe Demo Store,DE,3.2906,3.0,0.0,0.0,0.0,0.0,0.0,0.0,1.0,0
15.08,GBP,Dark Web Market,US,2.7777,5.0,0.0,0.0,1.0,0.0,0.0,0.45,1.0,1
13.27,EUR,Shopify Merchant,NG,2.6583,2.0,0.0,0.0,0.0,1.0,0.0,0.0,0.0,0
1016.0,USD,Netflix,NG,6.9246,1.0,1.0,0.0,0.0,0.0,0.0,0.0,0.0,1
1983.19,USD,Amazon,NG,7.593,1.0,1.0,0.0,0.0,0.0,0.0,0.0,0.0,0
1116.72,USD,Stripe Demo Store,NG,7.019,1.0,1.0,0.0,0.0,0.0,0.0,0.45,0.0,1
38.03,EUR,Stripe Demo Store,NG,3.6643,2.0,0.0,0.0,0.0,1.0,1.0,0.0,0.0,1
10.2,EUR,Apple,NG,2.4156,2.0,0.0,0.0,0.0,0.0,1.0,1.0,0.0,1
83.55,EUR,Shopify Merchant,NG,4.4373,1.0,0.0,0.0,0.0,0.0,0.0,0.0,0.0,0
14.84,GBP,Apple,NG,2.7622,2.0,0.0,0.0,0.0,0.0,0.0,0.0,0.0,1
20.5,GBP,Spotify,NG,3.0682,3.0,0.0,0.0,0.0,0.0,1.0,0.45,0.0,1
37.64,GBP,Stripe Demo Store,RU,3.6544,1.0,0.0,0.0,0.0,0.0,0.0,0.0,1.0,1
2382.78,USD,Shopify Merchant,NG,7.7764,1.0,1.0,0.0,0.0,0.0,0.0,0.0,0.0,0
17.01,USD,Spotify,CN,2.8912,3.0,0.0,0.0,0.0,0.0,1.0,0.0,1.0,0
7023.13,GBP,Spotify,RU,8.8571,1.0,1.0,1.0,0.0,0.0,0.0,1.0,1.0,1
3499.33,EUR,Spotify,NG,8.1606,1.0,1.0,1.0,0.0,0.0,0.0,0.0,0.0,1
26.02,USD,Amazon,NG,3.2967,1.0,0.0,0.0,0.0,1.0,0.0,0.0,0.0,0
2195.91,USD,Spotify,NG,7.6948,2.0,1.0,0.0,0.0,0.0,0.0,0.0,0.0,0
18.42,GBP,Apple,NG,2.9663,2.0,0.0,0.0,0.0,0.0,0.0,0.0,0.0,1
1410.13,EUR,Amazon,NG,7.2521,2.0,1.0,0.0,0.0,0.0,0.0,1.0,0.0,1
824.34,EUR,Amazon,NG,6.7158,1.0,1.0,0.0,0.0,0.0,1.0,1.0,0.0,1
1933.37,EUR,Amazon,NG,7.5675,2.0,1.0,0.0,0.0,0.0,1.0,0.45,0.0,1
1238.18,EUR,Spotify,NG,7.1222,1.0,1.0,0.0,0.0,0.0,1.0,0.0,0.0,1
72.61,EUR,Stripe Demo Store,NG,4.2988,4.0,0.0,0.0,0.0,1.0,1.0,0.0,0.0,1
1242.49,EUR,Spotify,NG,7.1257,8.0,1.0,0.0,0.0,0.0,0.0,0.0,0.0,1
14.01,USD,Shopify Merchant,NG,2.7088,2.0,0.0,0.0,0.0,0.0,0.0,0.0,0.0,0
5.28,USD,Amazon,NG,1.8372,1.0,0.0,0.0,0.0,0.0,0.0,0.0,0.0,0
7.36,EUR,XXX Test Casino,CN,2.1236,3.0,0.0,0.0,1.0,0.0,1.0,0.45,1.0,1
1730.68,EUR,Amazon,NG,7.4568,1.0,1.0,0.0,0.0,0.0,0.0,0.0,0.0,1
18.62,EUR,Spotify,RU,2.9765,1.0,0.0,0.0,0.0,0.0,0.0,0.45,1.0,0
13.61,GBP,Amazon,DE,2.6819,5.0,0.0,0.0,0.0,1.0,0.0,0.0,1.0,1
2279.43,USD,Spotify,DE,7.7321,1.0,1.0,0.0,0.0,0.0,0.0,0.0,1.0,1
13.49,GBP,Spotify,NG,2.6735,1.0,0.0,0.0,0.0,0.0,1.0,0.0,0.0,0
10.59,USD,Spotify,NG,2.4501,2.0,0.0,0.0,0.0,0.0,1.0,0.0,0.0,1
30.84,USD,Apple,CN,3.4608,2.0,0.0,0.0,0.0,0.0,0.0,0.0,1.0,1
52.38,EUR,Shopify Merchant,DE,3.9775,2.0,0.0,0.0,0.0,0.0,0.0,0.0,1.0,1
1781.72,EUR,Amazon,US,7.4859,1.0,1.0,0.0,0.0,0.0,0.0,0.0,1.0,1
23.82,USD,Amazon,NG,3.2117,3.0,0.0,0.0,0.0,0.0,1.0,0.45,0.0,1
5.29,EUR,Netflix,NG,1.8395,1.0,0.0,0.0,0.0,0.0,0.0,0.0,0.0,0
694.63,EUR,Shopify Merchant,NG,6.5448,6.0,1.0,0.0,0.0,0.0,1.0,0.45,0.0,1
13.3,USD,Netflix,NG,2.6604,1.0,0.0,0.0,0.0,0.0,0.0,1.0,0.0,1
1568.63,USD,Amazon,NG,7.3586,1.0,1.0,0.0,0.0,0.0,1.0,1.0,0.0,1
11.65,USD,Shopify Merchant,NG,2.5373,2.0,0.0,0.0,0.0,1.0,1.0,0.0,0.0,0
2310.78,USD,Stripe Demo Store,NG,7.7458,1.0,1.0,0.0,0.0,0.0,0.0,0.0,0.0,1
20.6,EUR,Apple,NG,3.0727,2.0,0.0,0.0,0.0,0.0,1.0,0.45,0.0,1
20.61,USD,Shopify Merchant,CN,3.0733,1.0,0.0,0.0,0.0,0.0,0.0,0.0,1.0,0
11.59,EUR,Stripe Demo Store,RU,2.5331,1.0,0.0,0.0,0.0,0.0,0.0,0.0,1.0,0
80.67,USD,Shopify Merchant,NG,4.4027,1.0,0.0,0.0,0.0,1.0,0.0,0.0,0.0,1
16.68,EUR,Spotify,DE,2.8725,1.0,0.0,0.0,0.0,0.0,0.0,0.0,1.0,1
1476.47,GBP,Shopify Merchant,US,7.2981,1.0,1.0,0.0,0.0,0.0,1.0,0.0,1.0,1
15.16,GBP,Shopify Merchant,NG,2.7826,1.0,0.0,0.0,0.0,0.0,0.0,0.0,0.0,0
27.33,EUR,Netflix,US,3.3439,1.0,0.0,0.0,0.0,0.0,1.0,0.45,1.0,1
47.68,EUR,Shopify Merchant,NG,3.8852,3.0,0.0,0.0,0.0,0.0,1.0,0.0,0.0,1
64.36,USD,Shopify Merchant,NG,4.18,3.0,0.0,0.0,0.0,0.0,1.0,0.0,0.0,1
11.78,EUR,Shopify Merchant,NG,2.5479,1.0,0.0,0.0,0.0,0.0,0.0,1.0,0.0,0
1551.77,USD,Amazon,NG,7.3478,1.0,1.0,0.0,0.0,0.0,0.0,0.45,0.0,1
1606.43,EUR,Amazon,NG,7.3824,1.0,1.0,0.0,0.0,1.0,1.0,0.0,0.0,1
39.73,USD,Amazon,NG,3.707,1.0,0.0,0.0,0.0,0.0,0.0,0.0,0.0,0
18.83,USD,Amazon,NG,2.9874,2.0,0.0,0.0,0.0,0.0,1.0,0.45,0.0,1
17.62,GBP,Netflix,RU,2.9243,1.0,0.0,0.0,0.0,0.0,0.0,0.45,1.0,0
38.67,USD,Shopify Merchant,RU,3.6805,8.0,0.0,0.0,0.0,0.0,0.0,0.45,1.0,1
39.18,USD,Shopify Merchant,NG,3.6935,3.0,0.0,0.0,0.0,0.0,1.0,0.0,0.0,1
60.1,USD,Netflix,RU,4.1125,1.0,0.0,0.0,0.0,0.0,1.0,0.0,1.0,0
2196.64,GBP,Amazon,NG,7.6951,1.0,1.0,0.0,0.0,0.0,0.0,0.0,0.0,1
18.64,GBP,Shopify Merchant,CN,2.9774,1.0,0.0,0.0,0.0,0.0,1.0,1.0,1.0,1
5.0,EUR,Stripe Demo Store,NG,1.7918,1.0,0.0,0.0,0.0,0.0,0.0,0.0,0.0,1
6.5,USD,XXX Test Casino,US,2.0152,2.0,0.0,0.0,1.0,0.0,1.0,0.45,1.0,0
15.24,GBP,Amazon,NG,2.7876,1.0,0.0,0.0,0.0,0.0,0.0,0.45,0.0,0
9.29,USD,Spotify,NG,2.3315,1.0,0.0,0.0,0.0,1.0,1.0,0.45,0.0,1
35.51,USD,XXX Test Casino,US,3.5977,1.0,0.0,0.0,1.0,0.0,0.0,0.45,1.0,1
2035.22,EUR,Stripe Demo Store,NG,7.6188,2.0,1.0,0.0,0.0,0.0,1.0,0.0,0.0,1
14.14,GBP,Amazon,NG,2.7174,1.0,0.0,0.0,0.0,0.0,0.0,1.0,0.0,0
14.54,USD,XXX Test Casino,NG,2.7431,6.0,0.0,0.0,1.0,0.0,0.0,0.45,0.0,1
46.68,GBP,Shopify Merchant,NG,3.8645,1.0,0.0,0.0,0.0,0.0,0.0,0.0,0.0,0
13.12,USD,Apple,NG,2.6477,1.0,0.0,0.0,0.0,0.0,0.0,0.45,0.0,0
27.57,USD,Stripe Demo Store,NG,3.3523,2.0,0.0,0.0,0.0,0.0,1.0,0.0,0.0,0
23.03,GBP,Wallet Drain Services,NG,3.1795,2.0,0.0,0.0,1.0,0.0,1.0,0.45,0.0,0
37.8,GBP,Spotify,NG,3.6584,1.0,0.0,0.0,0.0,0.0,0.0,0.0,0.0,1
36.42,USD,Stripe Demo Store,NG,3.6222,2.0,0.0,0.0,0.0,0.0,1.0,0.0,0.0,0
1695.29,EUR,Amazon,NG,7.4362,1.0,1.0,0.0,0.0,1.0,1.0,0.0,0.0,1
3977.18,EUR,Anonymous Crypto Mix,NG,8.2886,1.0,1.0,1.0,1.0,0.0,1.0,0.45,0.0,1
17.08,USD,Amazon,NG,2.8947,1.0,0.0,0.0,0.0,0.0,1.0,0.0,0.0,1
19.81,GBP,Amazon,NG,3.0353,2.0,0.0,0.0,0.0,0.0,1.0,0.0,0.0,0
798.24,EUR,Amazon,NG,6.6837,2.0,1.0,0.0,0.0,0.0,0.0,0.0,0.0,1
8543.98,GBP,Spotify,US,9.0531,2.0,1.0,1.0,0.0,0.0,1.0,0.0,1.0,1
890.03,USD,Amazon,NG,6.7924,6.0,1.0,0.0,0.0,0.0,0.0,0.0,0.0,1
20.28,EUR,Stripe Demo Store,NG,3.0577,2.0,0.0,0.0,0.0,1.0,0.0,0.0,0.0,1
10.55,EUR,Apple,NG,2.4463,4.0,0.0,0.0,0.0,0.0,0.0,0.0,0.0,0
14.57,USD,Spotify,NG,2.7456,1.0,0.0,0.0,0.0,1.0,0.0,0.0,0.0,1
2320.76,EUR,Amazon,CN,7.7501,2.0,1.0,0.0,0.0,0.0,1.0,0.45,1.0,1
31.98,EUR,Shopify Merchant,CN,3.4959,2.0,0.0,0.0,0.0,0.0,0.0,0.0,1.0,1
41.84,USD,Shopify Merchant,NG,3.7575,1.0,0.0,0.0,0.0,0.0,0.0,1.0,0.0,1
9.69,EUR,Stripe Demo Store,NG,2.3691,1.0,0.0,0.0,0.0,0.0,0.0,0.0,0.0,0
12.4,USD,Amazon,NG,2.5954,2.0,0.0,0.0,0.0,0.0,1.0,1.0,0.0,1
12.47,USD,Spotify,RU,2.6002,1.0,0.0,0.0,0.0,0.0,0.0,0.0,1.0,0
22.85,USD,Stripe Demo Store,NG,3.1719,1.0,0.0,0.0,0.0,1.0,0.0,0.0,0.0,1
17.78,EUR,Shopify Merchant,NG,2.9329,3.0,0.0,0.0,0.0,0.0,1.0,0.0,0.0,1
1319.29,EUR,Stripe Demo Store,NG,7.1856,2.0,1.0,0.0,0.0,0.0,0.0,0.0,0.0,1
15.57,GBP,Apple,NG,2.8074,1.0,0.0,0.0,0.0,0.0,1.0,0.45,0.0,1
11.52,USD,Netflix,NG,2.5274,1.0,0.0,0.0,0.0,0.0,0.0,0.0,0.0,0
996.08,EUR,Spotify,NG,6.9048,5.0,1.0,0.0,0.0,0.0,0.0,0.0,0.0,1
43.78,EUR,Gambling Anonymous Hub,NG,3.8018,6.0,0.0,0.0,1.0,1.0,1.0,0.45,0.0,1
6.96,EUR,Spotify,NG,2.075,2.0,0.0,0.0,0.0,0.0,1.0,0.0,0.0,0
25.6,EUR,XXX Test Casino,NG,3.2809,1.0,0.0,0.0,1.0,0.0,0.0,0.45,0.0,1
52.78,EUR,Apple,CN,3.9848,1.0,0.0,0.0,0.0,0.0,0.0,0.0,1.0,0
17.67,GBP,Shopify Merchant,NG,2.9268,1.0,0.0,0.0,0.0,0.0,1.0,0.0,0.0,0
13.87,USD,Netflix,NG,2.6994,3.0,0.0,0.0,0.0,0.0,1.0,0.45,0.0,1
38.36,EUR,Netflix,NG,3.6727,2.0,0.0,0.0,0.0,0.0,0.0,0.0,0.0,1
10.08,USD,Spotify,NG,2.4056,3.0,0.0,0.0,0.0,1.0,0.0,0.45,0.0,1
19.77,GBP,Amazon,RU,3.0335,1.0,0.0,0.0,0.0,0.0,0.0,0.0,1.0,1
9.7,GBP,Stripe Demo Store,NG,2.3702,4.0,0.0,0.0,0.0,1.0,0.0,0.0,0.0,1
5.42,EUR,Spotify,DE,1.8601,1.0,0.0,0.0,0.0,1.0,1.0,0.0,1.0,0
18.06,GBP,Spotify,NG,2.9475,1.0,0.0,0.0,0.0,0.0,1.0,0.45,0.0,1
8.29,EUR,XXX Test Casino,NG,2.2295,2.0,0.0,0.0,1.0,0.0,0.0,0.45,0.0,1
19.92,USD,Amazon,US,3.0408,2.0,0.0,0.0,0.0,0.0,1.0,0.0,1.0,1
43.84,GBP,Stripe Demo Store,NG,3.8031,5.0,0.0,0.0,0.0,1.0,1.0,0.0,0.0,1
1189.39,GBP,Amazon,DE,7.082,2.0,1.0,0.0,0.0,0.0,1.0,0.0,1.0,1
4978.66,EUR,XXX Test Casino,DE,8.5131,5.0,1.0,1.0,1.0,0.0,0.0,1.0,1.0,1
41.0,EUR,Stripe Demo Store,NG,3.7376,1.0,0.0,0.0,0.0,0.0,0.0,0.0,0.0,0
26.56,USD,Spotify,NG,3.3162,1.0,0.0,0.0,0.0,0.0,1.0,0.0,0.0,1
15.36,USD,Amazon,NG,2.7949,1.0,0.0,0.0,0.0,0.0,1.0,0.0,0.0,1
5.22,EUR,Netflix,CN,1.8279,1.0,0.0,0.0,0.0,0.0,0.0,0.0,1.0,0
1386.24,USD,Apple,NG,7.2351,4.0,1.0,0.0,0.0,0.0,0.0,0.45,0.0,1
9.64,USD,Dark Web Market,NG,2.3644,1.0,0.0,0.0,1.0,0.0,0.0,0.45,0.0,0
7122.22,USD,Netflix,NG,8.8711,1.0,1.0,1.0,0.0,0.0,0.0,1.0,0.0,1
29.25,EUR,Wallet Drain Services,NG,3.4094,1.0,0.0,0.0,1.0,0.0,1.0,0.45,0.0,1
10.14,USD,Stripe Demo Store,NG,2.4108,3.0,0.0,0.0,0.0,0.0,0.0,0.0,0.0,1
574.46,USD,Netflix,NG,6.3552,5.0,1.0,0.0,0.0,0.0,0.0,0.45,0.0,1
89.39,USD,Netflix,RU,4.5042,3.0,0.0,0.0,0.0,0.0,0.0,0.0,1.0,0
2157.39,USD,Amazon,NG,7.6771,1.0,1.0,0.0,0.0,0.0,0.0,0.0,0.0,1
14.03,GBP,Apple,NG,2.71,2.0,0.0,0.0,0.0,0.0,1.0,1.0,0.0,1
2323.45,USD,Shopify Merchant,NG,7.7512,1.0,1.0,0.0,0.0,0.0,0.0,0.45,0.0,1
21.55,USD,Stripe Demo Store,US,3.1155,5.0,0.0,0.0,0.0,0.0,0.0,1.0,1.0,1
17.89,EUR,Apple,NG,2.9385,1.0,0.0,0.0,0.0,1.0,0.0,0.0,0.0,0
1351.22,EUR,Dark Web Market,CN,7.2095,6.0,1.0,0.0,1.0,0.0,1.0,0.45,1.0,1
33.71,EUR,Amazon,NG,3.5469,3.0,0.0,0.0,0.0,0.0,0.0,0.0,0.0,0
6.14,EUR,Shopify Merchant,CN,1.9662,3.0,0.0,0.0,0.0,0.0,1.0,0.0,1.0,0
2012.93,EUR,Netflix,RU,7.6078,3.0,1.0,0.0,0.0,0.0,0.0,0.0,1.0,1
17.72,USD,Stripe Demo Store,US,2.9295,1.0,0.0,0.0,0.0,1.0,0.0,0.45,1.0,1
1217.74,EUR,Stripe Demo Store,NG,7.1056,1.0,1.0,0.0,0.0,0.0,0.0,0.0,0.0,1
23.91,EUR,Shopify Merchant,NG,3.2152,1.0,0.0,0.0,0.0,0.0,1.0,0.45,0.0,1
46.48,USD,Netflix,DE,3.8604,1.0,0.0,0.0,0.0,0.0,1.0,0.0,1.0,0
39.82,GBP,Netflix,NG,3.7093,3.0,0.0,0.0,0.0,0.0,1.0,0.0,0.0,1
11.88,GBP,Amazon,NG,2.556,2.0,0.0,0.0,0.0,0.0,0.0,0.0,0.0,0
4124.21,GBP,Amazon,NG,8.3249,4.0,1.0,1.0,0.0,0.0,0.0,0.0,0.0,1
26.66,EUR,Shopify Merchant,NG,3.3201,4.0,0.0,0.0,0.0,1.0,0.0,0.0,0.0,0
19.28,EUR,Netflix,NG,3.0095,1.0,0.0,0.0,0.0,0.0,0.0,0.0,0.0,0
14.67,USD,Apple,NG,2.752,1.0,0.0,0.0,0.0,1.0,1.0,0.0,0.0,1
6.19,USD,Spotify,RU,1.9725,1.0,0.0,0.0,0.0,0.0,0.0,0.0,1.0,1
18.61,EUR,Stripe Demo Store,NG,2.9758,1.0,0.0,0.0,0.0,0.0,1.0,0.0,0.0,0
1886.63,GBP,Netflix,CN,7.5431,2.0,1.0,0.0,0.0,1.0,1.0,0.0,1.0,1
1889.15,USD,Apple,NG,7.5444,3.0,1.0,0.0,0.0,1.0,1.0,0.0,0.0,1
1931.05,EUR,Stripe Demo Store,NG,7.5663,3.0,1.0,0.0,0.0,0.0,1.0,1.0,0.0,1
19.31,GBP,Amazon,RU,3.0112,2.0,0.0,0.0,0.0,0.0,0.0,0.45,1.0,1
24.57,GBP,Spotify,NG,3.2413,4.0,0.0,0.0,0.0,0.0,1.0,0.0,0.0,0
10.24,USD,Amazon,NG,2.4193,2.0,0.0,0.0,0.0,0.0,1.0,0.0,0.0,0
1407.11,GBP,Spotify,NG,7.25,10.0,1.0,0.0,0.0,0.0,0.0,0.0,0.0,1
7.65,USD,Apple,NG,2.1578,3.0,0.0,0.0,0.0,0.0,0.0,0.45,0.0,1
50.99,GBP,Shopify Merchant,NG,3.9511,3.0,0.0,0.0,0.0,0.0,0.0,0.0,0.0,1
10.1,USD,Netflix,NG,2.4066,1.0,0.0,0.0,0.0,0.0,0.0,0.0,0.0,0
1079.06,EUR,Shopify Merchant,RU,6.9848,4.0,1.0,0.0,0.0,1.0,0.0,0.0,1.0,1
2106.04,EUR,Stripe Demo Store,DE,7.653,1.0,1.0,0.0,0.0,0.0,0.0,0.45,1.0,1
1091.14,GBP,Shopify Merchant,NG,6.9959,1.0,1.0,0.0,0.0,1.0,0.0,0.0,0.0,1
25.53,GBP,Stripe Demo Store,NG,3.2781,2.0,0.0,0.0,0.0,1.0,0.0,0.0,0.0,1
7882.65,EUR,Amazon,NG,8.9725,1.0,1.0,1.0,0.0,0.0,1.0,0.0,0.0,1
40.89,EUR,Netflix,NG,3.7352,1.0,0.0,0.0,0.0,1.0,0.0,0.0,0.0,1
7.91,GBP,Stripe Demo Store,NG,2.187,1.0,0.0,0.0,0.0,1.0,1.0,0.0,0.0,1
12.19,EUR,Apple,NG,2.5795,3.0,0.0,0.0,0.0,0.0,1.0,0.0,0.0,1
24.82,GBP,Spotify,NG,3.2512,2.0,0.0,0.0,0.0,0.0,0.0,0.0,0.0,0
77.5,EUR,Stripe Demo Store,RU,4.3631,6.0,0.0,0.0,0.0,0.0,0.0,0.0,1.0,1
11.79,USD,Shopify Merchant,NG,2.5484,4.0,0.0,0.0,0.0,0.0,0.0,0.0,0.0,0
14.22,GBP,Amazon,NG,2.7224,1.0,0.0,0.0,0.0,1.0,1.0,0.0,0.0,0
26.94,USD,Shopify Merchant,US,3.3301,3.0,0.0,0.0,0.0,0.0,1.0,0.45,1.0,1
1076.64,GBP,Apple,NG,6.9825,2.0,1.0,0.0,0.0,0.0,0.0,0.0,0.0,1
32.34,GBP,Stripe Demo Store,CN,3.5066,1.0,0.0,0.0,0.0,1.0,1.0,0.45,1.0,0
11.11,GBP,Netflix,NG,2.4938,8.0,0.0,0.0,0.0,0.0,0.0,1.0,0.0,1
13.84,GBP,Spotify,NG,2.6973,5.0,0.0,0.0,0.0,0.0,1.0,1.0,0.0,1
1253.81,GBP,Apple,NG,7.1347,1.0,1.0,0.0,0.0,0.0,0.0,0.0,0.0,0
48.6,USD,Spotify,NG,3.904,4.0,0.0,0.0,0.0,0.0,0.0,0.45,0.0,0
17.0,EUR,Netflix,DE,2.8902,1.0,0.0,0.0,0.0,0.0,1.0,0.0,1.0,1
19.77,GBP,Stripe Demo Store,NG,3.0337,5.0,0.0,0.0,0.0,1.0,0.0,0.0,0.0,0
9.79,EUR,Spotify,NG,2.3791,2.0,0.0,0.0,0.0,0.0,0.0,0.0,0.0,0
74.01,EUR,Netflix,DE,4.3177,1.0,0.0,0.0,0.0,1.0,1.0,0.0,1.0,1
22.38,EUR,Apple,NG,3.1517,3.0,0.0,0.0,0.0,0.0,0.0,0.0,0.0,1
42.71,USD,Spotify,NG,3.7776,2.0,0.0,0.0,0.0,0.0,1.0,1.0,0.0,1
20.51,GBP,Gambling Anonymous Hub,NG,3.0685,1.0,0.0,0.0,1.0,0.0,1.0,0.45,0.0,0
21.32,USD,Spotify,NG,3.1055,3.0,0.0,0.0,0.0,0.0,0.0,0.0,0.0,1
7.03,GBP,Anonymous Crypto Mix,NG,2.0828,3.0,0.0,0.0,1.0,1.0,1.0,0.45,0.0,0
5.0,USD,Stripe Demo Store,US,1.7918,2.0,0.0,0.0,0.0,0.0,0.0,0.0,1.0,0
48.25,EUR,Wallet Drain Services,NG,3.8968,3.0,0.0,0.0,1.0,1.0,1.0,1.0,0.0,1
21.21,GBP,Amazon,NG,3.1007,1.0,0.0,0.0,0.0,0.0,0.0,1.0,0.0,1
23.21,EUR,Netflix,NG,3.1867,1.0,0.0,0.0,0.0,1.0,1.0,0.0,0.0,1
8.38,GBP,Shopify Merchant,NG,2.2384,2.0,0.0,0.0,0.0,1.0,0.0,0.0,0.0,0
10.67,GBP,Stripe Demo Store,NG,2.4574,1.0,0.0,0.0,0.0,1.0,1.0,0.0,0.0,1
42.25,EUR,Stripe Demo Store,NG,3.767,2.0,0.0,0.0,0.0,0.0,0.0,1.0,0.0,1
67.9,USD,Stripe Demo Store,NG,4.2327,5.0,0.0,0.0,0.0,0.0,1.0,0.0,0.0,1
13.0,GBP,Amazon,NG,2.6392,4.0,0.0,0.0,0.0,0.0,1.0,0.0,0.0,1
32.14,GBP,XXX Test Casino,NG,3.5007,2.0,0.0,0.0,1.0,0.0,0.0,0.45,0.0,0
22.94,GBP,XXX Test Casino,NG,3.1757,2.0,0.0,0.0,1.0,0.0,1.0,0.45,0.0,0
18.46,EUR,Stripe Demo Store,NG,2.9684,4.0,0.0,0.0,0.0,0.0,1.0,0.0,0.0,0
1174.91,USD,XXX Test Casino,NG,7.0698,4.0,1.0,0.0,1.0,0.0,0.0,0.45,0.0,1
14.63,EUR,Apple,NG,2.7489,1.0,0.0,0.0,0.0,0.0,1.0,0.45,0.0,0
47.87,GBP,Dark Web Market,NG,3.8892,2.0,0.0,0.0,1.0,0.0,1.0,0.45,0.0,1
1449.76,USD,Amazon,NG,7.2798,1.0,1.0,0.0,0.0,0.0,1.0,0.0,0.0,1
10.54,USD,Stripe Demo Store,NG,2.4462,1.0,0.0,0.0,0.0,0.0,0.0,0.45,0.0,1
26.23,EUR,Netflix,NG,3.3044,1.0,0.0,0.0,0.0,0.0,1.0,0.0,0.0,1
19.85,USD,Stripe Demo Store,NG,3.0373,2.0,0.0,0.0,0.0,1.0,0.0,0.0,0.0,0
7095.02,EUR,Wallet Drain Services,NG,8.8673,3.0,1.0,1.0,1.0,0.0,1.0,0.45,0.0,1
4663.8,GBP,Spotify,NG,8.4478,5.0,1.0,1.0,0.0,0.0,1.0,0.0,0.0,1
18.77,USD,Spotify,NG,2.9844,1.0,0.0,0.0,0.0,0.0,0.0,0.0,0.0,1
660.24,GBP,Stripe Demo Store,NG,6.4941,1.0,1.0,0.0,0.0,0.0,1.0,0.0,0.0,1
48.16,USD,Netflix,NG,3.895,1.0,0.0,0.0,0.0,0.0,0.0,0.0,0.0,0
46.59,GBP,Spotify,NG,3.8626,1.0,0.0,0.0,0.0,0.0,1.0,0.0,0.0,0
5.0,USD,Spotify,NG,1.7918,1.0,0.0,0.0,0.0,0.0,0.0,0.0,0.0,1
27.33,EUR,Apple,NG,3.3441,8.0,0.0,0.0,0.0,0.0,0.0,0.45,0.0,1
23.3,USD,Amazon,RU,3.1905,1.0,0.0,0.0,0.0,0.0,1.0,0.0,1.0,1
1223.39,USD,Apple,NG,7.1102,3.0,1.0,0.0,0.0,0.0,0.0,0.0,0.0,1
30.78,EUR,Netflix,NG,3.4588,1.0,0.0,0.0,0.0,0.0,0.0,0.0,0.0,0
24.1,USD,Netflix,US,3.223,2.0,0.0,0.0,0.0,0.0,1.0,0.45,1.0,1
32.28,USD,Gambling Anonymous Hub,NG,3.505,4.0,0.0,0.0,1.0,0.0,1.0,0.45,0.0,1
16.65,GBP,Amazon,US,2.8708,5.0,0.0,0.0,0.0,0.0,0.0,0.0,1.0,0
57.32,GBP,Wallet Drain Services,NG,4.066,1.0,0.0,0.0,1.0,0.0,1.0,0.45,0.0,1
4070.86,GBP,Spotify,CN,8.3119,5.0,1.0,1.0,0.0,0.0,0.0,0.0,1.0,0
29.36,EUR,Netflix,RU,3.4133,1.0,0.0,0.0,0.0,0.0,1.0,0.0,1.0,0
28.38,EUR,Amazon,US,3.3802,3.0,0.0,0.0,0.0,0.0,1.0,0.0,1.0,0
45.15,EUR,Apple,NG,3.832,1.0,0.0,0.0,0.0,0.0,1.0,0.45,0.0,0
4584.4,USD,Shopify Merchant,NG,8.4306,2.0,1.0,1.0,0.0,0.0,1.0,0.0,0.0,1
1960.76,GBP,Apple,NG,7.5816,3.0,1.0,0.0,0.0,0.0,1.0,1.0,0.0,1
40.17,GBP,Shopify Merchant,NG,3.7178,4.0,0.0,0.0,0.0,0.0,0.0,0.0,0.0,1
22.69,USD,Amazon,NG,3.165,4.0,0.0,0.0,0.0,0.0,1.0,0.0,0.0,1
76.85,USD,Apple,NG,4.3548,1.0,0.0,0.0,0.0,0.0,1.0,1.0,0.0,1
2340.91,GBP,Apple,NG,7.7587,4.0,1.0,0.0,0.0,0.0,1.0,0.0,0.0,1
1334.48,USD,Shopify Merchant,NG,7.197,1.0,1.0,0.0,0.0,0.0,1.0,0.45,0.0,1
1442.09,EUR,Netflix,CN,7.2745,1.0,1.0,0.0,0.0,0.0,1.0,0.0,1.0,1
5.0,EUR,Spotify,NG,1.7918,1.0,0.0,0.0,0.0,0.0,0.0,0.0,0.0,0
31.38,EUR,Apple,CN,3.4775,1.0,0.0,0.0,0.0,0.0,0.0,0.45,1.0,1
12.34,GBP,Netflix,NG,2.5906,1.0,0.0,0.0,0.0,0.0,0.0,0.0,0.0,0
75.0,GBP,Spotify,NG,4.3308,2.0,0.0,0.0,0.0,1.0,1.0,0.0,0.0,1
23.97,USD,Apple,NG,3.2178,1.0,0.0,0.0,0.0,0.0,1.0,0.0,0.0,0
11.52,USD,Stripe Demo Store,NG,2.5276,2.0,0.0,0.0,0.0,1.0,0.0,0.0,0.0,0
16.67,USD,Spotify,DE,2.8717,1.0,0.0,0.0,0.0,0.0,0.0,0.0,1.0,0
1404.61,GBP,Stripe Demo Store,NG,7.2482,3.0,1.0,0.0,0.0,0.0,0.0,0.45,0.0,1
1034.96,USD,Apple,NG,6.9431,1.0,1.0,0.0,0.0,0.0,0.0,0.0,0.0,1
1260.13,GBP,Netflix,CN,7.1398,1.0,1.0,0.0,0.0,0.0,0.0,0.0,1.0,0
1538.88,USD,Spotify,NG,7.3395,2.0,1.0,0.0,0.0,0.0,1.0,0.45,0.0,1
24.27,EUR,Stripe Demo Store,DE,3.2294,5.0,0.0,0.0,0.0,1.0,0.0,0.45,1.0,1
26.41,USD,Stripe Demo Store,NG,3.311,10.0,0.0,0.0,0.0,1.0,1.0,1.0,0.0,1
10.0,USD,Shopify Merchant,NG,2.3979,1.0,0.0,0.0,0.0,1.0,1.0,0.45,0.0,0
6.29,GBP,Apple,NG,1.9867,6.0,0.0,0.0,0.0,0.0,1.0,0.0,0.0,0
24.97,USD,Amazon,NG,3.2569,2.0,0.0,0.0,0.0,0.0,0.0,0.0,0.0,0
29.15,EUR,Spotify,NG,3.4061,5.0,0.0,0.0,0.0,0.0,0.0,0.45,0.0,1
2143.59,EUR,Stripe Demo Store,US,7.6707,1.0,1.0,0.0,0.0,0.0,0.0,0.0,1.0,1
2319.35,GBP,Stripe Demo Store,NG,7.7495,1.0,1.0,0.0,0.0,0.0,0.0,0.0,0.0,1
8008.71,GBP,Spotify,NG,8.9884,1.0,1.0,1.0,0.0,0.0,0.0,0.45,0.0,1
6204.09,EUR,Dark Web Market,NG,8.7331,3.0,1.0,1.0,1.0,0.0,1.0,0.45,0.0,1
1872.02,EUR,Spotify,NG,7.5353,1.0,1.0,0.0,0.0,0.0,1.0,0.0,0.0,0
175.99,GBP,Shopify Merchant,NG,5.1761,1.0,0.0,0.0,0.0,0.0,0.0,0.0,0.0,0
1634.79,USD,Stripe Demo Store,NG,7.3999,2.0,1.0,0.0,0.0,0.0,0.0,0.0,0.0,1
2351.5,USD,Shopify Merchant,NG,7.7632,6.0,1.0,0.0,0.0,0.0,0.0,0.0,0.0,1
977.13,USD,Amazon,NG,6.8856,2.0,1.0,0.0,0.0,0.0,0.0,1.0,0.0,1
28.59,USD,Netflix,NG,3.3873,3.0,0.0,0.0,0.0,0.0,0.0,0.0,0.0,1
19.05,EUR,Wallet Drain Services,NG,2.9981,1.0,0.0,0.0,1.0,0.0,1.0,0.45,0.0,1
3649.68,USD,Netflix,NG,8.2027,5.0,1.0,1.0,0.0,0.0,0.0,0.0,0.0,1
16.62,USD,Stripe Demo Store,NG,2.8692,1.0,0.0,0.0,0.0,0.0,0.0,0.0,0.0,0
12.36,EUR,Shopify Merchant,NG,2.5921,1.0,0.0,0.0,0.0,0.0,0.0,0.0,0.0,0
13.74,USD,Stripe Demo Store,NG,2.6903,2.0,0.0,0.0,0.0,0.0,0.0,0.0,0.0,1
17.46,GBP,Apple,NG,2.9156,1.0,0.0,0.0,0.0,0.0,0.0,0.0,0.0,1
36.25,GBP,Gambling Anonymous Hub,NG,3.6177,2.0,0.0,0.0,1.0,0.0,1.0,0.45,0.0,0
8439.49,EUR,Apple,NG,9.0408,2.0,1.0,1.0,0.0,0.0,1.0,0.0,0.0,1
1731.81,EUR,Amazon,NG,7.4575,1.0,1.0,0.0,0.0,0.0,1.0,0.0,0.0,1
2026.0,GBP,Stripe Demo Store,NG,7.6143,1.0,1.0,0.0,0.0,0.0,1.0,0.0,0.0,1
17.48,EUR,Apple,NG,2.9165,1.0,0.0,0.0,0.0,0.0,0.0,0.0,0.0,0
43.89,GBP,Shopify Merchant,NG,3.8042,1.0,0.0,0.0,0.0,0.0,0.0,0.0,0.0,1
10.55,EUR,XXX Test Casino,NG,2.4469,5.0,0.0,0.0,1.0,0.0,1.0,0.45,0.0,1
9.07,EUR,Amazon,NG,2.3092,2.0,0.0,0.0,0.0,0.0,0.0,0.0,0.0,0
24.86,USD,Apple,RU,3.2527,1.0,0.0,0.0,0.0,0.0,1.0,0.0,1.0,1
1982.61,EUR,Netflix,NG,7.5927,1.0,1.0,0.0,0.0,0.0,1.0,0.0,0.0,1
7334.8,USD,XXX Test Casino,NG,8.9005,3.0,1.0,1.0,1.0,0.0,0.0,0.45,0.0,1
51.45,EUR,Shopify Merchant,DE,3.9598,3.0,0.0,0.0,0.0,0.0,1.0,0.0,1.0,1
77.28,USD,Shopify Merchant,NG,4.3603,5.0,0.0,0.0,0.0,0.0,1.0,0.0,0.0,1
12.94,USD,Dark Web Market,DE,2.6349,1.0,0.0,0.0,1.0,0.0,0.0,0.45,1.0,1
56.89,GBP,Apple,NG,4.0585,2.0,0.0,0.0,0.0,0.0,1.0,0.0,0.0,0
5.0,GBP,Netflix,NG,1.7918,1.0,0.0,0.0,0.0,1.0,0.0,1.0,0.0,0
42.66,GBP,Amazon,NG,3.7764,3.0,0.0,0.0,0.0,1.0,0.0,0.45,0.0,0
11.02,GBP,Amazon,US,2.4864,1.0,0.0,0.0,0.0,1.0,0.0,0.0,1.0,0
39.78,USD,Stripe Demo Store,RU,3.7081,2.0,0.0,0.0,0.0,0.0,0.0,0.0,1.0,1
1549.92,USD,Stripe Demo Store,NG,7.3466,1.0,1.0,0.0,0.0,0.0,0.0,1.0,0.0,1
19.15,GBP,Netflix,NG,3.003,3.0,0.0,0.0,0.0,0.0,1.0,0.45,0.0,1
11.39,GBP,Apple,NG,2.5171,1.0,0.0,0.0,0.0,1.0,0.0,0.0,0.0,0
17.29,USD,Shopify Merchant,NG,2.9065,4.0,0.0,0.0,0.0,0.0,0.0,0.0,0.0,1
72.31,USD,Amazon,NG,4.2947,1.0,0.0,0.0,0.0,0.0,0.0,0.45,0.0,1
18.62,EUR,Spotify,US,2.9767,3.0,0.0,0.0,0.0,0.0,0.0,0.0,1.0,0
1670.59,EUR,Netflix,NG,7.4215,1.0,1.0,0.0,0.0,1.0,0.0,0.0,0.0,1
1558.51,EUR,Apple,NG,7.3521,2.0,1.0,0.0,0.0,0.0,0.0,0.0,0.0,1
57.07,EUR,Amazon,NG,4.0616,3.0,0.0,0.0,0.0,0.0,0.0,0.0,0.0,1
6.44,EUR,Amazon,NG,2.0064,1.0,0.0,0.0,0.0,0.0,0.0,0.0,0.0,0
16.44,GBP,Shopify Merchant,NG,2.8585,1.0,0.0,0.0,0.0,0.0,1.0,0.45,0.0,0
13.8,GBP,Stripe Demo Store,NG,2.6947,1.0,0.0,0.0,0.0,0.0,0.0,0.0,0.0,0
58.93,GBP,Amazon,NG,4.0932,1.0,0.0,0.0,0.0,0.0,0.0,0.0,0.0,1
653.74,GBP,Amazon,US,6.4842,2.0,1.0,0.0,0.0,1.0,0.0,1.0,1.0,0
5.0,USD,XXX Test Casino,US,1.7918,1.0,0.0,0.0,1.0,0.0,1.0,0.45,1.0,1
8.03,GBP,Amazon,NG,2.2003,1.0,0.0,0.0,0.0,1.0,1.0,0.0,0.0,1
9.89,EUR,Shopify Merchant,NG,2.3875,1.0,0.0,0.0,0.0,1.0,0.0,0.0,0.0,1
38.62,USD,Netflix,NG,3.6794,1.0,0.0,0.0,0.0,1.0,0.0,0.0,0.0,1
2249.84,GBP,Netflix,NG,7.7191,1.0,1.0,0.0,0.0,0.0,1.0,0.0,0.0,1
16.28,GBP,Amazon,NG,2.8493,3.0,0.0,0.0,0.0,0.0,0.0,0.45,0.0,1
13.68,USD,Netflix,NG,2.6866,1.0,0.0,0.0,0.0,0.0,0.0,0.0,0.0,0
33.16,EUR,Amazon,NG,3.5312,5.0,0.0,0.0,0.0,0.0,1.0,0.0,0.0,0
1902.16,GBP,Shopify Merchant,NG,7.5513,3.0,1.0,0.0,0.0,0.0,0.0,0.0,0.0,0
11.5,USD,Stripe Demo Store,NG,2.5255,1.0,0.0,0.0,0.0,0.0,0.0,0.0,0.0,0
9.11,USD,Stripe Demo Store,DE,2.3135,4.0,0.0,0.0,0.0,0.0,0.0,0.0,1.0,0
27.67,USD,Spotify,RU,3.3559,2.0,0.0,0.0,0.0,0.0,1.0,1.0,1.0,1
26.07,USD,XXX Test Casino,CN,3.2984,2.0,0.0,0.0,1.0,0.0,0.0,0.45,1.0,1
2199.84,EUR,Shopify Merchant,US,7.6966,1.0,1.0,0.0,0.0,0.0,0.0,0.0,1.0,0
26.53,GBP,Anonymous Crypto Mix,NG,3.3154,2.0,0.0,0.0,1.0,0.0,0.0,0.45,0.0,0
21.57,EUR,Gambling Anonymous Hub,CN,3.1168,1.0,0.0,0.0,1.0,0.0,1.0,0.45,1.0,1
28.45,EUR,Spotify,NG,3.3827,2.0,0.0,0.0,0.0,0.0,0.0,0.0,0.0,0
7.89,EUR,Amazon,NG,2.1854,1.0,0.0,0.0,0.0,1.0,1.0,0.0,0.0,1
30.88,GBP,Shopify Merchant,DE,3.462,1.0,0.0,0.0,0.0,0.0,0.0,0.0,1.0,0
1636.53,EUR,Spotify,NG,7.4009,2.0,1.0,0.0,0.0,1.0,0.0,0.45,0.0,1
25.15,EUR,Apple,NG,3.2637,1.0,0.0,0.0,0.0,0.0,0.0,0.0,0.0,0
30.6,GBP,Spotify,NG,3.453,1.0,0.0,0.0,0.0,0.0,1.0,0.0,0.0,1
18.6,USD,Wallet Drain Services,RU,2.9754,3.0,0.0,0.0,1.0,1.0,0.0,1.0,1.0,1
716.29,USD,Apple,NG,6.5755,1.0,1.0,0.0,0.0,0.0,1.0,0.0,0.0,1
21.02,EUR,Shopify Merchant,NG,3.0921,1.0,0.0,0.0,0.0,1.0,1.0,0.0,0.0,0
8.99,GBP,Shopify Merchant,RU,2.3019,1.0,0.0,0.0,0.0,0.0,1.0,0.0,1.0,1
35.66,EUR,Netflix,US,3.6018,5.0,0.0,0.0,0.0,1.0,1.0,0.0,1.0,0
6.4,GBP,Amazon,NG,2.0013,2.0,0.0,0.0,0.0,0.0,1.0,0.0,0.0,0
7660.79,USD,Anonymous Crypto Mix,NG,8.944,2.0,1.0,1.0,1.0,0.0,1.0,0.45,0.0,1
15.35,EUR,Amazon,RU,2.7942,4.0,0.0,0.0,0.0,0.0,1.0,0.45,1.0,1
14.68,USD,Netflix,DE,2.7522,2.0,0.0,0.0,0.0,0.0,0.0,0.0,1.0,0
22.66,EUR,Spotify,NG,3.1636,3.0,0.0,0.0,0.0,0.0,0.0,0.0,0.0,1
12.23,USD,Amazon,NG,2.5821,2.0,0.0,0.0,0.0,0.0,1.0,0.0,0.0,0
28.75,EUR,Wallet Drain Services,DE,3.3927,4.0,0.0,0.0,1.0,0.0,0.0,0.45,1.0,1
20.9,USD,Gambling Anonymous Hub,NG,3.0865,2.0,0.0,0.0,1.0,0.0,1.0,0.45,0.0,1
13.04,USD,Stripe Demo Store,NG,2.6418,1.0,0.0,0.0,0.0,0.0,0.0,0.0,0.0,1
1896.34,USD,Apple,RU,7.5482,1.0,1.0,0.0,0.0,0.0,1.0,0.0,1.0,1
525.78,GBP,Spotify,NG,6.2668,1.0,1.0,0.0,0.0,0.0,0.0,0.0,0.0,1
31.24,USD,Stripe Demo Store,US,3.4731,2.0,0.0,0.0,0.0,0.0,0.0,0.0,1.0,0
4565.83,EUR,Amazon,NG,8.4266,8.0,1.0,1.0,0.0,0.0,0.0,0.0,0.0,1
8037.52,EUR,Wallet Drain Services,NG,8.992,3.0,1.0,1.0,1.0,0.0,1.0,0.45,0.0,1
30.14,GBP,Apple,CN,3.4385,3.0,0.0,0.0,0.0,0.0,0.0,0.45,1.0,1
16.25,USD,Shopify Merchant,NG,2.8479,2.0,0.0,0.0,0.0,0.0,0.0,1.0,0.0,1
7.38,GBP,Apple,NG,2.1262,5.0,0.0,0.0,0.0,0.0,1.0,0.0,0.0,1
23.21,GBP,Netflix,NG,3.1869,3.0,0.0,0.0,0.0,0.0,0.0,0.45,0.0,1
43.22,GBP,Apple,DE,3.7891,1.0,0.0,0.0,0.0,0.0,0.0,0.0,1.0,0
25.74,EUR,Apple,NG,3.2861,2.0,0.0,0.0,0.0,0.0,0.0,0.45,0.0,0
4840.65,USD,Apple,NG,8.485,1.0,1.0,1.0,0.0,0.0,0.0,0.0,0.0,1
36.93,USD,Stripe Demo Store,NG,3.6358,1.0,0.0,0.0,0.0,0.0,1.0,0.0,0.0,0
915.08,GBP,Apple,NG,6.8201,1.0,1.0,0.0,0.0,0.0,0.0,0.0,0.0,1
16.27,GBP,Spotify,NG,2.8488,1.0,0.0,0.0,0.0,0.0,1.0,0.0,0.0,0
40.12,EUR,Amazon,CN,3.7165,1.0,0.0,0.0,0.0,0.0,0.0,0.0,1.0,0
874.5,EUR,Shopify Merchant,DE,6.7748,1.0,1.0,0.0,0.0,0.0,1.0,0.0,1.0,1
12.43,GBP,Spotify,US,2.5975,5.0,0.0,0.0,0.0,0.0,0.0,0.45,1.0,1
48.91,GBP,Netflix,NG,3.9102,1.0,0.0,0.0,0.0,1.0,1.0,1.0,0.0,1
8.27,EUR,Stripe Demo Store,NG,2.2269,4.0,0.0,0.0,0.0,0.0,0.0,0.0,0.0,1
19.3,USD,Shopify Merchant,US,3.0105,1.0,0.0,0.0,0.0,0.0,1.0,0.0,1.0,0
18.0,EUR,Netflix,NG,2.9442,8.0,0.0,0.0,0.0,0.0,0.0,0.45,0.0,0
11.27,GBP,Spotify,NG,2.5072,3.0,0.0,0.0,0.0,1.0,0.0,0.0,0.0,1
24.84,USD,Stripe Demo Store,NG,3.2521,5.0,0.0,0.0,0.0,1.0,0.0,0.0,0.0,1
50.26,USD,Amazon,DE,3.937,2.0,0.0,0.0,0.0,0.0,1.0,0.0,1.0,0
48.11,GBP,Shopify Merchant,NG,3.894,2.0,0.0,0.0,0.0,1.0,0.0,0.0,0.0,0
33.33,USD,Amazon,US,3.5361,1.0,0.0,0.0,0.0,0.0,0.0,0.0,1.0,0
6.13,GBP,Stripe Demo Store,RU,1.964,1.0,0.0,0.0,0.0,0.0,0.0,0.0,1.0,1
7.88,EUR,Amazon,NG,2.1843,3.0,0.0,0.0,0.0,0.0,0.0,0.0,0.0,0
22.56,USD,Apple,NG,3.1597,1.0,0.0,0.0,0.0,0.0,1.0,0.45,0.0,0
508.17,GBP,Apple,NG,6.2328,1.0,1.0,0.0,0.0,0.0,0.0,0.45,0.0,1
14.17,USD,Apple,NG,2.7195,4.0,0.0,0.0,0.0,1.0,0.0,0.45,0.0,1
76.23,USD,Netflix,NG,4.3468,1.0,0.0,0.0,0.0,0.0,1.0,0.0,0.0,1
21.63,GBP,Apple,NG,3.1193,3.0,0.0,0.0,0.0,0.0,0.0,0.45,0.0,1
8402.05,EUR,Apple,NG,9.0364,1.0,1.0,1.0,0.0,0.0,0.0,0.0,0.0,1
40.11,EUR,Stripe Demo Store,NG,3.7162,1.0,0.0,0.0,0.0,0.0,0.0,0.0,0.0,1
20.87,USD,Dark Web Market,NG,3.0853,1.0,0.0,0.0,1.0,1.0,0.0,0.45,0.0,1
123.19,USD,Shopify Merchant,NG,4.8218,2.0,0.0,0.0,0.0,0.0,0.0,0.0,0.0,1
10.4,GBP,Amazon,NG,2.4336,4.0,0.0,0.0,0.0,0.0,1.0,0.0,0.0,1
13.14,GBP,Amazon,RU,2.6491,4.0,0.0,0.0,0.0,0.0,1.0,0.45,1.0,1
10.38,USD,Apple,NG,2.432,1.0,0.0,0.0,0.0,0.0,0.0,0.0,0.0,1
59.97,USD,Amazon,NG,4.1104,1.0,0.0,0.0,0.0,1.0,0.0,0.0,0.0,0
35.21,USD,Wallet Drain Services,NG,3.5895,4.0,0.0,0.0,1.0,0.0,1.0,0.45,0.0,0
13.72,GBP,Shopify Merchant,CN,2.6894,1.0,0.0,0.0,0.0,0.0,0.0,0.45,1.0,0
1815.43,EUR,Amazon,NG,7.5046,1.0,1.0,0.0,0.0,0.0,0.0,0.0,0.0,1
52.95,USD,Stripe Demo Store,NG,3.9881,2.0,0.0,0.0,0.0,0.0,0.0,0.0,0.0,1
2081.42,EUR,Stripe Demo Store,NG,7.6413,3.0,1.0,0.0,0.0,0.0,0.0,0.45,0.0,1
2104.9,EUR,Apple,NG,7.6525,1.0,1.0,0.0,0.0,0.0,0.0,0.0,0.0,0
1698.97,USD,Amazon,US,7.4384,1.0,1.0,0.0,0.0,1.0,0.0,0.0,1.0,0
1522.89,EUR,Apple,NG,7.329,6.0,1.0,0.0,0.0,0.0,1.0,1.0,0.0,1
24.78,USD,Spotify,CN,3.2497,5.0,0.0,0.0,0.0,1.0,1.0,0.45,1.0,1
12.98,GBP,Spotify,NG,2.6374,2.0,0.0,0.0,0.0,0.0,0.0,0.0,0.0,1
18.16,EUR,Spotify,NG,2.9527,2.0,0.0,0.0,0.0,0.0,1.0,1.0,0.0,0
8.77,EUR,Netflix,NG,2.279,5.0,0.0,0.0,0.0,0.0,1.0,0.0,0.0,1
28.39,EUR,Apple,NG,3.3805,2.0,0.0,0.0,0.0,0.0,0.0,0.0,0.0,1
34.22,USD,Apple,NG,3.5617,3.0,0.0,0.0,0.0,1.0,0.0,0.0,0.0,0
40.17,USD,Spotify,NG,3.7177,2.0,0.0,0.0,0.0,1.0,0.0,0.0,0.0,0
3631.93,EUR,Wallet Drain Services,NG,8.1978,1.0,1.0,1.0,1.0,0.0,0.0,0.45,0.0,1
18.36,EUR,Shopify Merchant,NG,2.9633,4.0,0.0,0.0,0.0,1.0,1.0,0.0,0.0,1
59.52,GBP,Stripe Demo Store,NG,4.103,2.0,0.0,0.0,0.0,1.0,0.0,0.0,0.0,1
37.51,GBP,Dark Web Market,US,3.6509,1.0,0.0,0.0,1.0,0.0,0.0,0.45,1.0,1
53.09,USD,Netflix,NG,3.9906,2.0,0.0,0.0,0.0,0.0,1.0,0.45,0.0,1
1915.0,GBP,Stripe Demo Store,NG,7.558,3.0,1.0,0.0,0.0,0.0,0.0,0.0,0.0,1
18.4,EUR,Netflix,NG,2.965,1.0,0.0,0.0,0.0,0.0,0.0,0.45,0.0,0
26.35,GBP,Spotify,NG,3.3088,3.0,0.0,0.0,0.0,1.0,0.0,1.0,0.0,1
34.54,USD,Apple,NG,3.5707,1.0,0.0,0.0,0.0,0.0,1.0,1.0,0.0,1
8.99,GBP,Shopify Merchant,NG,2.3011,2.0,0.0,0.0,0.0,1.0,0.0,0.0,0.0,0
9.13,EUR,Apple,NG,2.3151,10.0,0.0,0.0,0.0,0.0,0.0,0.0,0.0,1
4920.33,EUR,Shopify Merchant,NG,8.5013,4.0,1.0,1.0,0.0,0.0,0.0,0.0,0.0,0
18.62,USD,Spotify,NG,2.9766,4.0,0.0,0.0,0.0,0.0,0.0,1.0,0.0,1
15.91,GBP,Spotify,NG,2.8277,2.0,0.0,0.0,0.0,0.0,1.0,0.45,0.0,1
7.35,GBP,Stripe Demo Store,NG,2.1226,2.0,0.0,0.0,0.0,0.0,0.0,0.0,0.0,1
22.3,USD,Shopify Merchant,NG,3.1484,2.0,0.0,0.0,0.0,0.0,0.0,0.45,0.0,0
3387.0,GBP,Wallet Drain Services,NG,8.128,1.0,1.0,1.0,1.0,0.0,0.0,0.45,0.0,1
45.95,USD,Shopify Merchant,NG,3.8491,2.0,0.0,0.0,0.0,0.0,1.0,0.0,0.0,0
82.19,USD,Netflix,NG,4.4212,2.0,0.0,0.0,0.0,0.0,0.0,0.0,0.0,1
27.65,USD,Shopify Merchant,NG,3.355,2.0,0.0,0.0,0.0,0.0,1.0,0.0,0.0,1
12.33,EUR,XXX Test Casino,RU,2.5903,1.0,0.0,0.0,1.0,0.0,1.0,0.45,1.0,1
31.59,GBP,Apple,NG,3.4839,1.0,0.0,0.0,0.0,0.0,0.0,0.0,0.0,1
20.22,EUR,Apple,RU,3.0548,1.0,0.0,0.0,0.0,0.0,0.0,0.0,1.0,0
1028.5,EUR,Amazon,NG,6.9368,1.0,1.0,0.0,0.0,0.0,0.0,0.0,0.0,1
10.99,USD,Apple,NG,2.484,1.0,0.0,0.0,0.0,0.0,0.0,0.0,0.0,0
14.51,GBP,Shopify Merchant,NG,2.7417,1.0,0.0,0.0,0.0,0.0,0.0,0.45,0.0,0
1007.3,GBP,Netflix,NG,6.916,5.0,1.0,0.0,0.0,0.0,1.0,1.0,0.0,1
35.26,GBP,Spotify,RU,3.5908,1.0,0.0,0.0,0.0,1.0,0.0,0.0,1.0,1
28.72,USD,Apple,NG,3.3919,4.0,0.0,0.0,0.0,0.0,0.0,0.0,0.0,0
72.09,USD,Spotify,DE,4.2917,1.0,0.0,0.0,0.0,1.0,1.0,0.0,1.0,0
32.2,EUR,Amazon,NG,3.5026,4.0,0.0,0.0,0.0,0.0,0.0,0.0,0.0,1
838.76,USD,Spotify,NG,6.7331,3.0,1.0,0.0,0.0,0.0,0.0,0.45,0.0,1
16.21,GBP,Anonymous Crypto Mix,DE,2.8455,5.0,0.0,0.0,1.0,0.0,1.0,0.45,1.0,1
9.72,EUR,Netflix,NG,2.3717,4.0,0.0,0.0,0.0,0.0,0.0,0.0,0.0,1
13.48,EUR,Spotify,NG,2.6726,3.0,0.0,0.0,0.0,0.0,1.0,0.0,0.0,0
12.31,USD,Spotify,NG,2.5882,1.0,0.0,0.0,0.0,0.0,0.0,0.45,0.0,0
5.0,EUR,Spotify,NG,1.7918,2.0,0.0,0.0,0.0,0.0,1.0,0.0,0.0,0
1867.97,EUR,Stripe Demo Store,NG,7.5331,1.0,1.0,0.0,0.0,0.0,0.0,1.0,0.0,1
61.65,EUR,Shopify Merchant,US,4.1376,4.0,0.0,0.0,0.0,0.0,0.0,0.0,1.0,1
26.0,GBP,Amazon,NG,3.2958,4.0,0.0,0.0,0.0,0.0,0.0,0.0,0.0,1
6258.94,GBP,Anonymous Crypto Mix,NG,8.7419,1.0,1.0,1.0,1.0,0.0,1.0,0.45,0.0,1
26.55,GBP,Amazon,RU,3.3159,2.0,0.0,0.0,0.0,0.0,0.0,0.0,1.0,1
5.12,EUR,Netflix,CN,1.8111,1.0,0.0,0.0,0.0,0.0,0.0,0.0,1.0,0
24.47,USD,Stripe Demo Store,NG,3.2375,2.0,0.0,0.0,0.0,0.0,0.0,0.0,0.0,0
49.12,EUR,Shopify Merchant,DE,3.9144,2.0,0.0,0.0,0.0,1.0,1.0,0.0,1.0,1
18.45,USD,Shopify Merchant,DE,2.968,2.0,0.0,0.0,0.0,1.0,1.0,0.0,1.0,1
5.81,EUR,Spotify,NG,1.9184,4.0,0.0,0.0,0.0,0.0,0.0,0.0,0.0,1
15.03,GBP,Netflix,NG,2.7746,1.0,0.0,0.0,0.0,1.0,0.0,0.0,0.0,0
49.18,GBP,Amazon,NG,3.9156,3.0,0.0,0.0,0.0,1.0,0.0,0.0,0.0,0
24.07,USD,Netflix,NG,3.2217,2.0,0.0,0.0,0.0,0.0,0.0,0.0,0.0,0
942.19,USD,Spotify,NG,6.8493,1.0,1.0,0.0,0.0,1.0,0.0,0.0,0.0,1
105.36,USD,Spotify,NG,4.6668,1.0,0.0,0.0,0.0,0.0,1.0,0.0,0.0,1
647.0,GBP,Spotify,NG,6.4739,1.0,1.0,0.0,0.0,0.0,0.0,0.45,0.0,1
16.94,USD,Amazon,NG,2.8873,2.0,0.0,0.0,0.0,0.0,0.0,0.0,0.0,0
9.72,EUR,Spotify,NG,2.3718,4.0,0.0,0.0,0.0,0.0,0.0,0.45,0.0,1
9.73,EUR,Netflix,NG,2.3727,1.0,0.0,0.0,0.0,0.0,0.0,0.0,0.0,0
14.64,USD,Spotify,DE,2.7496,1.0,0.0,0.0,0.0,0.0,1.0,1.0,1.0,0
31.35,EUR,Shopify Merchant,NG,3.4767,2.0,0.0,0.0,0.0,0.0,0.0,0.0,0.0,1
49.57,GBP,Netflix,RU,3.9233,1.0,0.0,0.0,0.0,0.0,0.0,1.0,1.0,1
15.33,EUR,Netflix,NG,2.7929,1.0,0.0,0.0,0.0,0.0,0.0,0.45,0.0,1
9.9,EUR,Amazon,NG,2.3891,2.0,0.0,0.0,0.0,0.0,1.0,0.0,0.0,1
28.08,GBP,Apple,DE,3.37,1.0,0.0,0.0,0.0,0.0,0.0,0.0,1.0,1
28.66,EUR,Stripe Demo Store,NG,3.3899,4.0,0.0,0.0,0.0,0.0,0.0,0.0,0.0,1
23.77,USD,Shopify Merchant,NG,3.2095,1.0,0.0,0.0,0.0,0.0,0.0,0.0,0.0,0
24.36,EUR,Stripe Demo Store,CN,3.2332,2.0,0.0,0.0,0.0,0.0,0.0,0.0,1.0,1
18.56,EUR,Spotify,NG,2.9737,1.0,0.0,0.0,0.0,0.0,1.0,0.0,0.0,0
21.51,GBP,Spotify,DE,3.1141,1.0,0.0,0.0,0.0,0.0,0.0,0.0,1.0,0
17.69,GBP,Shopify Merchant,NG,2.9278,2.0,0.0,0.0,0.0,0.0,0.0,0.0,0.0,0
42.49,EUR,Apple,NG,3.7724,3.0,0.0,0.0,0.0,0.0,1.0,0.0,0.0,0
95.58,GBP,Gambling Anonymous Hub,NG,4.5703,6.0,0.0,0.0,1.0,0.0,0.0,0.45,0.0,1
22.78,GBP,Wallet Drain Services,NG,3.1687,1.0,0.0,0.0,1.0,0.0,1.0,0.45,0.0,1
1926.68,EUR,XXX Test Casino,NG,7.5641,2.0,1.0,0.0,1.0,1.0,1.0,0.45,0.0,1
24.03,EUR,Spotify,NG,3.2199,2.0,0.0,0.0,0.0,0.0,1.0,0.0,0.0,0
678.93,EUR,Shopify Merchant,US,6.522,1.0,1.0,0.0,0.0,0.0,0.0,0.45,1.0,1
34.31,GBP,Spotify,NG,3.5642,4.0,0.0,0.0,0.0,0.0,0.0,0.45,0.0,1
27.35,USD,Spotify,US,3.3447,1.0,0.0,0.0,0.0,0.0,0.0,1.0,1.0,0
14.96,GBP,Apple,DE,2.7704,4.0,0.0,0.0,0.0,1.0,1.0,0.0,1.0,1
37.77,GBP,Amazon,NG,3.6576,2.0,0.0,0.0,0.0,0.0,0.0,0.0,0.0,0
20.35,GBP,Gambling Anonymous Hub,NG,3.0613,1.0,0.0,0.0,1.0,0.0,1.0,0.45,0.0,1
1363.89,USD,Shopify Merchant,RU,7.2188,3.0,1.0,0.0,0.0,1.0,1.0,0.0,1.0,1
25.69,EUR,Apple,NG,3.2843,1.0,0.0,0.0,0.0,0.0,1.0,1.0,0.0,1
23.71,EUR,Amazon,DE,3.2072,3.0,0.0,0.0,0.0,0.0,0.0,0.0,1.0,1
39.34,EUR,Stripe Demo Store,NG,3.6974,3.0,0.0,0.0,0.0,0.0,0.0,1.0,0.0,1
35.95,EUR,Netflix,NG,3.6095,2.0,0.0,0.0,0.0,0.0,1.0,1.0,0.0,1
992.43,GBP,Spotify,NG,6.9012,1.0,1.0,0.0,0.0,1.0,0.0,0.0,0.0,1
14.43,USD,Apple,NG,2.7365,1.0,0.0,0.0,0.0,0.0,1.0,0.0,0.0,1
20.11,EUR,Shopify Merchant,NG,3.0498,2.0,0.0,0.0,0.0,0.0,0.0,0.0,0.0,1
8464.43,USD,Amazon,NG,9.0437,2.0,1.0,1.0,0.0,0.0,1.0,0.45,0.0,1
8564.4,EUR,Stripe Demo Store,NG,9.0555,2.0,1.0,1.0,0.0,0.0,0.0,0.0,0.0,1
24.8,GBP,Spotify,US,3.2505,1.0,0.0,0.0,0.0,0.0,0.0,0.0,1.0,1
18.85,GBP,Netflix,NG,2.9882,3.0,0.0,0.0,0.0,0.0,0.0,1.0,0.0,1
1150.69,USD,Netflix,NG,7.049,3.0,1.0,0.0,0.0,0.0,0.0,0.45,0.0,1
12.53,EUR,Stripe Demo Store,NG,2.6048,2.0,0.0,0.0,0.0,0.0,0.0,1.0,0.0,0
113.93,GBP,Spotify,NG,4.7443,1.0,0.0,0.0,0.0,0.0,0.0,0.0,0.0,0
34.27,GBP,Netflix,NG,3.5629,2.0,0.0,0.0,0.0,0.0,1.0,0.45,0.0,0
1324.27,EUR,Stripe Demo Store,NG,7.1894,1.0,1.0,0.0,0.0,0.0,0.0,0.0,0.0,1
1038.96,GBP,Netflix,NG,6.9469,3.0,1.0,0.0,0.0,1.0,0.0,0.0,0.0,1
34.5,USD,Stripe Demo Store,NG,3.5695,3.0,0.0,0.0,0.0,0.0,1.0,0.0,0.0,0
15.73,GBP,Amazon,NG,2.8171,4.0,0.0,0.0,0.0,0.0,0.0,0.0,0.0,1
7.05,USD,Spotify,US,2.086,1.0,0.0,0.0,0.0,0.0,1.0,0.0,1.0,1
9.71,GBP,Netflix,NG,2.3707,3.0,0.0,0.0,0.0,0.0,0.0,0.0,0.0,1
1303.95,EUR,Stripe Demo Store,NG,7.1739,4.0,1.0,0.0,0.0,0.0,0.0,0.45,0.0,1
5.88,GBP,Amazon,NG,1.9288,1.0,0.0,0.0,0.0,0.0,0.0,1.0,0.0,1
7.28,USD,Stripe Demo Store,NG,2.1141,1.0,0.0,0.0,0.0,0.0,1.0,0.0,0.0,0
29.25,EUR,Apple,NG,3.4094,1.0,0.0,0.0,0.0,0.0,0.0,0.0,0.0,0
17.19,EUR,Netflix,NG,2.9008,2.0,0.0,0.0,0.0,0.0,0.0,0.0,0.0,0
1516.27,EUR,Amazon,NG,7.3247,1.0,1.0,0.0,0.0,0.0,0.0,0.0,0.0,0
14.21,GBP,Netflix,NG,2.7217,1.0,0.0,0.0,0.0,1.0,0.0,0.45,0.0,0
1134.59,GBP,Spotify,NG,7.0349,2.0,1.0,0.0,0.0,0.0,0.0,1.0,0.0,0
28.19,EUR,Stripe Demo Store,RU,3.374,3.0,0.0,0.0,0.0,0.0,0.0,1.0,1.0,0
11.42,EUR,Netflix,NG,2.5194,4.0,0.0,0.0,0.0,0.0,0.0,0.0,0.0,0
13.8,USD,Netflix,US,2.6949,3.0,0.0,0.0,0.0,0.0,1.0,0.45,1.0,0
25.6,USD,Netflix,NG,3.2811,4.0,0.0,0.0,0.0,1.0,0.0,0.0,0.0,1
16.78,EUR,Apple,NG,2.8782,2.0,0.0,0.0,0.0,0.0,0.0,0.45,0.0,1
12.26,USD,Netflix,NG,2.5851,4.0,0.0,0.0,0.0,0.0,0.0,0.0,0.0,1
5.0,EUR,Amazon,NG,1.7918,1.0,0.0,0.0,0.0,0.0,0.0,0.0,0.0,1
1748.62,USD,Apple,NG,7.4672,4.0,1.0,0.0,0.0,0.0,0.0,1.0,0.0,1
21.23,EUR,Apple,NG,3.1013,5.0,0.0,0.0,0.0,0.0,0.0,0.0,0.0,1
13.98,GBP,Spotify,NG,2.7069,2.0,0.0,0.0,0.0,0.0,0.0,0.45,0.0,1
1856.88,EUR,Shopify Merchant,NG,7.5272,1.0,1.0,0.0,0.0,1.0,1.0,0.0,0.0,1
20.27,USD,Stripe Demo Store,NG,3.0571,1.0,0.0,0.0,0.0,0.0,0.0,0.45,0.0,1
1032.37,EUR,XXX Test Casino,NG,6.9406,1.0,1.0,0.0,1.0,0.0,1.0,1.0,0.0,1
21.51,GBP,Apple,CN,3.1139,1.0,0.0,0.0,0.0,0.0,0.0,0.0,1.0,1
63.22,GBP,Stripe Demo Store,NG,4.1623,1.0,0.0,0.0,0.0,1.0,0.0,0.0,0.0,1
32.9,USD,XXX Test Casino,CN,3.5233,1.0,0.0,0.0,1.0,0.0,1.0,0.45,1.0,0
2175.48,GBP,Stripe Demo Store,DE,7.6855,1.0,1.0,0.0,0.0,0.0,0.0,0.0,1.0,0
33.68,GBP,Stripe Demo Store,NG,3.5461,4.0,0.0,0.0,0.0,1.0,0.0,0.0,0.0,1
20.78,EUR,Spotify,CN,3.0811,2.0,0.0,0.0,0.0,0.0,0.0,0.0,1.0,1
4961.52,GBP,Netflix,NG,8.5097,4.0,1.0,1.0,0.0,0.0,0.0,0.0,0.0,1
49.77,EUR,Netflix,NG,3.9273,1.0,0.0,0.0,0.0,0.0,0.0,0.0,0.0,0
1162.07,GBP,Anonymous Crypto Mix,NG,7.0588,1.0,1.0,0.0,1.0,0.0,0.0,0.45,0.0,0
20.42,USD,Amazon,NG,3.0641,1.0,0.0,0.0,0.0,0.0,1.0,0.0,0.0,0
3110.6,USD,XXX Test Casino,NG,8.0429,4.0,1.0,1.0,1.0,0.0,0.0,1.0,0.0,1
1964.92,EUR,Netflix,NG,7.5837,1.0,1.0,0.0,0.0,0.0,1.0,0.0,0.0,1
3046.03,EUR,Dark Web Market,NG,8.0219,2.0,1.0,1.0,1.0,0.0,0.0,0.45,0.0,1
6.08,EUR,Apple,NG,1.9579,1.0,0.0,0.0,0.0,0.0,0.0,0.45,0.0,0
2129.78,GBP,Stripe Demo Store,CN,7.6642,1.0,1.0,0.0,0.0,1.0,0.0,0.45,1.0,1
1908.09,GBP,Netflix,RU,7.5544,1.0,1.0,0.0,0.0,0.0,1.0,0.0,1.0,1
24.93,GBP,Spotify,NG,3.2553,2.0,0.0,0.0,0.0,0.0,0.0,0.0,0.0,0
13.35,USD,XXX Test Casino,NG,2.6634,1.0,0.0,0.0,1.0,0.0,1.0,0.45,0.0,1
8496.49,EUR,Amazon,US,9.0475,4.0,1.0,1.0,0.0,0.0,1.0,1.0,1.0,1
10.35,EUR,Spotify,NG,2.4289,1.0,0.0,0.0,0.0,0.0,1.0,0.45,0.0,0
15.93,USD,Shopify Merchant,US,2.829,1.0,0.0,0.0,0.0,0.0,0.0,0.0,1.0,0
10.4,EUR,Spotify,NG,2.4332,1.0,0.0,0.0,0.0,0.0,0.0,0.0,0.0,1
7.47,EUR,Apple,CN,2.1364,10.0,0.0,0.0,0.0,0.0,0.0,0.45,1.0,1
1340.34,EUR,Shopify Merchant,NG,7.2014,2.0,1.0,0.0,0.0,0.0,0.0,0.45,0.0,1
6.56,EUR,Amazon,NG,2.0234,2.0,0.0,0.0,0.0,0.0,1.0,0.0,0.0,0
41.05,EUR,Spotify,US,3.739,2.0,0.0,0.0,0.0,1.0,0.0,1.0,1.0,1
1143.9,GBP,Amazon,NG,7.0431,4.0,1.0,0.0,0.0,0.0,0.0,0.45,0.0,0
29.21,USD,Amazon,NG,3.4081,1.0,0.0,0.0,0.0,0.0,1.0,0.0,0.0,1
39.24,GBP,Stripe Demo Store,NG,3.6948,3.0,0.0,0.0,0.0,0.0,0.0,0.0,0.0,1
20.32,USD,Shopify Merchant,NG,3.0596,3.0,0.0,0.0,0.0,1.0,1.0,0.0,0.0,0
584.97,EUR,Netflix,NG,6.3733,1.0,1.0,0.0,0.0,0.0,1.0,0.45,0.0,1
7529.26,GBP,Gambling Anonymous Hub,CN,8.9267,1.0,1.0,1.0,1.0,0.0,0.0,0.45,1.0,0
15.0,GBP,Apple,NG,2.7729,2.0,0.0,0.0,0.0,0.0,1.0,0.45,0.0,0
46.65,USD,Amazon,NG,3.8639,1.0,0.0,0.0,0.0,0.0,1.0,0.45,0.0,0
74.71,GBP,Anonymous Crypto Mix,NG,4.3269,1.0,0.0,0.0,1.0,0.0,1.0,0.45,0.0,1
55.42,EUR,Shopify Merchant,NG,4.0328,1.0,0.0,0.0,0.0,0.0,0.0,0.0,0.0,1
5.0,EUR,Amazon,CN,1.7918,1.0,0.0,0.0,0.0,0.0,1.0,0.0,1.0,0
14.79,EUR,Shopify Merchant,NG,2.7595,3.0,0.0,0.0,0.0,0.0,1.0,0.0,0.0,1
20.14,USD,Shopify Merchant,NG,3.0514,2.0,0.0,0.0,0.0,0.0,0.0,0.0,0.0,1
27.78,USD,Shopify Merchant,CN,3.3595,2.0,0.0,0.0,0.0,0.0,1.0,0.0,1.0,1
5.99,EUR,Spotify,NG,1.9452,2.0,0.0,0.0,0.0,0.0,0.0,0.0,0.0,0
1139.87,GBP,Amazon,NG,7.0395,1.0,1.0,0.0,0.0,0.0,0.0,0.0,0.0,0
50.14,EUR,Amazon,NG,3.9345,2.0,0.0,0.0,0.0,0.0,0.0,0.0,0.0,0
13.58,GBP,Spotify,NG,2.6797,5.0,0.0,0.0,0.0,0.0,1.0,0.0,0.0,0
7.09,USD,Amazon,NG,2.0907,1.0,0.0,0.0,0.0,0.0,1.0,1.0,0.0,0
1888.03,EUR,Netflix,NG,7.5438,2.0,1.0,0.0,0.0,1.0,1.0,0.0,0.0,1
26.4,GBP,Stripe Demo Store,NG,3.3105,4.0,0.0,0.0,0.0,0.0,1.0,0.0,0.0,1
11.29,USD,Amazon,NG,2.5091,2.0,0.0,0.0,0.0,1.0,0.0,0.45,0.0,0
23.79,USD,Stripe Demo Store,NG,3.2103,1.0,0.0,0.0,0.0,0.0,0.0,0.0,0.0,1
10.12,GBP,Amazon,NG,2.4091,1.0,0.0,0.0,0.0,1.0,0.0,0.0,0.0,0
7367.05,GBP,XXX Test Casino,NG,8.9049,2.0,1.0,1.0,1.0,0.0,1.0,0.45,0.0,1
54.44,EUR,Stripe Demo Store,NG,4.0153,3.0,0.0,0.0,0.0,1.0,1.0,0.0,0.0,1
26.54,USD,Stripe Demo Store,NG,3.3157,3.0,0.0,0.0,0.0,0.0,0.0,0.45,0.0,0
1007.23,USD,Shopify Merchant,NG,6.916,2.0,1.0,0.0,0.0,1.0,0.0,1.0,0.0,1
13.94,USD,Amazon,NG,2.7043,1.0,0.0,0.0,0.0,0.0,1.0,0.45,0.0,1
56.0,USD,Netflix,NG,4.0431,3.0,0.0,0.0,0.0,0.0,1.0,0.0,0.0,0
30.39,GBP,Gambling Anonymous Hub,NG,3.4464,2.0,0.0,0.0,1.0,0.0,1.0,0.45,0.0,1
44.83,USD,Stripe Demo Store,NG,3.8248,8.0,0.0,0.0,0.0,0.0,0.0,0.0,0.0,1
13.35,GBP,Stripe Demo Store,CN,2.6637,3.0,0.0,0.0,0.0,0.0,0.0,0.0,1.0,0
979.4,USD,Netflix,NG,6.888,1.0,1.0,0.0,0.0,1.0,0.0,1.0,0.0,1
1958.01,USD,Shopify Merchant,NG,7.5802,2.0,1.0,0.0,0.0,0.0,1.0,0.0,0.0,1
1761.67,GBP,Apple,NG,7.4746,2.0,1.0,0.0,0.0,0.0,0.0,0.0,0.0,1
18.79,USD,Netflix,NG,2.985,1.0,0.0,0.0,0.0,1.0,0.0,0.45,0.0,1
13.35,GBP,Amazon,NG,2.6637,2.0,0.0,0.0,0.0,1.0,1.0,0.0,0.0,1
26.56,EUR,Netflix,NG,3.3163,1.0,0.0,0.0,0.0,1.0,0.0,1.0,0.0,0
8584.27,GBP,Spotify,NG,9.0578,1.0,1.0,1.0,0.0,0.0,1.0,1.0,0.0,1
1120.06,GBP,Apple,NG,7.022,3.0,1.0,0.0,0.0,1.0,0.0,0.0,0.0,1
24.97,USD,Amazon,NG,3.2568,1.0,0.0,0.0,0.0,0.0,0.0,1.0,0.0,0
17.42,EUR,Spotify,NG,2.9135,3.0,0.0,0.0,0.0,1.0,0.0,1.0,0.0,1
561.13,USD,Apple,NG,6.3317,2.0,1.0,0.0,0.0,0.0,0.0,0.45,0.0,1
1265.39,EUR,Stripe Demo Store,NG,7.1439,3.0,1.0,0.0,0.0,0.0,0.0,1.0,0.0,1
2014.59,GBP,Spotify,DE,7.6087,3.0,1.0,0.0,0.0,0.0,0.0,0.0,1.0,1
29.39,EUR,Shopify Merchant,NG,3.4141,3.0,0.0,0.0,0.0,0.0,1.0,0.0,0.0,1
30.29,EUR,Netflix,NG,3.4434,1.0,0.0,0.0,0.0,0.0,0.0,0.45,0.0,1
14.08,USD,Spotify,NG,2.7135,6.0,0.0,0.0,0.0,0.0,0.0,0.0,0.0,1
13.26,USD,Apple,NG,2.6576,1.0,0.0,0.0,0.0,0.0,0.0,1.0,0.0,0
7615.99,USD,Shopify Merchant,DE,8.9381,3.0,1.0,1.0,0.0,0.0,0.0,0.0,1.0,1
13.65,EUR,Spotify,DE,2.6843,2.0,0.0,0.0,0.0,0.0,0.0,0.0,1.0,0
58.42,GBP,Stripe Demo Store,NG,4.0846,1.0,0.0,0.0,0.0,0.0,0.0,0.45,0.0,1
25.07,USD,Amazon,NG,3.2607,2.0,0.0,0.0,0.0,0.0,0.0,0.0,0.0,0
20.29,GBP,Amazon,NG,3.0583,2.0,0.0,0.0,0.0,0.0,1.0,0.0,0.0,0
10.46,EUR,Shopify Merchant,NG,2.4384,1.0,0.0,0.0,0.0,0.0,0.0,0.45,0.0,0
33.69,USD,Apple,NG,3.5465,1.0,0.0,0.0,0.0,0.0,1.0,0.0,0.0,0
2050.03,EUR,Spotify,DE,7.6261,1.0,1.0,0.0,0.0,0.0,1.0,0.45,1.0,1
12.72,EUR,Netflix,NG,2.6188,8.0,0.0,0.0,0.0,0.0,0.0,1.0,0.0,1
34.5,GBP,Apple,NG,3.5694,2.0,0.0,0.0,0.0,0.0,0.0,0.0,0.0,0
26.34,GBP,XXX Test Casino,NG,3.3084,1.0,0.0,0.0,1.0,0.0,1.0,0.45,0.0,1
5.0,GBP,Shopify Merchant,RU,1.7918,3.0,0.0,0.0,0.0,0.0,0.0,0.0,1.0,1
17.99,USD,Spotify,NG,2.9437,2.0,0.0,0.0,0.0,0.0,0.0,0.45,0.0,1
2194.94,USD,Apple,NG,7.6944,3.0,1.0,0.0,0.0,0.0,0.0,0.0,0.0,1
15.84,EUR,Spotify,NG,2.8235,2.0,0.0,0.0,0.0,1.0,0.0,0.0,0.0,0
6668.86,GBP,Netflix,NG,8.8054,1.0,1.0,1.0,0.0,0.0,0.0,0.45,0.0,0
5.66,GBP,Shopify Merchant,NG,1.8959,1.0,0.0,0.0,0.0,1.0,0.0,0.0,0.0,1
5.0,EUR,Anonymous Crypto Mix,NG,1.7918,3.0,0.0,0.0,1.0,0.0,1.0,0.45,0.0,1
10.15,EUR,Dark Web Market,NG,2.4112,3.0,0.0,0.0,1.0,0.0,1.0,0.45,0.0,1
24.47,EUR,Anonymous Crypto Mix,NG,3.2376,3.0,0.0,0.0,1.0,0.0,0.0,1.0,0.0,0
695.85,USD,Apple,NG,6.5466,1.0,1.0,0.0,0.0,0.0,0.0,0.0,0.0,1
11.13,USD,Apple,NG,2.4956,3.0,0.0,0.0,0.0,1.0,0.0,0.0,0.0,1
5.23,USD,Stripe Demo Store,DE,1.8291,1.0,0.0,0.0,0.0,0.0,1.0,0.0,1.0,0
16.95,GBP,Amazon,NG,2.8875,2.0,0.0,0.0,0.0,0.0,0.0,0.45,0.0,1
1680.61,EUR,Netflix,NG,7.4275,1.0,1.0,0.0,0.0,1.0,0.0,0.0,0.0,1
17.25,GBP,Apple,NG,2.9043,3.0,0.0,0.0,0.0,0.0,0.0,0.45,0.0,1
1968.67,EUR,Gambling Anonymous Hub,NG,7.5856,8.0,1.0,0.0,1.0,0.0,1.0,0.45,0.0,1
36.14,USD,Spotify,NG,3.6148,1.0,0.0,0.0,0.0,0.0,0.0,0.45,0.0,0
1692.76,GBP,Spotify,NG,7.4347,3.0,1.0,0.0,0.0,1.0,0.0,0.0,0.0,1
17.28,GBP,Amazon,NG,2.9058,2.0,0.0,0.0,0.0,0.0,0.0,0.45,0.0,1
38.42,EUR,Netflix,NG,3.6743,1.0,0.0,0.0,0.0,1.0,0.0,0.45,0.0,0
8794.09,GBP,Apple,NG,9.0819,1.0,1.0,1.0,0.0,0.0,1.0,0.45,0.0,1
24.58,USD,Apple,CN,3.2419,3.0,0.0,0.0,0.0,0.0,1.0,1.0,1.0,1
18.23,USD,Spotify,NG,2.9563,1.0,0.0,0.0,0.0,0.0,0.0,0.0,0.0,0
15.76,USD,Stripe Demo Store,US,2.8193,1.0,0.0,0.0,0.0,0.0,1.0,0.0,1.0,0
38.17,EUR,Amazon,NG,3.6679,4.0,0.0,0.0,0.0,0.0,0.0,0.0,0.0,1
15.87,GBP,Netflix,NG,2.8256,2.0,0.0,0.0,0.0,0.0,1.0,0.45,0.0,1
47.55,USD,Amazon,NG,3.8827,3.0,0.0,0.0,0.0,0.0,1.0,0.0,0.0,0
1676.89,GBP,Apple,NG,7.4253,2.0,1.0,0.0,0.0,0.0,0.0,0.45,0.0,1
1097.01,USD,Spotify,RU,7.0013,2.0,1.0,0.0,0.0,1.0,0.0,0.0,1.0,1
27.95,EUR,Shopify Merchant,NG,3.3656,3.0,0.0,0.0,0.0,0.0,0.0,0.0,0.0,1
10.2,GBP,Shopify Merchant,NG,2.4156,1.0,0.0,0.0,0.0,0.0,0.0,0.0,0.0,1
2022.03,EUR,Netflix,US,7.6124,1.0,1.0,0.0,0.0,0.0,0.0,0.0,1.0,1
12.74,EUR,Shopify Merchant,NG,2.6203,2.0,0.0,0.0,0.0,0.0,1.0,0.0,0.0,0
20.56,USD,Apple,DE,3.0709,6.0,0.0,0.0,0.0,0.0,0.0,0.0,1.0,1
14.29,GBP,Netflix,NG,2.727,1.0,0.0,0.0,0.0,0.0,0.0,0.0,0.0,0
18.3,EUR,Shopify Merchant,CN,2.9602,8.0,0.0,0.0,0.0,0.0,0.0,0.45,1.0,1
38.82,EUR,Spotify,NG,3.6844,3.0,0.0,0.0,0.0,1.0,1.0,0.0,0.0,1
791.7,USD,Apple,NG,6.6754,2.0,1.0,0.0,0.0,0.0,0.0,0.0,0.0,1
3875.31,USD,Shopify Merchant,DE,8.2626,1.0,1.0,1.0,0.0,1.0,0.0,0.0,1.0,1
9.51,GBP,Spotify,NG,2.3523,1.0,0.0,0.0,0.0,0.0,1.0,0.0,0.0,0
24.28,GBP,Shopify Merchant,US,3.2299,2.0,0.0,0.0,0.0,0.0,0.0,0.45,1.0,1
25.54,GBP,Stripe Demo Store,NG,3.2786,1.0,0.0,0.0,0.0,1.0,0.0,1.0,0.0,0
12.53,EUR,Apple,NG,2.6047,1.0,0.0,0.0,0.0,0.0,0.0,0.0,0.0,1
1665.47,GBP,Gambling Anonymous Hub,CN,7.4185,1.0,1.0,0.0,1.0,1.0,0.0,0.45,1.0,1
35.5,GBP,Shopify Merchant,NG,3.5972,6.0,0.0,0.0,0.0,0.0,1.0,0.45,0.0,0
8900.16,USD,Shopify Merchant,NG,9.0939,1.0,1.0,1.0,0.0,0.0,1.0,1.0,0.0,0
12.11,EUR,Netflix,US,2.5737,2.0,0.0,0.0,0.0,1.0,1.0,0.0,1.0,1
17.12,EUR,Spotify,NG,2.8973,1.0,0.0,0.0,0.0,0.0,0.0,0.45,0.0,0
15.92,GBP,Stripe Demo Store,NG,2.8286,1.0,0.0,0.0,0.0,0.0,1.0,0.0,0.0,0
48.39,EUR,Stripe Demo Store,NG,3.8998,1.0,0.0,0.0,0.0,0.0,1.0,0.0,0.0,0
1640.87,EUR,Netflix,NG,7.4036,3.0,1.0,0.0,0.0,1.0,1.0,0.0,0.0,1
20.58,EUR,Apple,DE,3.072,2.0,0.0,0.0,0.0,1.0,1.0,0.0,1.0,1
32.28,USD,Spotify,US,3.505,1.0,0.0,0.0,0.0,0.0,0.0,0.0,1.0,0
35.73,EUR,Spotify,NG,3.6037,4.0,0.0,0.0,0.0,0.0,0.0,0.0,0.0,1
20.92,EUR,Apple,CN,3.0875,1.0,0.0,0.0,0.0,0.0,1.0,0.0,1.0,1
571.68,EUR,Stripe Demo Store,NG,6.3503,4.0,1.0,0.0,0.0,0.0,0.0,0.0,0.0,1
30.45,GBP,Stripe Demo Store,NG,3.4482,1.0,0.0,0.0,0.0,0.0,0.0,0.0,0.0,0
28.26,USD,Netflix,NG,3.3761,4.0,0.0,0.0,0.0,0.0,1.0,0.0,0.0,1
11.64,USD,Amazon,NG,2.5372,6.0,0.0,0.0,0.0,0.0,1.0,0.0,0.0,1
12.5,USD,Apple,NG,2.6026,3.0,0.0,0.0,0.0,0.0,0.0,0.0,0.0,0
16.41,EUR,Dark Web Market,NG,2.8571,1.0,0.0,0.0,1.0,0.0,1.0,0.45,0.0,0
12.25,EUR,Spotify,NG,2.5838,2.0,0.0,0.0,0.0,0.0,0.0,0.45,0.0,0
7.16,EUR,Stripe Demo Store,NG,2.0995,4.0,0.0,0.0,0.0,0.0,0.0,0.45,0.0,0
32.24,GBP,Shopify Merchant,NG,3.5037,2.0,0.0,0.0,0.0,0.0,0.0,0.0,0.0,1
25.6,USD,Apple,NG,3.2808,1.0,0.0,0.0,0.0,0.0,0.0,0.45,0.0,0
2095.1,USD,Spotify,NG,7.6478,2.0,1.0,0.0,0.0,0.0,1.0,0.0,0.0,1
16.97,GBP,XXX Test Casino,NG,2.8886,1.0,0.0,0.0,1.0,1.0,1.0,0.45,0.0,0
17.65,EUR,Spotify,NG,2.9261,2.0,0.0,0.0,0.0,0.0,0.0,0.45,0.0,0
22.81,GBP,Netflix,NG,3.1703,1.0,0.0,0.0,0.0,0.0,0.0,1.0,0.0,0
9.42,USD,Shopify Merchant,RU,2.3436,2.0,0.0,0.0,0.0,0.0,0.0,0.0,1.0,1
2396.48,EUR,Stripe Demo Store,NG,7.7822,1.0,1.0,0.0,0.0,0.0,1.0,0.0,0.0,1
28.9,GBP,Amazon,NG,3.3978,1.0,0.0,0.0,0.0,0.0,0.0,0.45,0.0,0
6.86,USD,Spotify,NG,2.0622,1.0,0.0,0.0,0.0,0.0,0.0,0.0,0.0,0
1502.6,USD,Netflix,NG,7.3156,5.0,1.0,0.0,0.0,1.0,0.0,0.45,0.0,1
1764.69,EUR,Apple,NG,7.4763,2.0,1.0,0.0,0.0,0.0,0.0,0.0,0.0,1
774.41,EUR,Gambling Anonymous Hub,RU,6.6534,2.0,1.0,0.0,1.0,0.0,1.0,1.0,1.0,1
23.97,EUR,Apple,NG,3.2178,3.0,0.0,0.0,0.0,0.0,1.0,0.0,0.0,1
61.5,GBP,Amazon,NG,4.1351,2.0,0.0,0.0,0.0,0.0,1.0,1.0,0.0,1
6.56,USD,Amazon,NG,2.0223,1.0,0.0,0.0,0.0,0.0,1.0,0.45,0.0,0
37.1,USD,Netflix,CN,3.6402,2.0,0.0,0.0,0.0,0.0,1.0,1.0,1.0,1
5.0,EUR,Wallet Drain Services,NG,1.7918,1.0,0.0,0.0,1.0,0.0,1.0,0.45,0.0,1
936.08,USD,Stripe Demo Store,NG,6.8428,2.0,1.0,0.0,0.0,1.0,1.0,0.0,0.0,1
5.0,USD,Shopify Merchant,NG,1.7918,1.0,0.0,0.0,0.0,0.0,1.0,0.0,0.0,1
110.55,GBP,Apple,NG,4.7145,5.0,0.0,0.0,0.0,0.0,0.0,0.45,0.0,1
15.29,USD,Apple,NG,2.7905,2.0,0.0,0.0,0.0,0.0,1.0,0.0,0.0,0
49.56,EUR,Amazon,NG,3.9232,1.0,0.0,0.0,0.0,0.0,0.0,0.0,0.0,0
42.9,EUR,Netflix,NG,3.782,2.0,0.0,0.0,0.0,0.0,1.0,0.0,0.0,1
1026.18,EUR,Spotify,CN,6.9346,1.0,1.0,0.0,0.0,1.0,1.0,0.45,1.0,1
15.61,GBP,Amazon,NG,2.8103,1.0,0.0,0.0,0.0,0.0,1.0,0.45,0.0,1
1114.25,EUR,Netflix,NG,7.0168,4.0,1.0,0.0,0.0,0.0,1.0,0.0,0.0,1
34.85,USD,Netflix,RU,3.5794,3.0,0.0,0.0,0.0,0.0,1.0,0.0,1.0,0
14.93,EUR,Netflix,NG,2.7684,3.0,0.0,0.0,0.0,0.0,0.0,0.0,0.0,0
11.32,USD,Dark Web Market,CN,2.5114,2.0,0.0,0.0,1.0,0.0,1.0,1.0,1.0,1
1083.51,USD,Amazon,NG,6.9889,1.0,1.0,0.0,0.0,1.0,1.0,0.45,0.0,1
10.72,GBP,Netflix,NG,2.4612,1.0,0.0,0.0,0.0,0.0,0.0,0.0,0.0,1
15.95,GBP,Apple,CN,2.8305,2.0,0.0,0.0,0.0,0.0,0.0,0.0,1.0,1
21.65,USD,Amazon,RU,3.1201,2.0,0.0,0.0,0.0,0.0,0.0,0.0,1.0,1
1356.67,EUR,Amazon,NG,7.2135,1.0,1.0,0.0,0.0,0.0,0.0,0.45,0.0,1
14.24,EUR,Amazon,NG,2.7238,1.0,0.0,0.0,0.0,0.0,0.0,1.0,0.0,1
2365.98,EUR,Netflix,NG,7.7694,1.0,1.0,0.0,0.0,0.0,1.0,0.0,0.0,1
7531.8,USD,Stripe Demo Store,NG,8.927,1.0,1.0,1.0,0.0,0.0,1.0,0.0,0.0,1
2239.38,USD,Amazon,NG,7.7144,1.0,1.0,0.0,0.0,1.0,0.0,0.0,0.0,1
17.77,GBP,Amazon,NG,2.9322,1.0,0.0,0.0,0.0,0.0,1.0,0.0,0.0,1
27.61,EUR,Spotify,NG,3.3537,2.0,0.0,0.0,0.0,0.0,0.0,1.0,0.0,1
3789.39,USD,Netflix,NG,8.2402,1.0,1.0,1.0,0.0,0.0,0.0,1.0,0.0,1
27.09,EUR,Stripe Demo Store,NG,3.3353,1.0,0.0,0.0,0.0,0.0,1.0,0.0,0.0,0
24.02,USD,Spotify,NG,3.2199,2.0,0.0,0.0,0.0,0.0,1.0,0.0,0.0,1
5.74,EUR,Wallet Drain Services,NG,1.9085,3.0,0.0,0.0,1.0,0.0,1.0,0.45,0.0,1
1870.84,GBP,Spotify,NG,7.5347,1.0,1.0,0.0,0.0,0.0,1.0,0.0,0.0,1
55.84,GBP,Spotify,NG,4.0403,1.0,0.0,0.0,0.0,0.0,1.0,0.45,0.0,1
11.47,EUR,Amazon,NG,2.5232,2.0,0.0,0.0,0.0,0.0,0.0,0.0,0.0,0
9.16,EUR,Spotify,NG,2.318,1.0,0.0,0.0,0.0,1.0,0.0,0.0,0.0,1
2186.99,GBP,Apple,RU,7.6907,1.0,1.0,0.0,0.0,0.0,1.0,0.0,1.0,1
7.4,EUR,Stripe Demo Store,NG,2.1286,2.0,0.0,0.0,0.0,0.0,0.0,0.0,0.0,1
936.09,GBP,Shopify Merchant,CN,6.8428,1.0,1.0,0.0,0.0,0.0,0.0,0.0,1.0,1
1509.75,USD,Wallet Drain Services,RU,7.3204,3.0,1.0,0.0,1.0,1.0,1.0,0.45,1.0,1
7285.54,USD,Dark Web Market,NG,8.8938,4.0,1.0,1.0,1.0,0.0,1.0,0.45,0.0,0
2354.59,GBP,Stripe Demo Store,CN,7.7645,1.0,1.0,0.0,0.0,0.0,0.0,0.45,1.0,0
18.57,GBP,XXX Test Casino,NG,2.9739,1.0,0.0,0.0,1.0,0.0,1.0,0.45,0.0,1
48.77,GBP,Apple,NG,3.9073,6.0,0.0,0.0,0.0,0.0,0.0,0.0,0.0,1
16.02,USD,Shopify Merchant,NG,2.8343,2.0,0.0,0.0,0.0,0.0,1.0,0.0,0.0,0
4375.47,USD,Shopify Merchant,NG,8.384,10.0,1.0,1.0,0.0,0.0,0.0,0.45,0.0,1
43.16,EUR,XXX Test Casino,US,3.7878,3.0,0.0,0.0,1.0,0.0,1.0,0.45,1.0,0
13.61,USD,Stripe Demo Store,CN,2.6817,1.0,0.0,0.0,0.0,0.0,1.0,0.0,1.0,0
1182.93,EUR,Spotify,NG,7.0766,1.0,1.0,0.0,0.0,0.0,0.0,0.0,0.0,1
7.23,USD,Spotify,NG,2.1084,1.0,0.0,0.0,0.0,0.0,0.0,1.0,0.0,0
1272.81,GBP,Spotify,NG,7.1498,3.0,1.0,0.0,0.0,0.0,0.0,0.0,0.0,1
26.37,USD,Apple,NG,3.3094,1.0,0.0,0.0,0.0,0.0,0.0,0.0,0.0,0
42.23,USD,Shopify Merchant,NG,3.7666,2.0,0.0,0.0,0.0,0.0,0.0,0.0,0.0,0
16.58,GBP,Amazon,DE,2.8667,2.0,0.0,0.0,0.0,1.0,1.0,0.0,1.0,0
7.38,EUR,Shopify Merchant,NG,2.1256,4.0,0.0,0.0,0.0,1.0,1.0,0.45,0.0,1
5.0,USD,Stripe Demo Store,CN,1.7918,3.0,0.0,0.0,0.0,0.0,0.0,0.45,1.0,1
2373.73,EUR,Netflix,CN,7.7726,1.0,1.0,0.0,0.0,0.0,0.0,0.45,1.0,1
29.04,USD,Netflix,NG,3.4027,1.0,0.0,0.0,0.0,0.0,1.0,0.0,0.0,0
22.1,GBP,Netflix,NG,3.14,2.0,0.0,0.0,0.0,1.0,1.0,1.0,0.0,0
1548.11,EUR,Stripe Demo Store,NG,7.3454,3.0,1.0,0.0,0.0,0.0,0.0,0.0,0.0,1
1853.77,USD,Amazon,NG,7.5255,3.0,1.0,0.0,0.0,0.0,1.0,0.0,0.0,1
11.51,USD,Shopify Merchant,NG,2.5269,2.0,0.0,0.0,0.0,0.0,1.0,0.0,0.0,0
3880.54,USD,Anonymous Crypto Mix,NG,8.264,3.0,1.0,1.0,1.0,0.0,1.0,0.45,0.0,1
31.84,USD,Apple,DE,3.4918,1.0,0.0,0.0,0.0,0.0,0.0,0.0,1.0,0
11.77,EUR,Shopify Merchant,NG,2.547,1.0,0.0,0.0,0.0,0.0,1.0,0.0,0.0,1
8.51,GBP,Netflix,NG,2.2523,4.0,0.0,0.0,0.0,0.0,0.0,0.45,0.0,1
808.83,EUR,Amazon,NG,6.6968,2.0,1.0,0.0,0.0,1.0,0.0,0.0,0.0,1
16.11,GBP,Apple,NG,2.8394,3.0,0.0,0.0,0.0,1.0,1.0,1.0,0.0,1
84.3,EUR,Apple,NG,4.4462,1.0,0.0,0.0,0.0,0.0,1.0,0.0,0.0,1
1559.49,EUR,Amazon,NG,7.3528,2.0,1.0,0.0,0.0,0.0,0.0,0.0,0.0,1
8.73,GBP,Shopify Merchant,NG,2.2757,1.0,0.0,0.0,0.0,0.0,0.0,0.0,0.0,1
19.28,GBP,Apple,NG,3.0095,1.0,0.0,0.0,0.0,0.0,0.0,0.45,0.0,0
1720.64,GBP,Apple,NG,7.451,1.0,1.0,0.0,0.0,0.0,1.0,0.0,0.0,0
8.2,GBP,Amazon,NG,2.2187,3.0,0.0,0.0,0.0,0.0,1.0,0.0,0.0,1
26.62,USD,Spotify,NG,3.3184,1.0,0.0,0.0,0.0,0.0,1.0,0.0,0.0,0
46.82,USD,Apple,DE,3.8674,1.0,0.0,0.0,0.0,0.0,0.0,0.45,1.0,0
3442.94,USD,Spotify,NG,8.1444,1.0,1.0,1.0,0.0,0.0,1.0,0.0,0.0,1
11.5,GBP,Gambling Anonymous Hub,NG,2.5255,1.0,0.0,0.0,1.0,0.0,0.0,0.45,0.0,0
13.87,GBP,Amazon,NG,2.6994,2.0,0.0,0.0,0.0,0.0,0.0,0.45,0.0,0
6.29,GBP,Netflix,NG,1.9864,2.0,0.0,0.0,0.0,0.0,0.0,1.0,0.0,1
18.29,GBP,Apple,NG,2.9595,2.0,0.0,0.0,0.0,1.0,0.0,0.45,0.0,0
6732.95,GBP,Anonymous Crypto Mix,NG,8.8149,1.0,1.0,1.0,1.0,0.0,1.0,0.45,0.0,1
10.72,USD,Gambling Anonymous Hub,NG,2.4615,2.0,0.0,0.0,1.0,0.0,1.0,0.45,0.0,1
78.08,EUR,Amazon,NG,4.3705,1.0,0.0,0.0,0.0,1.0,0.0,0.0,0.0,1
34.97,GBP,Stripe Demo Store,CN,3.5828,2.0,0.0,0.0,0.0,0.0,0.0,0.0,1.0,0
5.73,EUR,Netflix,NG,1.906,4.0,0.0,0.0,0.0,0.0,0.0,0.0,0.0,1
5.81,USD,Netflix,NG,1.9183,2.0,0.0,0.0,0.0,0.0,0.0,1.0,0.0,1
3224.5,USD,Apple,DE,8.0788,5.0,1.0,1.0,0.0,0.0,1.0,0.0,1.0,1
60.41,EUR,Netflix,RU,4.1176,1.0,0.0,0.0,0.0,0.0,0.0,0.0,1.0,1
37.47,GBP,Wallet Drain Services,NG,3.65,3.0,0.0,0.0,1.0,0.0,0.0,0.45,0.0,1
62.59,GBP,Amazon,NG,4.1524,3.0,0.0,0.0,0.0,0.0,0.0,0.0,0.0,0
20.23,GBP,Spotify,NG,3.0554,2.0,0.0,0.0,0.0,0.0,1.0,0.45,0.0,1
17.35,EUR,Shopify Merchant,NG,2.9094,2.0,0.0,0.0,0.0,1.0,1.0,0.0,0.0,0
8.39,EUR,Spotify,NG,2.2394,1.0,0.0,0.0,0.0,0.0,1.0,0.0,0.0,1
25.66,EUR,Spotify,NG,3.283,3.0,0.0,0.0,0.0,1.0,1.0,1.0,0.0,1
1473.74,GBP,Netflix,NG,7.2962,2.0,1.0,0.0,0.0,0.0,0.0,0.45,0.0,1
529.29,GBP,Wallet Drain Services,US,6.2734,2.0,1.0,0.0,1.0,1.0,1.0,1.0,1.0,1
62.34,USD,Shopify Merchant,NG,4.1485,1.0,0.0,0.0,0.0,0.0,1.0,0.0,0.0,0
2858.72,GBP,Amazon,NG,7.9585,1.0,1.0,1.0,0.0,0.0,0.0,1.0,0.0,1
50.99,EUR,Amazon,NG,3.9511,5.0,0.0,0.0,0.0,0.0,0.0,0.0,0.0,1
6.61,USD,Stripe Demo Store,CN,2.0293,1.0,0.0,0.0,0.0,0.0,0.0,0.0,1.0,1
912.21,USD,Shopify Merchant,NG,6.817,1.0,1.0,0.0,0.0,0.0,0.0,0.0,0.0,1
15.47,GBP,Stripe Demo Store,NG,2.8014,1.0,0.0,0.0,0.0,0.0,1.0,1.0,0.0,1
32.95,EUR,Spotify,US,3.5249,2.0,0.0,0.0,0.0,0.0,1.0,0.0,1.0,1
1524.52,GBP,Netflix,NG,7.3301,3.0,1.0,0.0,0.0,1.0,0.0,1.0,0.0,1
14.18,USD,Shopify Merchant,NG,2.72,5.0,0.0,0.0,0.0,1.0,0.0,1.0,0.0,1
2309.79,EUR,Stripe Demo Store,NG,7.7453,2.0,1.0,0.0,0.0,1.0,1.0,1.0,0.0,1
36.96,USD,Stripe Demo Store,NG,3.6364,1.0,0.0,0.0,0.0,0.0,1.0,0.0,0.0,1
1595.79,GBP,Wallet Drain Services,RU,7.3758,1.0,1.0,0.0,1.0,0.0,1.0,0.45,1.0,1
12.29,USD,Spotify,NG,2.5873,1.0,0.0,0.0,0.0,1.0,0.0,0.0,0.0,0
20.73,USD,Apple,NG,3.0788,2.0,0.0,0.0,0.0,0.0,1.0,0.0,0.0,0
18.53,EUR,Amazon,NG,2.9717,8.0,0.0,0.0,0.0,0.0,0.0,0.0,0.0,1
2142.05,GBP,Stripe Demo Store,NG,7.67,1.0,1.0,0.0,0.0,0.0,0.0,0.0,0.0,0
12.35,GBP,Amazon,NG,2.5918,1.0,0.0,0.0,0.0,0.0,0.0,0.45,0.0,1
2276.82,EUR,Amazon,NG,7.731,2.0,1.0,0.0,0.0,0.0,1.0,1.0,0.0,1
32.85,USD,Shopify Merchant,US,3.5219,2.0,0.0,0.0,0.0,0.0,0.0,0.0,1.0,0
19.12,USD,Spotify,NG,3.0017,2.0,0.0,0.0,0.0,0.0,0.0,0.0,0.0,0
30.7,GBP,Netflix,RU,3.4563,2.0,0.0,0.0,0.0,0.0,0.0,0.0,1.0,1
5.0,EUR,Apple,NG,1.7918,1.0,0.0,0.0,0.0,0.0,1.0,1.0,0.0,0
6294.06,GBP,Anonymous Crypto Mix,DE,8.7475,2.0,1.0,1.0,1.0,1.0,1.0,0.45,1.0,1
24.57,USD,Shopify Merchant,NG,3.2414,1.0,0.0,0.0,0.0,0.0,0.0,0.0,0.0,0
43.85,GBP,Apple,CN,3.8033,3.0,0.0,0.0,0.0,0.0,0.0,0.0,1.0,1
23.1,EUR,Stripe Demo Store,DE,3.1822,1.0,0.0,0.0,0.0,0.0,0.0,0.45,1.0,0
55.74,GBP,Stripe Demo Store,NG,4.0385,2.0,0.0,0.0,0.0,1.0,1.0,0.0,0.0,1
36.88,EUR,Amazon,NG,3.6343,6.0,0.0,0.0,0.0,0.0,0.0,1.0,0.0,1
887.8,EUR,Netflix,NG,6.7899,2.0,1.0,0.0,0.0,0.0,0.0,1.0,0.0,1
18.21,USD,Netflix,NG,2.9554,1.0,0.0,0.0,0.0,1.0,0.0,0.45,0.0,0
26.73,EUR,Netflix,NG,3.3226,5.0,0.0,0.0,0.0,1.0,0.0,0.0,0.0,1
14.67,GBP,Shopify Merchant,NG,2.7519,1.0,0.0,0.0,0.0,0.0,0.0,1.0,0.0,1
58.67,USD,Netflix,NG,4.0888,3.0,0.0,0.0,0.0,0.0,1.0,0.0,0.0,0
9.24,GBP,Apple,NG,2.3266,1.0,0.0,0.0,0.0,0.0,0.0,0.0,0.0,0
25.06,EUR,Stripe Demo Store,RU,3.2604,4.0,0.0,0.0,0.0,1.0,0.0,0.0,1.0,0
33.61,GBP,Amazon,NG,3.5441,1.0,0.0,0.0,0.0,0.0,0.0,0.0,0.0,1
1747.59,EUR,Amazon,NG,7.4666,1.0,1.0,0.0,0.0,0.0,1.0,0.0,0.0,1
6325.66,GBP,Stripe Demo Store,CN,8.7525,6.0,1.0,1.0,0.0,0.0,1.0,0.0,1.0,1
2608.96,GBP,Anonymous Crypto Mix,NG,7.8671,2.0,1.0,1.0,1.0,0.0,0.0,1.0,0.0,1
878.51,EUR,Stripe Demo Store,NG,6.7794,1.0,1.0,0.0,0.0,0.0,0.0,0.0,0.0,0
14.16,EUR,Stripe Demo Store,NG,2.7184,1.0,0.0,0.0,0.0,0.0,1.0,0.0,0.0,1
1133.29,USD,Netflix,NG,7.0338,1.0,1.0,0.0,0.0,0.0,0.0,1.0,0.0,1
44.94,USD,Stripe Demo Store,NG,3.8274,1.0,0.0,0.0,0.0,0.0,0.0,0.45,0.0,0
26.56,GBP,Netflix,NG,3.3165,2.0,0.0,0.0,0.0,1.0,1.0,0.0,0.0,1
40.67,USD,Shopify Merchant,CN,3.7298,2.0,0.0,0.0,0.0,0.0,1.0,0.0,1.0,0
34.18,EUR,Netflix,NG,3.5604,5.0,0.0,0.0,0.0,0.0,1.0,0.0,0.0,0
6410.75,GBP,Stripe Demo Store,CN,8.7659,3.0,1.0,1.0,0.0,0.0,0.0,0.0,1.0,1
2242.25,EUR,Spotify,NG,7.7157,5.0,1.0,0.0,0.0,1.0,0.0,0.0,0.0,1
12.1,EUR,Amazon,NG,2.5726,2.0,0.0,0.0,0.0,0.0,0.0,0.0,0.0,0
27.92,USD,Apple,US,3.3644,1.0,0.0,0.0,0.0,0.0,0.0,0.0,1.0,1
13.6,USD,Spotify,RU,2.6807,2.0,0.0,0.0,0.0,1.0,0.0,0.0,1.0,0
14.62,USD,Dark Web Market,NG,2.7483,1.0,0.0,0.0,1.0,0.0,0.0,0.45,0.0,0
1908.92,GBP,Stripe Demo Store,NG,7.5548,1.0,1.0,0.0,0.0,0.0,0.0,0.0,0.0,1
2721.27,USD,Netflix,NG,7.9092,4.0,1.0,1.0,0.0,0.0,0.0,0.0,0.0,1
29.42,EUR,Spotify,RU,3.415,2.0,0.0,0.0,0.0,0.0,0.0,0.0,1.0,1
19.18,GBP,Stripe Demo Store,DE,3.0046,1.0,0.0,0.0,0.0,1.0,0.0,0.45,1.0,1
9.3,USD,Netflix,NG,2.3325,1.0,0.0,0.0,0.0,0.0,0.0,1.0,0.0,1
6.92,EUR,Shopify Merchant,DE,2.0689,1.0,0.0,0.0,0.0,0.0,1.0,0.0,1.0,0
88.08,USD,Apple,NG,4.4896,2.0,0.0,0.0,0.0,0.0,1.0,0.0,0.0,0
25.22,EUR,Shopify Merchant,NG,3.2665,1.0,0.0,0.0,0.0,0.0,0.0,0.45,0.0,0
11.28,USD,Stripe Demo Store,CN,2.5081,4.0,0.0,0.0,0.0,0.0,0.0,0.0,1.0,1
27.75,EUR,Amazon,NG,3.3586,2.0,0.0,0.0,0.0,0.0,0.0,0.0,0.0,0
92.98,USD,Stripe Demo Store,NG,4.5431,1.0,0.0,0.0,0.0,0.0,0.0,0.45,0.0,1
2303.81,EUR,Spotify,NG,7.7428,3.0,1.0,0.0,0.0,0.0,1.0,0.0,0.0,1
5.0,GBP,Stripe Demo Store,RU,1.7918,5.0,0.0,0.0,0.0,1.0,1.0,0.0,1.0,1
1915.65,EUR,Stripe Demo Store,CN,7.5583,3.0,1.0,0.0,0.0,0.0,0.0,0.0,1.0,1
5.5,EUR,Netflix,NG,1.8725,2.0,0.0,0.0,0.0,0.0,1.0,0.0,0.0,0
17.39,USD,Shopify Merchant,NG,2.9117,1.0,0.0,0.0,0.0,1.0,0.0,0.0,0.0,1
9.08,GBP,Stripe Demo Store,NG,2.311,2.0,0.0,0.0,0.0,0.0,1.0,0.0,0.0,1
11.97,GBP,Amazon,NG,2.5623,3.0,0.0,0.0,0.0,1.0,0.0,0.0,0.0,0
24.51,USD,Wallet Drain Services,NG,3.2391,8.0,0.0,0.0,1.0,1.0,1.0,0.45,0.0,1
5.0,GBP,Spotify,NG,1.7918,2.0,0.0,0.0,0.0,0.0,1.0,0.0,0.0,1
18.86,USD,Shopify Merchant,NG,2.9885,2.0,0.0,0.0,0.0,0.0,1.0,0.0,0.0,1
4765.88,EUR,Stripe Demo Store,RU,8.4694,1.0,1.0,1.0,0.0,0.0,1.0,0.0,1.0,1
11.13,EUR,Spotify,NG,2.4958,1.0,0.0,0.0,0.0,0.0,0.0,0.0,0.0,1
7.59,EUR,Netflix,DE,2.1506,1.0,0.0,0.0,0.0,0.0,1.0,0.45,1.0,0
1463.81,EUR,Netflix,NG,7.2895,1.0,1.0,0.0,0.0,1.0,1.0,0.0,0.0,1
15.85,GBP,Spotify,NG,2.8243,2.0,0.0,0.0,0.0,0.0,0.0,0.45,0.0,1
13.24,EUR,Netflix,NG,2.6561,1.0,0.0,0.0,0.0,0.0,0.0,1.0,0.0,0
2283.22,USD,Apple,US,7.7338,2.0,1.0,0.0,0.0,0.0,1.0,0.0,1.0,0
28.89,USD,Amazon,NG,3.3975,2.0,0.0,0.0,0.0,0.0,0.0,0.0,0.0,1
30.47,EUR,Shopify Merchant,NG,3.449,1.0,0.0,0.0,0.0,1.0,0.0,0.0,0.0,1
9.53,USD,Apple,DE,2.3539,2.0,0.0,0.0,0.0,1.0,0.0,0.45,1.0,0
10.5,GBP,Apple,DE,2.4419,1.0,0.0,0.0,0.0,0.0,0.0,1.0,1.0,1
2200.89,GBP,Amazon,DE,7.6971,1.0,1.0,0.0,0.0,0.0,0.0,0.0,1.0,0
10.22,EUR,Netflix,NG,2.4179,8.0,0.0,0.0,0.0,1.0,0.0,1.0,0.0,1
22.76,GBP,Apple,NG,3.1681,1.0,0.0,0.0,0.0,1.0,1.0,0.45,0.0,1
56.13,EUR,Shopify Merchant,NG,4.0453,1.0,0.0,0.0,0.0,0.0,0.0,0.0,0.0,1
19.26,USD,Gambling Anonymous Hub,NG,3.0087,2.0,0.0,0.0,1.0,0.0,1.0,1.0,0.0,0
8.59,GBP,Netflix,NG,2.2606,1.0,0.0,0.0,0.0,0.0,0.0,0.0,0.0,0
26.43,GBP,Amazon,CN,3.3116,1.0,0.0,0.0,0.0,0.0,0.0,0.0,1.0,1
1023.85,EUR,Shopify Merchant,US,6.9323,3.0,1.0,0.0,0.0,0.0,0.0,0.45,1.0,1
18.08,GBP,Apple,NG,2.9487,2.0,0.0,0.0,0.0,0.0,0.0,0.45,0.0,0
562.47,USD,Gambling Anonymous Hub,NG,6.3341,2.0,1.0,0.0,1.0,0.0,0.0,0.45,0.0,1
32.58,USD,Apple,NG,3.514,4.0,0.0,0.0,0.0,0.0,0.0,0.0,0.0,1
20.59,USD,Apple,NG,3.0723,1.0,0.0,0.0,0.0,0.0,1.0,0.0,0.0,1
19.25,EUR,Spotify,NG,3.0082,2.0,0.0,0.0,0.0,0.0,0.0,0.0,0.0,0
928.27,GBP,Stripe Demo Store,NG,6.8344,1.0,1.0,0.0,0.0,0.0,1.0,0.0,0.0,1
46.54,USD,Apple,RU,3.8616,1.0,0.0,0.0,0.0,0.0,1.0,0.0,1.0,1
36.0,EUR,Amazon,NG,3.6109,8.0,0.0,0.0,0.0,0.0,1.0,0.0,0.0,1
644.77,GBP,XXX Test Casino,CN,6.4704,3.0,1.0,0.0,1.0,0.0,0.0,0.45,1.0,1
27.74,EUR,Shopify Merchant,DE,3.3583,1.0,0.0,0.0,0.0,0.0,1.0,0.0,1.0,0
9.93,USD,Spotify,DE,2.3919,1.0,0.0,0.0,0.0,0.0,1.0,0.45,1.0,1
44.22,GBP,Spotify,NG,3.8115,1.0,0.0,0.0,0.0,0.0,1.0,0.0,0.0,0
22.22,GBP,Netflix,NG,3.145,2.0,0.0,0.0,0.0,0.0,0.0,0.0,0.0,0
13.41,GBP,Amazon,NG,2.6679,1.0,0.0,0.0,0.0,1.0,0.0,0.0,0.0,0
16.94,EUR,Apple,NG,2.8871,5.0,0.0,0.0,0.0,1.0,0.0,0.0,0.0,1
1068.94,GBP,Shopify Merchant,NG,6.9754,1.0,1.0,0.0,0.0,0.0,1.0,0.0,0.0,1
42.1,USD,Spotify,NG,3.7636,1.0,0.0,0.0,0.0,0.0,1.0,0.45,0.0,0
32.4,GBP,Amazon,US,3.5085,5.0,0.0,0.0,0.0,0.0,1.0,0.0,1.0,1
7481.34,GBP,Dark Web Market,NG,8.9203,4.0,1.0,1.0,1.0,1.0,1.0,0.45,0.0,1
19.49,GBP,Wallet Drain Services,NG,3.0201,1.0,0.0,0.0,1.0,1.0,0.0,0.45,0.0,1
12.47,GBP,Shopify Merchant,NG,2.6007,2.0,0.0,0.0,0.0,0.0,0.0,0.0,0.0,0
5.0,USD,Shopify Merchant,NG,1.7918,4.0,0.0,0.0,0.0,0.0,1.0,1.0,0.0,0
7.47,EUR,Shopify Merchant,NG,2.1366,2.0,0.0,0.0,0.0,1.0,0.0,1.0,0.0,0
11.94,USD,Spotify,NG,2.5606,2.0,0.0,0.0,0.0,0.0,0.0,0.0,0.0,0
3229.07,EUR,Gambling Anonymous Hub,NG,8.0803,2.0,1.0,1.0,1.0,0.0,1.0,0.45,0.0,1
1289.56,USD,Wallet Drain Services,NG,7.1628,5.0,1.0,0.0,1.0,0.0,1.0,1.0,0.0,1
35.45,EUR,Stripe Demo Store,NG,3.5959,2.0,0.0,0.0,0.0,0.0,0.0,1.0,0.0,1
18.36,EUR,Stripe Demo Store,DE,2.9631,1.0,0.0,0.0,0.0,0.0,1.0,0.0,1.0,0
1446.85,GBP,Shopify Merchant,NG,7.2778,2.0,1.0,0.0,0.0,0.0,0.0,0.0,0.0,1
11.61,EUR,Apple,DE,2.5346,3.0,0.0,0.0,0.0,0.0,1.0,0.0,1.0,1
1951.43,USD,Spotify,NG,7.5768,2.0,1.0,0.0,0.0,0.0,0.0,0.0,0.0,0
19.38,GBP,Gambling Anonymous Hub,NG,3.0146,1.0,0.0,0.0,1.0,0.0,1.0,0.45,0.0,0
43.14,EUR,Wallet Drain Services,NG,3.7874,2.0,0.0,0.0,1.0,0.0,1.0,0.45,0.0,1
1287.4,USD,Shopify Merchant,NG,7.1612,2.0,1.0,0.0,0.0,1.0,0.0,0.0,0.0,1
22.05,GBP,Spotify,NG,3.1378,6.0,0.0,0.0,0.0,0.0,1.0,0.0,0.0,1
6.31,GBP,Shopify Merchant,NG,1.9888,1.0,0.0,0.0,0.0,0.0,1.0,0.0,0.0,1
724.13,GBP,Amazon,NG,6.5863,3.0,1.0,0.0,0.0,0.0,1.0,0.0,0.0,1
43.26,GBP,Apple,NG,3.79,2.0,0.0,0.0,0.0,0.0,1.0,0.0,0.0,0
5.0,USD,Stripe Demo Store,CN,1.7918,1.0,0.0,0.0,0.0,0.0,1.0,0.0,1.0,0
51.42,USD,Stripe Demo Store,NG,3.9594,2.0,0.0,0.0,0.0,1.0,1.0,0.0,0.0,0
28.5,GBP,Dark Web Market,RU,3.3843,1.0,0.0,0.0,1.0,0.0,1.0,0.45,1.0,1
11.9,USD,Amazon,NG,2.5574,3.0,0.0,0.0,0.0,0.0,0.0,0.0,0.0,0
11.22,USD,Spotify,NG,2.503,3.0,0.0,0.0,0.0,0.0,1.0,0.0,0.0,0
75.73,USD,Shopify Merchant,NG,4.3403,1.0,0.0,0.0,0.0,0.0,0.0,0.0,0.0,0
1891.2,GBP,Stripe Demo Store,NG,7.5455,2.0,1.0,0.0,0.0,0.0,1.0,0.0,0.0,0
18.47,GBP,Amazon,NG,2.9691,6.0,0.0,0.0,0.0,0.0,1.0,0.0,0.0,1
22.07,EUR,Apple,NG,3.1385,1.0,0.0,0.0,0.0,0.0,0.0,0.0,0.0,0
12.78,GBP,Spotify,NG,2.623,5.0,0.0,0.0,0.0,0.0,1.0,1.0,0.0,1
512.56,USD,Netflix,NG,6.2414,1.0,1.0,0.0,0.0,0.0,0.0,0.45,0.0,0
12.53,USD,Netflix,NG,2.605,1.0,0.0,0.0,0.0,1.0,1.0,1.0,0.0,0
1007.88,EUR,Anonymous Crypto Mix,NG,6.9166,2.0,1.0,0.0,1.0,1.0,0.0,0.45,0.0,1
71.32,EUR,Netflix,NG,4.2812,1.0,0.0,0.0,0.0,0.0,1.0,0.0,0.0,0
18.79,USD,Apple,NG,2.9849,4.0,0.0,0.0,0.0,0.0,0.0,0.0,0.0,1
3131.91,EUR,Spotify,NG,8.0497,2.0,1.0,1.0,0.0,1.0,0.0,0.0,0.0,1
1357.68,GBP,Amazon,NG,7.2143,2.0,1.0,0.0,0.0,0.0,0.0,0.0,0.0,1
21.95,EUR,Gambling Anonymous Hub,RU,3.1335,2.0,0.0,0.0,1.0,0.0,1.0,0.45,1.0,0
11.79,GBP,Stripe Demo Store,DE,2.5488,2.0,0.0,0.0,0.0,0.0,0.0,0.0,1.0,0
23.87,GBP,Stripe Demo Store,CN,3.2137,3.0,0.0,0.0,0.0,1.0,0.0,0.45,1.0,0
6.46,USD,Stripe Demo Store,NG,2.0102,2.0,0.0,0.0,0.0,1.0,0.0,0.0,0.0,0
584.65,GBP,Stripe Demo Store,NG,6.3727,4.0,1.0,0.0,0.0,0.0,0.0,0.0,0.0,1
1609.05,GBP,Spotify,NG,7.384,2.0,1.0,0.0,0.0,0.0,0.0,0.0,0.0,1
20.75,GBP,Shopify Merchant,NG,3.0795,1.0,0.0,0.0,0.0,0.0,0.0,0.0,0.0,1
15.85,GBP,Amazon,NG,2.8244,2.0,0.0,0.0,0.0,0.0,1.0,0.0,0.0,0
66.88,USD,Shopify Merchant,NG,4.2177,1.0,0.0,0.0,0.0,1.0,1.0,0.0,0.0,0
22.65,USD,Apple,NG,3.1633,1.0,0.0,0.0,0.0,0.0,0.0,0.0,0.0,1
2111.6,USD,Spotify,NG,7.6557,1.0,1.0,0.0,0.0,0.0,0.0,0.0,0.0,1
29.74,USD,Spotify,NG,3.4256,1.0,0.0,0.0,0.0,0.0,0.0,0.0,0.0,0
54.48,GBP,Stripe Demo Store,NG,4.016,1.0,0.0,0.0,0.0,1.0,0.0,0.0,0.0,1
17.35,EUR,Amazon,NG,2.9099,4.0,0.0,0.0,0.0,0.0,1.0,0.0,0.0,1
5258.96,EUR,Gambling Anonymous Hub,CN,8.5679,3.0,1.0,1.0,1.0,0.0,1.0,0.45,1.0,1
47.14,EUR,Spotify,NG,3.874,1.0,0.0,0.0,0.0,0.0,0.0,0.0,0.0,0
37.84,EUR,Netflix,NG,3.6596,6.0,0.0,0.0,0.0,1.0,0.0,0.45,0.0,1
29.13,EUR,Apple,NG,3.4055,6.0,0.0,0.0,0.0,0.0,1.0,0.0,0.0,1
15.97,EUR,Spotify,NG,2.8312,4.0,0.0,0.0,0.0,0.0,0.0,0.0,0.0,0
17.97,EUR,Apple,NG,2.943,1.0,0.0,0.0,0.0,0.0,0.0,0.0,0.0,0
44.54,USD,Stripe Demo Store,NG,3.8186,1.0,0.0,0.0,0.0,1.0,1.0,0.0,0.0,0
51.53,GBP,Stripe Demo Store,NG,3.9614,2.0,0.0,0.0,0.0,0.0,1.0,0.0,0.0,0
13.26,USD,Apple,RU,2.6577,3.0,0.0,0.0,0.0,1.0,0.0,0.45,1.0,1
593.64,EUR,Apple,DE,6.388,2.0,1.0,0.0,0.0,0.0,0.0,0.0,1.0,1
10.67,USD,Amazon,NG,2.4567,2.0,0.0,0.0,0.0,0.0,0.0,0.0,0.0,1
35.9,EUR,Netflix,NG,3.6083,3.0,0.0,0.0,0.0,1.0,1.0,0.0,0.0,0
10.48,EUR,Amazon,CN,2.4405,6.0,0.0,0.0,0.0,0.0,1.0,0.0,1.0,1
1670.0,EUR,Netflix,NG,7.4212,2.0,1.0,0.0,0.0,1.0,1.0,0.0,0.0,1
572.03,GBP,Stripe Demo Store,NG,6.3509,5.0,1.0,0.0,0.0,0.0,0.0,1.0,0.0,1
818.57,GBP,Spotify,RU,6.7088,3.0,1.0,0.0,0.0,0.0,0.0,0.0,1.0,1
60.02,GBP,Shopify Merchant,NG,4.1112,1.0,0.0,0.0,0.0,1.0,0.0,0.0,0.0,1
7.22,USD,Shopify Merchant,NG,2.1062,3.0,0.0,0.0,0.0,1.0,1.0,0.0,0.0,1
64.18,GBP,Spotify,NG,4.1771,1.0,0.0,0.0,0.0,1.0,0.0,0.0,0.0,0
25.11,USD,Netflix,NG,3.2623,1.0,0.0,0.0,0.0,0.0,0.0,0.0,0.0,0
5.0,EUR,Stripe Demo Store,NG,1.7918,10.0,0.0,0.0,0.0,0.0,0.0,1.0,0.0,1
61.21,USD,Spotify,NG,4.1305,1.0,0.0,0.0,0.0,0.0,0.0,0.0,0.0,0
39.67,USD,Netflix,NG,3.7054,2.0,0.0,0.0,0.0,0.0,0.0,1.0,0.0,1
14.88,GBP,Amazon,NG,2.7653,6.0,0.0,0.0,0.0,0.0,0.0,0.0,0.0,1
10.22,GBP,Netflix,DE,2.418,1.0,0.0,0.0,0.0,1.0,1.0,0.0,1.0,0
6.7,USD,Amazon,DE,2.0408,1.0,0.0,0.0,0.0,0.0,0.0,0.0,1.0,0
1667.87,GBP,Stripe Demo Store,NG,7.4199,1.0,1.0,0.0,0.0,0.0,1.0,0.0,0.0,1
10.52,EUR,Apple,NG,2.4444,2.0,0.0,0.0,0.0,1.0,0.0,0.0,0.0,0
960.2,GBP,Apple,NG,6.8682,1.0,1.0,0.0,0.0,0.0,0.0,0.0,0.0,1
24.23,EUR,Netflix,NG,3.228,1.0,0.0,0.0,0.0,1.0,0.0,0.0,0.0,0
951.86,USD,Apple,NG,6.8595,3.0,1.0,0.0,0.0,0.0,0.0,0.0,0.0,1
1807.35,EUR,Shopify Merchant,CN,7.5002,1.0,1.0,0.0,0.0,1.0,0.0,0.0,1.0,0
40.31,USD,Netflix,NG,3.721,2.0,0.0,0.0,0.0,0.0,0.0,0.0,0.0,1
3487.46,GBP,Stripe Demo Store,NG,8.1572,1.0,1.0,1.0,0.0,0.0,0.0,0.0,0.0,1
15.33,GBP,Apple,RU,2.7927,2.0,0.0,0.0,0.0,0.0,1.0,1.0,1.0,1
20.34,USD,Stripe Demo Store,US,3.0608,2.0,0.0,0.0,0.0,0.0,1.0,1.0,1.0,1
1335.53,GBP,Apple,NG,7.1978,1.0,1.0,0.0,0.0,0.0,1.0,0.0,0.0,0
19.23,EUR,Stripe Demo Store,NG,3.0073,1.0,0.0,0.0,0.0,0.0,1.0,0.45,0.0,1
11.78,EUR,Shopify Merchant,NG,2.5482,1.0,0.0,0.0,0.0,0.0,0.0,0.0,0.0,1
13.38,EUR,Shopify Merchant,NG,2.6659,1.0,0.0,0.0,0.0,0.0,0.0,0.0,0.0,0
13.1,USD,Shopify Merchant,US,2.6461,1.0,0.0,0.0,0.0,0.0,1.0,0.45,1.0,1
12.08,GBP,Stripe Demo Store,NG,2.5714,2.0,0.0,0.0,0.0,0.0,0.0,0.0,0.0,1
41.71,USD,Apple,CN,3.7544,1.0,0.0,0.0,0.0,0.0,0.0,0.45,1.0,1
34.44,GBP,Spotify,NG,3.5677,1.0,0.0,0.0,0.0,0.0,0.0,0.0,0.0,1
10.46,GBP,Apple,NG,2.4387,1.0,0.0,0.0,0.0,0.0,0.0,0.45,0.0,0
8.71,USD,Amazon,NG,2.2727,3.0,0.0,0.0,0.0,0.0,1.0,0.0,0.0,1
17.99,EUR,Netflix,NG,2.944,1.0,0.0,0.0,0.0,0.0,0.0,0.0,0.0,0
90.8,USD,Stripe Demo Store,NG,4.5197,2.0,0.0,0.0,0.0,0.0,0.0,0.0,0.0,1
9.78,GBP,Shopify Merchant,NG,2.3779,2.0,0.0,0.0,0.0,1.0,1.0,0.0,0.0,1
17.94,USD,Shopify Merchant,NG,2.9414,1.0,0.0,0.0,0.0,0.0,1.0,0.0,0.0,1
519.91,USD,Stripe Demo Store,NG,6.2556,1.0,1.0,0.0,0.0,0.0,1.0,0.0,0.0,1
1952.81,GBP,Spotify,NG,7.5775,1.0,1.0,0.0,0.0,0.0,1.0,0.0,0.0,1
14.57,GBP,Spotify,NG,2.7456,2.0,0.0,0.0,0.0,0.0,0.0,0.0,0.0,0
45.09,EUR,Apple,NG,3.8305,1.0,0.0,0.0,0.0,1.0,0.0,0.0,0.0,0
1985.24,USD,Stripe Demo Store,NG,7.594,1.0,1.0,0.0,0.0,0.0,0.0,0.0,0.0,1
1810.09,GBP,Shopify Merchant,NG,7.5017,5.0,1.0,0.0,0.0,1.0,0.0,0.0,0.0,0
30.34,USD,Wallet Drain Services,NG,3.445,3.0,0.0,0.0,1.0,0.0,0.0,0.45,0.0,1
37.55,GBP,Amazon,NG,3.652,1.0,0.0,0.0,0.0,0.0,1.0,0.45,0.0,1
60.89,EUR,Amazon,NG,4.1254,5.0,0.0,0.0,0.0,0.0,0.0,0.0,0.0,1
51.0,GBP,Stripe Demo Store,NG,3.9512,1.0,0.0,0.0,0.0,0.0,0.0,0.0,0.0,0
2392.97,EUR,Anonymous Crypto Mix,NG,7.7807,1.0,1.0,0.0,1.0,0.0,0.0,0.45,0.0,1
47.09,USD,Wallet Drain Services,NG,3.8732,1.0,0.0,0.0,1.0,0.0,1.0,0.45,0.0,0
12.57,USD,Shopify Merchant,NG,2.6079,5.0,0.0,0.0,0.0,0.0,0.0,0.0,0.0,1
36.35,EUR,Netflix,NG,3.6203,1.0,0.0,0.0,0.0,0.0,0.0,0.0,0.0,1
1289.58,EUR,Gambling Anonymous Hub,NG,7.1628,3.0,1.0,0.0,1.0,0.0,1.0,1.0,0.0,1
77.03,USD,Stripe Demo Store,NG,4.3571,2.0,0.0,0.0,0.0,1.0,0.0,0.45,0.0,1
711.0,USD,Stripe Demo Store,NG,6.5681,2.0,1.0,0.0,0.0,0.0,1.0,0.0,0.0,1
29.68,EUR,Spotify,NG,3.4237,1.0,0.0,0.0,0.0,0.0,0.0,0.45,0.0,0
12.47,USD,Shopify Merchant,NG,2.6004,1.0,0.0,0.0,0.0,0.0,0.0,0.0,0.0,1
28.75,EUR,Spotify,RU,3.393,3.0,0.0,0.0,0.0,0.0,0.0,0.45,1.0,1
17.28,EUR,Apple,NG,2.9059,1.0,0.0,0.0,0.0,0.0,0.0,0.45,0.0,0
3089.52,GBP,Amazon,CN,8.0361,2.0,1.0,1.0,0.0,0.0,0.0,0.0,1.0,1
7.48,USD,Netflix,NG,2.1382,1.0,0.0,0.0,0.0,0.0,0.0,0.0,0.0,0
35.0,GBP,Shopify Merchant,US,3.5834,3.0,0.0,0.0,0.0,0.0,0.0,0.0,1.0,0
23.2,GBP,Amazon,NG,3.1864,2.0,0.0,0.0,0.0,0.0,0.0,0.0,0.0,0
22.34,GBP,Stripe Demo Store,DE,3.1503,2.0,0.0,0.0,0.0,0.0,1.0,0.0,1.0,1
78.66,EUR,Wallet Drain Services,NG,4.3778,2.0,0.0,0.0,1.0,0.0,1.0,0.45,0.0,1
1298.34,GBP,Shopify Merchant,NG,7.1696,1.0,1.0,0.0,0.0,0.0,1.0,1.0,0.0,1
25.52,EUR,Amazon,NG,3.278,1.0,0.0,0.0,0.0,0.0,1.0,0.0,0.0,0
21.55,EUR,Stripe Demo Store,NG,3.1156,1.0,0.0,0.0,0.0,0.0,0.0,0.0,0.0,1
23.07,EUR,Stripe Demo Store,NG,3.1811,2.0,0.0,0.0,0.0,0.0,0.0,0.0,0.0,1
95.13,EUR,Shopify Merchant,NG,4.5657,1.0,0.0,0.0,0.0,1.0,0.0,1.0,0.0,1
21.0,EUR,Stripe Demo Store,NG,3.0912,1.0,0.0,0.0,0.0,0.0,1.0,0.45,0.0,1
13.5,GBP,Netflix,NG,2.6743,1.0,0.0,0.0,0.0,0.0,0.0,0.45,0.0,1
74.41,USD,Stripe Demo Store,NG,4.323,1.0,0.0,0.0,0.0,0.0,0.0,0.0,0.0,0
16.19,EUR,Stripe Demo Store,NG,2.8445,2.0,0.0,0.0,0.0,0.0,0.0,0.0,0.0,1
972.16,EUR,Apple,US,6.8805,2.0,1.0,0.0,0.0,1.0,0.0,0.0,1.0,1
2053.65,EUR,Stripe Demo Store,US,7.6279,1.0,1.0,0.0,0.0,1.0,0.0,0.45,1.0,0
8.39,USD,Apple,NG,2.24,1.0,0.0,0.0,0.0,0.0,1.0,0.0,0.0,1
5.7,USD,Apple,US,1.9017,2.0,0.0,0.0,0.0,0.0,0.0,0.0,1.0,1
15.58,EUR,Spotify,RU,2.8081,2.0,0.0,0.0,0.0,0.0,0.0,0.0,1.0,0
19.12,EUR,Apple,NG,3.0018,4.0,0.0,0.0,0.0,0.0,1.0,0.0,0.0,1
45.9,USD,Shopify Merchant,NG,3.8479,3.0,0.0,0.0,0.0,0.0,1.0,0.0,0.0,1
31.21,EUR,Netflix,NG,3.4721,4.0,0.0,0.0,0.0,0.0,0.0,0.0,0.0,1
1776.63,GBP,Netflix,NG,7.483,4.0,1.0,0.0,0.0,0.0,1.0,0.0,0.0,1
10.75,GBP,Spotify,NG,2.4637,4.0,0.0,0.0,0.0,0.0,1.0,0.45,0.0,1
37.32,USD,Shopify Merchant,RU,3.6459,2.0,0.0,0.0,0.0,0.0,0.0,0.0,1.0,0
53.19,USD,Apple,NG,3.9925,2.0,0.0,0.0,0.0,0.0,0.0,0.0,0.0,1
26.47,GBP,Amazon,NG,3.3133,3.0,0.0,0.0,0.0,0.0,0.0,0.0,0.0,0
27.0,USD,Stripe Demo Store,US,3.3321,1.0,0.0,0.0,0.0,0.0,0.0,0.45,1.0,0
8.29,USD,Spotify,NG,2.2286,1.0,0.0,0.0,0.0,0.0,0.0,1.0,0.0,1
42.02,USD,Spotify,NG,3.7616,5.0,0.0,0.0,0.0,0.0,1.0,0.0,0.0,0
680.9,EUR,Apple,NG,6.5249,2.0,1.0,0.0,0.0,1.0,1.0,0.0,0.0,1
2214.04,EUR,Netflix,NG,7.703,1.0,1.0,0.0,0.0,0.0,0.0,0.45,0.0,1
13.25,USD,Amazon,DE,2.6567,1.0,0.0,0.0,0.0,0.0,1.0,0.0,1.0,1
5894.64,GBP,Amazon,NG,8.682,1.0,1.0,1.0,0.0,0.0,1.0,0.0,0.0,1
14.96,USD,Stripe Demo Store,NG,2.7704,1.0,0.0,0.0,0.0,0.0,1.0,0.0,0.0,0
1981.25,EUR,Amazon,NG,7.592,2.0,1.0,0.0,0.0,0.0,1.0,0.45,0.0,1
31.61,GBP,Netflix,NG,3.4847,2.0,0.0,0.0,0.0,0.0,1.0,0.45,0.0,0
24.43,USD,Apple,NG,3.2357,2.0,0.0,0.0,0.0,0.0,0.0,0.0,0.0,0
40.56,EUR,Shopify Merchant,RU,3.7271,1.0,0.0,0.0,0.0,0.0,1.0,0.0,1.0,0
26.04,USD,Shopify Merchant,NG,3.2973,1.0,0.0,0.0,0.0,0.0,1.0,1.0,0.0,0
10.97,GBP,Stripe Demo Store,RU,2.4824,1.0,0.0,0.0,0.0,0.0,0.0,0.0,1.0,1
14.15,USD,Spotify,US,2.7178,1.0,0.0,0.0,0.0,0.0,0.0,0.0,1.0,0
13.54,GBP,Stripe Demo Store,RU,2.6772,2.0,0.0,0.0,0.0,1.0,0.0,1.0,1.0,1
17.63,EUR,Spotify,NG,2.9246,1.0,0.0,0.0,0.0,0.0,0.0,0.45,0.0,0
70.55,GBP,Netflix,NG,4.2704,5.0,0.0,0.0,0.0,0.0,0.0,0.0,0.0,0
7781.15,GBP,XXX Test Casino,NG,8.9596,2.0,1.0,1.0,1.0,0.0,1.0,0.45,0.0,1
36.08,GBP,Netflix,NG,3.613,1.0,0.0,0.0,0.0,0.0,0.0,0.0,0.0,0
7429.78,GBP,Shopify Merchant,NG,8.9134,1.0,1.0,1.0,0.0,0.0,0.0,0.0,0.0,1
7.74,GBP,Stripe Demo Store,US,2.1683,1.0,0.0,0.0,0.0,0.0,0.0,0.0,1.0,0
23.43,USD,Shopify Merchant,NG,3.1958,1.0,0.0,0.0,0.0,0.0,1.0,0.45,0.0,1
11.55,USD,Amazon,RU,2.53,5.0,0.0,0.0,0.0,0.0,1.0,0.0,1.0,1
62.89,USD,Netflix,CN,4.1571,2.0,0.0,0.0,0.0,0.0,0.0,0.0,1.0,0
6.53,EUR,Shopify Merchant,NG,2.0183,3.0,0.0,0.0,0.0,0.0,0.0,0.0,0.0,1
823.17,EUR,Stripe Demo Store,CN,6.7144,2.0,1.0,0.0,0.0,0.0,0.0,0.0,1.0,1
10.89,GBP,Stripe Demo Store,NG,2.4759,5.0,0.0,0.0,0.0,0.0,0.0,0.0,0.0,0
2165.99,GBP,Stripe Demo Store,NG,7.6811,5.0,1.0,0.0,0.0,1.0,0.0,0.0,0.0,1
32.02,USD,Amazon,NG,3.497,1.0,0.0,0.0,0.0,0.0,0.0,0.45,0.0,1
41.07,GBP,Shopify Merchant,NG,3.7394,1.0,0.0,0.0,0.0,0.0,0.0,0.0,0.0,0
19.25,EUR,Stripe Demo Store,NG,3.0082,1.0,0.0,0.0,0.0,1.0,0.0,0.45,0.0,1
2858.66,GBP,Shopify Merchant,NG,7.9585,1.0,1.0,1.0,0.0,0.0,1.0,0.45,0.0,0
12.63,EUR,Spotify,NG,2.6125,2.0,0.0,0.0,0.0,0.0,0.0,0.0,0.0,1
23.85,USD,Netflix,NG,3.2129,1.0,0.0,0.0,0.0,0.0,1.0,0.0,0.0,1
40.51,USD,Shopify Merchant,NG,3.7259,3.0,0.0,0.0,0.0,0.0,0.0,0.0,0.0,1
25.34,GBP,Stripe Demo Store,NG,3.2712,1.0,0.0,0.0,0.0,0.0,0.0,0.0,0.0,0
4790.06,USD,Anonymous Crypto Mix,NG,8.4745,3.0,1.0,1.0,1.0,0.0,1.0,0.45,0.0,1
2017.92,GBP,Shopify Merchant,NG,7.6103,1.0,1.0,0.0,0.0,0.0,0.0,0.0,0.0,1
40.89,EUR,Stripe Demo Store,US,3.7351,1.0,0.0,0.0,0.0,0.0,1.0,0.0,1.0,1
7321.45,USD,Dark Web Market,NG,8.8987,4.0,1.0,1.0,1.0,0.0,1.0,0.45,0.0,1
1852.29,EUR,Shopify Merchant,NG,7.5247,1.0,1.0,0.0,0.0,1.0,0.0,0.45,0.0,1
30.6,GBP,Shopify Merchant,NG,3.4533,3.0,0.0,0.0,0.0,0.0,1.0,0.0,0.0,0
14.77,USD,Shopify Merchant,NG,2.7581,4.0,0.0,0.0,0.0,0.0,0.0,0.0,0.0,1
7.26,USD,Shopify Merchant,NG,2.1118,1.0,0.0,0.0,0.0,0.0,1.0,0.0,0.0,1
51.71,EUR,Netflix,DE,3.9647,1.0,0.0,0.0,0.0,0.0,0.0,0.0,1.0,0
9.3,USD,Apple,NG,2.3324,1.0,0.0,0.0,0.0,0.0,1.0,0.45,0.0,1
17.47,EUR,Amazon,US,2.9161,1.0,0.0,0.0,0.0,1.0,1.0,0.45,1.0,1
6432.63,EUR,Stripe Demo Store,CN,8.7693,6.0,1.0,1.0,0.0,0.0,0.0,0.0,1.0,1
2666.28,EUR,Gambling Anonymous Hub,DE,7.8888,3.0,1.0,1.0,1.0,1.0,1.0,0.45,1.0,1
10.81,EUR,Spotify,NG,2.4692,1.0,0.0,0.0,0.0,0.0,1.0,1.0,0.0,0
33.12,EUR,Spotify,CN,3.5297,2.0,0.0,0.0,0.0,0.0,1.0,0.0,1.0,1
21.71,EUR,Shopify Merchant,NG,3.1226,5.0,0.0,0.0,0.0,1.0,0.0,0.0,0.0,1
39.99,USD,Wallet Drain Services,NG,3.7133,1.0,0.0,0.0,1.0,0.0,1.0,1.0,0.0,1
13.11,GBP,Amazon,NG,2.6471,1.0,0.0,0.0,0.0,0.0,0.0,1.0,0.0,1
89.4,EUR,Stripe Demo Store,US,4.5042,4.0,0.0,0.0,0.0,0.0,1.0,0.0,1.0,0
5.29,USD,Shopify Merchant,NG,1.8397,3.0,0.0,0.0,0.0,0.0,0.0,0.0,0.0,0
6.62,GBP,Shopify Merchant,NG,2.031,1.0,0.0,0.0,0.0,0.0,0.0,0.45,0.0,0
68.52,GBP,Amazon,NG,4.2416,2.0,0.0,0.0,0.0,1.0,0.0,0.0,0.0,1
27.99,USD,Netflix,NG,3.3669,1.0,0.0,0.0,0.0,0.0,0.0,0.0,0.0,0
779.0,EUR,Spotify,NG,6.6593,2.0,1.0,0.0,0.0,1.0,1.0,0.0,0.0,0
27.16,USD,Stripe Demo Store,CN,3.338,2.0,0.0,0.0,0.0,0.0,0.0,0.0,1.0,0
29.96,USD,Shopify Merchant,NG,3.4327,1.0,0.0,0.0,0.0,0.0,0.0,0.0,0.0,0
24.78,GBP,Amazon,NG,3.2494,3.0,0.0,0.0,0.0,0.0,1.0,0.0,0.0,1
10.22,GBP,Apple,NG,2.4173,2.0,0.0,0.0,0.0,0.0,0.0,0.0,0.0,0
35.61,USD,Stripe Demo Store,NG,3.6004,3.0,0.0,0.0,0.0,0.0,1.0,0.45,0.0,1
31.9,GBP,Apple,NG,3.4933,2.0,0.0,0.0,0.0,0.0,1.0,0.45,0.0,1
54.59,USD,Netflix,NG,4.0181,2.0,0.0,0.0,0.0,0.0,1.0,0.45,0.0,1
69.06,USD,Gambling Anonymous Hub,NG,4.2493,1.0,0.0,0.0,1.0,1.0,1.0,0.45,0.0,0
25.31,EUR,Shopify Merchant,NG,3.2701,1.0,0.0,0.0,0.0,0.0,0.0,1.0,0.0,1
8.51,EUR,Shopify Merchant,CN,2.2519,3.0,0.0,0.0,0.0,0.0,0.0,1.0,1.0,1
69.46,USD,Amazon,NG,4.2551,2.0,0.0,0.0,0.0,1.0,0.0,0.0,0.0,1
9.85,USD,Spotify,NG,2.384,1.0,0.0,0.0,0.0,0.0,0.0,1.0,0.0,0
25.45,EUR,Amazon,CN,3.2751,6.0,0.0,0.0,0.0,0.0,0.0,0.0,1.0,1
16.78,EUR,Shopify Merchant,NG,2.8782,3.0,0.0,0.0,0.0,0.0,0.0,0.0,0.0,0
14.86,EUR,Netflix,NG,2.7637,1.0,0.0,0.0,0.0,0.0,0.0,0.0,0.0,1
34.3,USD,Wallet Drain Services,NG,3.5638,1.0,0.0,0.0,1.0,0.0,1.0,0.45,0.0,1
23.83,USD,Amazon,RU,3.2122,2.0,0.0,0.0,0.0,0.0,0.0,0.45,1.0,0
28.77,EUR,Shopify Merchant,NG,3.3934,1.0,0.0,0.0,0.0,0.0,1.0,0.0,0.0,0
11.35,EUR,Netflix,NG,2.5135,6.0,0.0,0.0,0.0,0.0,1.0,0.45,0.0,0
17.78,USD,Amazon,NG,2.9329,2.0,0.0,0.0,0.0,0.0,0.0,0.45,0.0,0
11.72,USD,Apple,NG,2.5432,1.0,0.0,0.0,0.0,0.0,1.0,0.0,0.0,1
2197.94,EUR,Shopify Merchant,CN,7.6957,1.0,1.0,0.0,0.0,0.0,0.0,0.0,1.0,0
4971.68,GBP,Amazon,NG,8.5117,1.0,1.0,1.0,0.0,0.0,1.0,0.0,0.0,1
8118.14,USD,Amazon,NG,9.002,2.0,1.0,1.0,0.0,0.0,0.0,0.0,0.0,1
16.75,USD,Shopify Merchant,NG,2.8764,1.0,0.0,0.0,0.0,0.0,0.0,0.0,0.0,0
5.0,EUR,Stripe Demo Store,NG,1.7918,4.0,0.0,0.0,0.0,0.0,1.0,0.45,0.0,1
53.33,GBP,Anonymous Crypto Mix,CN,3.9951,3.0,0.0,0.0,1.0,0.0,0.0,0.45,1.0,1
27.51,USD,Shopify Merchant,NG,3.3502,5.0,0.0,0.0,0.0,1.0,0.0,0.0,0.0,1
18.33,USD,Stripe Demo Store,NG,2.9614,1.0,0.0,0.0,0.0,0.0,0.0,0.0,0.0,0
14.79,USD,Spotify,NG,2.7594,1.0,0.0,0.0,0.0,0.0,1.0,0.0,0.0,0
10.35,GBP,Apple,NG,2.4294,3.0,0.0,0.0,0.0,0.0,0.0,0.45,0.0,1
77.99,EUR,Netflix,CN,4.3694,1.0,0.0,0.0,0.0,0.0,0.0,1.0,1.0,1
20.83,USD,Apple,NG,3.0832,1.0,0.0,0.0,0.0,1.0,0.0,0.45,0.0,1
5.95,GBP,Netflix,NG,1.9389,8.0,0.0,0.0,0.0,0.0,0.0,0.0,0.0,1
6794.58,USD,Shopify Merchant,NG,8.824,3.0,1.0,1.0,0.0,0.0,0.0,1.0,0.0,1
46.73,EUR,Amazon,NG,3.8655,4.0,0.0,0.0,0.0,0.0,0.0,0.45,0.0,1
22.41,EUR,Netflix,DE,3.1532,1.0,0.0,0.0,0.0,0.0,0.0,0.0,1.0,0
5579.99,GBP,XXX Test Casino,NG,8.6271,2.0,1.0,1.0,1.0,0.0,0.0,0.45,0.0,1
10.04,USD,Netflix,NG,2.4012,2.0,0.0,0.0,0.0,0.0,1.0,0.0,0.0,0
10.57,GBP,Stripe Demo Store,NG,2.4483,2.0,0.0,0.0,0.0,0.0,0.0,0.0,0.0,0
58.27,EUR,Netflix,DE,4.0822,1.0,0.0,0.0,0.0,0.0,0.0,0.0,1.0,0
19.1,GBP,Shopify Merchant,NG,3.0009,4.0,0.0,0.0,0.0,1.0,1.0,0.45,0.0,1
6.2,USD,Netflix,NG,1.9744,1.0,0.0,0.0,0.0,0.0,1.0,0.0,0.0,0
605.62,USD,Netflix,NG,6.4079,2.0,1.0,0.0,0.0,0.0,1.0,0.45,0.0,1
1244.15,USD,Amazon,NG,7.127,4.0,1.0,0.0,0.0,0.0,1.0,0.0,0.0,1
2020.33,GBP,Spotify,NG,7.6115,3.0,1.0,0.0,0.0,0.0,1.0,0.0,0.0,1
5149.5,EUR,XXX Test Casino,US,8.5468,1.0,1.0,1.0,1.0,0.0,1.0,0.45,1.0,1
9.54,GBP,Stripe Demo Store,US,2.355,2.0,0.0,0.0,0.0,0.0,0.0,0.0,1.0,0
690.57,USD,Spotify,NG,6.539,2.0,1.0,0.0,0.0,0.0,0.0,0.0,0.0,1
23.89,USD,Netflix,NG,3.2143,1.0,0.0,0.0,0.0,0.0,0.0,0.0,0.0,0
28.08,EUR,Stripe Demo Store,NG,3.37,1.0,0.0,0.0,0.0,1.0,0.0,0.0,0.0,1
2192.65,GBP,Netflix,NG,7.6933,2.0,1.0,0.0,0.0,0.0,0.0,0.45,0.0,1
677.88,EUR,XXX Test Casino,NG,6.5204,3.0,1.0,0.0,1.0,0.0,1.0,0.45,0.0,1
1143.34,GBP,Spotify,NG,7.0426,6.0,1.0,0.0,0.0,0.0,0.0,0.0,0.0,1
17.39,GBP,Spotify,NG,2.9118,1.0,0.0,0.0,0.0,0.0,1.0,0.0,0.0,0
45.4,GBP,Apple,NG,3.8372,1.0,0.0,0.0,0.0,0.0,1.0,1.0,0.0,1
54.07,GBP,Netflix,NG,4.0085,1.0,0.0,0.0,0.0,0.0,0.0,0.0,0.0,1
8.54,EUR,Shopify Merchant,NG,2.2553,8.0,0.0,0.0,0.0,0.0,0.0,0.0,0.0,1
1482.65,EUR,Shopify Merchant,RU,7.3023,4.0,1.0,0.0,0.0,0.0,0.0,0.0,1.0,1
1572.17,GBP,Shopify Merchant,NG,7.3608,6.0,1.0,0.0,0.0,0.0,0.0,0.0,0.0,1
75.0,EUR,Apple,NG,4.3307,2.0,0.0,0.0,0.0,0.0,0.0,0.0,0.0,1
69.92,USD,Shopify Merchant,NG,4.2616,1.0,0.0,0.0,0.0,0.0,1.0,0.45,0.0,0
11.51,EUR,Apple,NG,2.5263,2.0,0.0,0.0,0.0,0.0,1.0,0.0,0.0,1
49.03,GBP,Amazon,NG,3.9127,1.0,0.0,0.0,0.0,0.0,0.0,0.0,0.0,0
20.93,USD,Shopify Merchant,NG,3.0877,1.0,0.0,0.0,0.0,0.0,0.0,0.0,0.0,0
716.19,GBP,Spotify,NG,6.5753,1.0,1.0,0.0,0.0,0.0,0.0,0.45,0.0,1
34.88,GBP,Amazon,US,3.5801,1.0,0.0,0.0,0.0,0.0,1.0,0.0,1.0,0
8844.74,EUR,Wallet Drain Services,NG,9.0877,1.0,1.0,1.0,1.0,1.0,1.0,0.45,0.0,1
29.52,GBP,Apple,NG,3.4183,5.0,0.0,0.0,0.0,0.0,1.0,0.0,0.0,1
835.28,USD,Spotify,NG,6.729,3.0,1.0,0.0,0.0,0.0,0.0,0.0,0.0,1
19.8,GBP,Shopify Merchant,NG,3.0352,3.0,0.0,0.0,0.0,0.0,0.0,0.0,0.0,1
16.9,EUR,Apple,NG,2.8851,1.0,0.0,0.0,0.0,0.0,1.0,0.0,0.0,1
6.68,GBP,Stripe Demo Store,NG,2.0392,3.0,0.0,0.0,0.0,0.0,0.0,0.0,0.0,0
32.41,GBP,Spotify,NG,3.5089,1.0,0.0,0.0,0.0,0.0,1.0,0.0,0.0,1
593.56,USD,Apple,NG,6.3878,1.0,1.0,0.0,0.0,0.0,0.0,0.0,0.0,0
10.53,GBP,Spotify,US,2.4452,1.0,0.0,0.0,0.0,1.0,1.0,0.0,1.0,0
15.99,EUR,Stripe Demo Store,NG,2.8326,1.0,0.0,0.0,0.0,0.0,1.0,0.0,0.0,0
22.38,EUR,Stripe Demo Store,NG,3.1519,4.0,0.0,0.0,0.0,0.0,0.0,1.0,0.0,1
13.58,GBP,Amazon,RU,2.68,4.0,0.0,0.0,0.0,0.0,0.0,0.0,1.0,1
20.12,USD,Stripe Demo Store,CN,3.0504,1.0,0.0,0.0,0.0,0.0,0.0,0.45,1.0,0
5.9,GBP,Stripe Demo Store,NG,1.9316,2.0,0.0,0.0,0.0,0.0,0.0,0.0,0.0,0
51.66,GBP,Stripe Demo Store,NG,3.9638,1.0,0.0,0.0,0.0,1.0,0.0,0.0,0.0,0
20.31,EUR,Dark Web Market,NG,3.0592,1.0,0.0,0.0,1.0,0.0,1.0,1.0,0.0,1
671.57,USD,Stripe Demo Store,CN,6.5111,2.0,1.0,0.0,0.0,0.0,1.0,0.0,1.0,1
1196.86,USD,Stripe Demo Store,NG,7.0883,3.0,1.0,0.0,0.0,0.0,0.0,0.0,0.0,1
41.28,GBP,Shopify Merchant,NG,3.7443,3.0,0.0,0.0,0.0,1.0,0.0,0.0,0.0,1
29.69,GBP,Anonymous Crypto Mix,NG,3.4238,1.0,0.0,0.0,1.0,0.0,0.0,0.45,0.0,1
1944.63,EUR,Amazon,NG,7.5733,2.0,1.0,0.0,0.0,0.0,1.0,1.0,0.0,1
36.77,GBP,Netflix,CN,3.6314,1.0,0.0,0.0,0.0,0.0,0.0,0.0,1.0,0
7886.45,EUR,Stripe Demo Store,NG,8.973,1.0,1.0,1.0,0.0,0.0,0.0,0.0,0.0,1
23.01,EUR,Stripe Demo Store,DE,3.1786,1.0,0.0,0.0,0.0,0.0,0.0,0.45,1.0,0
16.81,GBP,Spotify,NG,2.8798,1.0,0.0,0.0,0.0,0.0,1.0,0.0,0.0,1
15.0,USD,Shopify Merchant,NG,2.7725,1.0,0.0,0.0,0.0,0.0,0.0,0.0,0.0,1
26.97,GBP,Apple,NG,3.3311,1.0,0.0,0.0,0.0,0.0,0.0,0.0,0.0,0
53.41,USD,Anonymous Crypto Mix,NG,3.9965,2.0,0.0,0.0,1.0,1.0,1.0,0.45,0.0,1
18.69,EUR,Stripe Demo Store,NG,2.9801,1.0,0.0,0.0,0.0,0.0,0.0,0.0,0.0,0
56.46,EUR,Stripe Demo Store,NG,4.0511,1.0,0.0,0.0,0.0,0.0,0.0,0.0,0.0,1
2011.28,EUR,Spotify,NG,7.607,6.0,1.0,0.0,0.0,0.0,0.0,0.0,0.0,1
26.22,GBP,Shopify Merchant,NG,3.3039,4.0,0.0,0.0,0.0,0.0,0.0,0.0,0.0,1
108.16,GBP,Amazon,RU,4.6928,1.0,0.0,0.0,0.0,1.0,0.0,0.0,1.0,0
63.87,USD,Apple,NG,4.1724,1.0,0.0,0.0,0.0,0.0,1.0,0.45,0.0,0
65.04,GBP,Apple,NG,4.1903,1.0,0.0,0.0,0.0,0.0,1.0,0.45,0.0,0
11.49,EUR,Apple,NG,2.5251,6.0,0.0,0.0,0.0,0.0,1.0,0.0,0.0,1
93.18,EUR,XXX Test Casino,NG,4.5452,1.0,0.0,0.0,1.0,0.0,1.0,0.45,0.0,1
18.96,EUR,Amazon,NG,2.9938,1.0,0.0,0.0,0.0,0.0,1.0,0.45,0.0,1
17.13,EUR,Spotify,NG,2.8975,3.0,0.0,0.0,0.0,0.0,0.0,0.0,0.0,0
5.0,EUR,Apple,DE,1.7918,3.0,0.0,0.0,0.0,0.0,1.0,0.45,1.0,1
25.24,GBP,Netflix,NG,3.2673,1.0,0.0,0.0,0.0,0.0,1.0,1.0,0.0,0
1312.65,USD,Netflix,NG,7.1806,1.0,1.0,0.0,0.0,0.0,0.0,0.0,0.0,1
26.73,USD,Gambling Anonymous Hub,DE,3.3225,1.0,0.0,0.0,1.0,0.0,1.0,0.45,1.0,1
8.91,EUR,Apple,NG,2.2933,1.0,0.0,0.0,0.0,0.0,1.0,0.0,0.0,0
4046.82,EUR,Netflix,NG,8.3059,1.0,1.0,1.0,0.0,0.0,0.0,0.0,0.0,1
29.55,GBP,Apple,NG,3.4194,3.0,0.0,0.0,0.0,0.0,1.0,0.0,0.0,1
99.08,USD,Apple,NG,4.606,3.0,0.0,0.0,0.0,0.0,1.0,0.0,0.0,1
892.99,USD,Spotify,NG,6.7957,2.0,1.0,0.0,0.0,0.0,1.0,1.0,0.0,1
59.41,GBP,Netflix,NG,4.1011,2.0,0.0,0.0,0.0,0.0,0.0,0.0,0.0,0
2381.64,USD,Apple,RU,7.776,2.0,1.0,0.0,0.0,1.0,0.0,1.0,1.0,1
23.23,USD,Shopify Merchant,NG,3.1878,1.0,0.0,0.0,0.0,0.0,1.0,0.0,0.0,0
2720.79,USD,Netflix,US,7.909,3.0,1.0,1.0,0.0,0.0,1.0,0.0,1.0,1
5947.16,EUR,Anonymous Crypto Mix,NG,8.6908,1.0,1.0,1.0,1.0,1.0,1.0,0.45,0.0,1
13.99,EUR,Spotify,NG,2.7075,1.0,0.0,0.0,0.0,0.0,0.0,0.45,0.0,0
2255.42,GBP,Stripe Demo Store,NG,7.7215,1.0,1.0,0.0,0.0,1.0,0.0,0.0,0.0,0
8.32,GBP,Amazon,NG,2.2318,3.0,0.0,0.0,0.0,1.0,1.0,0.45,0.0,1
14.74,USD,Spotify,NG,2.756,2.0,0.0,0.0,0.0,0.0,1.0,0.0,0.0,1
21.78,USD,Apple,DE,3.1261,2.0,0.0,0.0,0.0,0.0,0.0,0.0,1.0,0
45.36,GBP,Amazon,DE,3.8364,2.0,0.0,0.0,0.0,0.0,1.0,0.0,1.0,1
24.7,GBP,Shopify Merchant,NG,3.2464,4.0,0.0,0.0,0.0,1.0,0.0,0.0,0.0,1
45.45,USD,Stripe Demo Store,US,3.8383,1.0,0.0,0.0,0.0,0.0,0.0,0.45,1.0,1
7.14,GBP,Shopify Merchant,NG,2.0964,1.0,0.0,0.0,0.0,1.0,0.0,0.0,0.0,1
14.83,USD,Amazon,NG,2.7622,3.0,0.0,0.0,0.0,0.0,0.0,1.0,0.0,0
2097.53,EUR,Spotify,US,7.649,2.0,1.0,0.0,0.0,0.0,0.0,0.0,1.0,1
25.54,USD,Amazon,NG,3.2786,1.0,0.0,0.0,0.0,1.0,0.0,0.0,0.0,0
832.85,GBP,Netflix,NG,6.7261,1.0,1.0,0.0,0.0,0.0,0.0,1.0,0.0,1
1299.52,GBP,Spotify,NG,7.1705,6.0,1.0,0.0,0.0,0.0,1.0,0.45,0.0,1
1993.64,GBP,Stripe Demo Store,NG,7.5982,1.0,1.0,0.0,0.0,1.0,0.0,0.0,0.0,1
11.66,EUR,Stripe Demo Store,NG,2.5382,4.0,0.0,0.0,0.0,1.0,0.0,0.0,0.0,1
2010.82,EUR,Apple,NG,7.6068,3.0,1.0,0.0,0.0,0.0,0.0,1.0,0.0,1
1451.44,GBP,Apple,DE,7.281,4.0,1.0,0.0,0.0,0.0,0.0,0.0,1.0,1
1567.35,GBP,Spotify,NG,7.3578,1.0,1.0,0.0,0.0,0.0,1.0,0.0,0.0,0
1572.33,USD,Amazon,DE,7.361,2.0,1.0,0.0,0.0,0.0,1.0,0.0,1.0,1
9.5,USD,Amazon,NG,2.3512,1.0,0.0,0.0,0.0,1.0,0.0,0.0,0.0,1
15.23,USD,Apple,US,2.7866,1.0,0.0,0.0,0.0,0.0,0.0,0.0,1.0,0
1564.98,EUR,Shopify Merchant,CN,7.3563,1.0,1.0,0.0,0.0,0.0,0.0,0.0,1.0,0
23.84,EUR,Netflix,RU,3.2123,1.0,0.0,0.0,0.0,0.0,0.0,0.0,1.0,0
587.92,EUR,XXX Test Casino,CN,6.3783,1.0,1.0,0.0,1.0,0.0,1.0,0.45,1.0,1
28.83,USD,Shopify Merchant,NG,3.3954,2.0,0.0,0.0,0.0,0.0,0.0,0.0,0.0,1
13.08,USD,Netflix,NG,2.6451,1.0,0.0,0.0,0.0,0.0,1.0,0.0,0.0,0
6.33,EUR,Shopify Merchant,NG,1.9922,1.0,0.0,0.0,0.0,0.0,1.0,0.0,0.0,1
10.5,USD,Shopify Merchant,NG,2.4422,1.0,0.0,0.0,0.0,0.0,0.0,0.0,0.0,0
8749.49,GBP,Dark Web Market,NG,9.0769,2.0,1.0,1.0,1.0,1.0,1.0,0.45,0.0,0
11.89,EUR,Shopify Merchant,NG,2.5567,1.0,0.0,0.0,0.0,0.0,1.0,0.45,0.0,1
39.91,EUR,Netflix,NG,3.7115,3.0,0.0,0.0,0.0,0.0,0.0,0.0,0.0,1
39.62,GBP,Apple,NG,3.7043,1.0,0.0,0.0,0.0,1.0,0.0,0.0,0.0,0
8875.82,EUR,Dark Web Market,NG,9.0912,2.0,1.0,1.0,1.0,0.0,1.0,0.45,0.0,1
11.77,USD,Netflix,NG,2.547,3.0,0.0,0.0,0.0,1.0,0.0,0.0,0.0,0
61.45,USD,Apple,DE,4.1344,2.0,0.0,0.0,0.0,0.0,0.0,0.0,1.0,0
61.18,USD,Spotify,NG,4.1301,2.0,0.0,0.0,0.0,0.0,1.0,0.45,0.0,1
17.07,EUR,Apple,NG,2.8943,5.0,0.0,0.0,0.0,0.0,0.0,0.0,0.0,1
4575.44,USD,Stripe Demo Store,NG,8.4287,1.0,1.0,1.0,0.0,1.0,1.0,0.0,0.0,1
4799.39,EUR,Dark Web Market,RU,8.4765,1.0,1.0,1.0,1.0,0.0,1.0,0.45,1.0,1
19.27,GBP,Gambling Anonymous Hub,NG,3.0093,5.0,0.0,0.0,1.0,0.0,1.0,0.45,0.0,0
18.26,EUR,Netflix,DE,2.9579,4.0,0.0,0.0,0.0,0.0,1.0,0.0,1.0,1
12.95,GBP,Amazon,NG,2.6353,2.0,0.0,0.0,0.0,1.0,0.0,0.0,0.0,0
5.0,EUR,Amazon,NG,1.7918,1.0,0.0,0.0,0.0,0.0,0.0,1.0,0.0,1
21.1,GBP,Apple,NG,3.0956,1.0,0.0,0.0,0.0,0.0,1.0,0.0,0.0,1
12.22,GBP,Dark Web Market,NG,2.5817,4.0,0.0,0.0,1.0,0.0,0.0,1.0,0.0,0
9.46,GBP,Stripe Demo Store,NG,2.3477,2.0,0.0,0.0,0.0,0.0,0.0,0.0,0.0,0
1735.86,USD,Stripe Demo Store,NG,7.4598,1.0,1.0,0.0,0.0,1.0,0.0,0.45,0.0,1
7.27,GBP,Apple,NG,2.1129,1.0,0.0,0.0,0.0,0.0,1.0,0.45,0.0,0
35.31,EUR,Spotify,NG,3.5922,3.0,0.0,0.0,0.0,0.0,1.0,0.0,0.0,1
28.18,GBP,Apple,CN,3.3734,2.0,0.0,0.0,0.0,1.0,1.0,0.0,1.0,1
15.18,USD,Shopify Merchant,NG,2.7837,6.0,0.0,0.0,0.0,1.0,0.0,0.0,0.0,1
19.21,EUR,Netflix,RU,3.0064,1.0,0.0,0.0,0.0,1.0,1.0,0.0,1.0,0
8.73,EUR,Netflix,NG,2.2753,1.0,0.0,0.0,0.0,0.0,0.0,0.0,0.0,1
33.96,EUR,Amazon,NG,3.5543,1.0,0.0,0.0,0.0,0.0,0.0,0.45,0.0,0
2197.26,USD,XXX Test Casino,NG,7.6954,2.0,1.0,0.0,1.0,1.0,0.0,0.45,0.0,1
1010.46,GBP,Stripe Demo Store,NG,6.9191,1.0,1.0,0.0,0.0,0.0,0.0,0.0,0.0,1
2776.52,EUR,Stripe Demo Store,US,7.9293,1.0,1.0,1.0,0.0,0.0,1.0,0.45,1.0,1
12.81,USD,Apple,NG,2.6255,1.0,0.0,0.0,0.0,1.0,0.0,0.0,0.0,0
6.94,EUR,Spotify,NG,2.0714,1.0,0.0,0.0,0.0,0.0,1.0,0.0,0.0,1
39.26,USD,Shopify Merchant,NG,3.6953,3.0,0.0,0.0,0.0,0.0,0.0,0.0,0.0,1
32.53,GBP,Amazon,RU,3.5124,1.0,0.0,0.0,0.0,1.0,0.0,0.0,1.0,0
7645.05,EUR,Spotify,NG,8.9419,2.0,1.0,1.0,0.0,0.0,0.0,0.0,0.0,1
6402.51,GBP,Stripe Demo Store,NG,8.7646,2.0,1.0,1.0,0.0,1.0,1.0,0.0,0.0,1
48.45,USD,Spotify,NG,3.901,1.0,0.0,0.0,0.0,0.0,0.0,0.0,0.0,0
44.57,EUR,Stripe Demo Store,NG,3.8193,2.0,0.0,0.0,0.0,0.0,1.0,0.0,0.0,1
13.53,GBP,Spotify,NG,2.6761,4.0,0.0,0.0,0.0,0.0,1.0,0.0,0.0,1
7.08,GBP,Netflix,NG,2.0899,2.0,0.0,0.0,0.0,0.0,0.0,1.0,0.0,0
3938.41,GBP,Netflix,NG,8.2788,2.0,1.0,1.0,0.0,0.0,0.0,0.45,0.0,1
16.15,EUR,Shopify Merchant,NG,2.8419,4.0,0.0,0.0,0.0,1.0,0.0,1.0,0.0,0
55.9,GBP,Spotify,RU,4.0414,6.0,0.0,0.0,0.0,0.0,0.0,0.0,1.0,1
12.06,USD,Amazon,RU,2.5697,4.0,0.0,0.0,0.0,0.0,0.0,0.0,1.0,1
13.23,GBP,Anonymous Crypto Mix,NG,2.6554,1.0,0.0,0.0,1.0,0.0,1.0,0.45,0.0,0
13.04,USD,Amazon,NG,2.642,2.0,0.0,0.0,0.0,0.0,0.0,0.0,0.0,0
1627.07,EUR,Apple,NG,7.3951,2.0,1.0,0.0,0.0,0.0,0.0,0.45,0.0,0
19.93,EUR,Spotify,NG,3.0411,1.0,0.0,0.0,0.0,1.0,0.0,0.0,0.0,1
8.2,GBP,Shopify Merchant,NG,2.2191,1.0,0.0,0.0,0.0,0.0,1.0,0.0,0.0,1
42.91,GBP,Spotify,NG,3.7821,4.0,0.0,0.0,0.0,0.0,1.0,0.0,0.0,1
18.15,USD,Shopify Merchant,NG,2.9523,1.0,0.0,0.0,0.0,0.0,0.0,0.0,0.0,1
113.91,EUR,Amazon,NG,4.7441,4.0,0.0,0.0,0.0,0.0,0.0,0.0,0.0,1
8.83,GBP,Netflix,NG,2.2857,10.0,0.0,0.0,0.0,0.0,0.0,0.0,0.0,1
61.12,USD,Gambling Anonymous Hub,NG,4.1291,1.0,0.0,0.0,1.0,0.0,1.0,0.45,0.0,1
53.19,GBP,Stripe Demo Store,NG,3.9926,1.0,0.0,0.0,0.0,0.0,0.0,0.0,0.0,0
1769.17,GBP,Spotify,DE,7.4788,6.0,1.0,0.0,0.0,0.0,1.0,1.0,1.0,1
15.23,USD,Shopify Merchant,NG,2.787,1.0,0.0,0.0,0.0,0.0,0.0,0.0,0.0,0
8087.5,USD,Gambling Anonymous Hub,NG,8.9982,3.0,1.0,1.0,1.0,0.0,1.0,0.45,0.0,1
10.62,EUR,Netflix,NG,2.4531,1.0,0.0,0.0,0.0,0.0,0.0,0.0,0.0,0
20.08,USD,Apple,NG,3.0482,1.0,0.0,0.0,0.0,0.0,0.0,0.0,0.0,0
20.38,USD,Amazon,NG,3.0624,1.0,0.0,0.0,0.0,0.0,1.0,0.0,0.0,1
6.54,USD,Shopify Merchant,DE,2.0206,1.0,0.0,0.0,0.0,0.0,0.0,0.0,1.0,1
100.03,GBP,Amazon,NG,4.6154,5.0,0.0,0.0,0.0,0.0,0.0,0.0,0.0,1
16.75,GBP,Amazon,NG,2.8763,1.0,0.0,0.0,0.0,0.0,0.0,0.0,0.0,0
1021.41,USD,Spotify,NG,6.9299,1.0,1.0,0.0,0.0,1.0,0.0,0.0,0.0,1
12.96,USD,Shopify Merchant,NG,2.636,2.0,0.0,0.0,0.0,1.0,0.0,0.45,0.0,0
16.66,GBP,Amazon,NG,2.8714,6.0,0.0,0.0,0.0,0.0,0.0,0.0,0.0,1
7527.81,GBP,XXX Test Casino,NG,8.9265,1.0,1.0,1.0,1.0,1.0,0.0,0.45,0.0,1
20.04,GBP,Netflix,NG,3.0466,3.0,0.0,0.0,0.0,0.0,0.0,0.0,0.0,0
5756.67,USD,Amazon,NG,8.6583,1.0,1.0,1.0,0.0,0.0,0.0,0.45,0.0,1
850.25,EUR,Spotify,NG,6.7467,4.0,1.0,0.0,0.0,0.0,0.0,1.0,0.0,1
1729.0,GBP,Amazon,NG,7.4559,3.0,1.0,0.0,0.0,0.0,0.0,0.0,0.0,1
1792.7,GBP,Spotify,US,7.492,5.0,1.0,0.0,0.0,0.0,0.0,0.0,1.0,0
19.95,USD,Stripe Demo Store,US,3.042,2.0,0.0,0.0,0.0,1.0,0.0,0.0,1.0,0
23.61,USD,XXX Test Casino,NG,3.2034,6.0,0.0,0.0,1.0,1.0,0.0,0.45,0.0,1
1098.61,GBP,Netflix,DE,7.0027,1.0,1.0,0.0,0.0,0.0,0.0,0.0,1.0,0
1095.31,USD,Apple,NG,6.9997,3.0,1.0,0.0,0.0,0.0,0.0,0.0,0.0,1
25.17,USD,Spotify,DE,3.2648,3.0,0.0,0.0,0.0,0.0,0.0,0.0,1.0,1
17.98,USD,Spotify,NG,2.9435,1.0,0.0,0.0,0.0,0.0,1.0,0.0,0.0,0
17.61,USD,Gambling Anonymous Hub,NG,2.9237,5.0,0.0,0.0,1.0,0.0,1.0,0.45,0.0,1
18.61,EUR,Amazon,NG,2.9759,3.0,0.0,0.0,0.0,0.0,1.0,0.0,0.0,1
20.52,USD,Shopify Merchant,NG,3.0689,4.0,0.0,0.0,0.0,0.0,0.0,0.0,0.0,0
1461.74,USD,Amazon,NG,7.2881,1.0,1.0,0.0,0.0,1.0,1.0,0.0,0.0,1
574.08,EUR,Amazon,US,6.3545,4.0,1.0,0.0,0.0,1.0,0.0,0.45,1.0,1
34.31,USD,Stripe Demo Store,NG,3.5642,1.0,0.0,0.0,0.0,0.0,1.0,0.0,0.0,0
35.86,GBP,Apple,DE,3.6072,6.0,0.0,0.0,0.0,0.0,0.0,0.45,1.0,1
70.01,USD,Spotify,NG,4.2629,1.0,0.0,0.0,0.0,0.0,1.0,1.0,0.0,1
13.16,GBP,Apple,NG,2.6507,2.0,0.0,0.0,0.0,0.0,1.0,0.0,0.0,1
32.02,USD,Stripe Demo Store,NG,3.4973,1.0,0.0,0.0,0.0,0.0,0.0,1.0,0.0,1
5.28,EUR,Netflix,NG,1.8371,3.0,0.0,0.0,0.0,0.0,1.0,0.0,0.0,1
35.89,GBP,Apple,NG,3.6078,1.0,0.0,0.0,0.0,0.0,0.0,0.0,0.0,0
7.25,USD,Apple,NG,2.1097,4.0,0.0,0.0,0.0,0.0,1.0,0.0,0.0,0
10.08,GBP,Shopify Merchant,NG,2.4055,4.0,0.0,0.0,0.0,0.0,0.0,0.0,0.0,0
25.34,USD,Shopify Merchant,CN,3.2713,1.0,0.0,0.0,0.0,1.0,0.0,0.0,1.0,0
13.0,USD,Amazon,NG,2.6391,3.0,0.0,0.0,0.0,1.0,0.0,0.45,0.0,1
11.81,GBP,Amazon,NG,2.5504,2.0,0.0,0.0,0.0,0.0,1.0,1.0,0.0,1
14.31,GBP,Shopify Merchant,NG,2.7282,1.0,0.0,0.0,0.0,0.0,1.0,0.0,0.0,1
33.47,USD,Stripe Demo Store,NG,3.5402,1.0,0.0,0.0,0.0,0.0,0.0,0.45,0.0,0
10.45,EUR,Apple,NG,2.4383,1.0,0.0,0.0,0.0,0.0,0.0,0.0,0.0,0
19.34,EUR,Shopify Merchant,NG,3.0125,1.0,0.0,0.0,0.0,0.0,1.0,0.0,0.0,0
3498.66,GBP,Apple,NG,8.1604,2.0,1.0,1.0,0.0,0.0,0.0,0.0,0.0,1
35.66,USD,Gambling Anonymous Hub,NG,3.6016,2.0,0.0,0.0,1.0,1.0,0.0,0.45,0.0,1
36.36,USD,Spotify,NG,3.6207,1.0,0.0,0.0,0.0,1.0,0.0,0.0,0.0,1
5.56,EUR,Stripe Demo Store,US,1.8807,6.0,0.0,0.0,0.0,1.0,0.0,0.45,1.0,0
853.79,GBP,Stripe Demo Store,RU,6.7509,1.0,1.0,0.0,0.0,1.0,0.0,0.0,1.0,1
875.57,USD,Apple,NG,6.776,4.0,1.0,0.0,0.0,0.0,1.0,0.45,0.0,1
23.7,USD,XXX Test Casino,CN,3.2067,3.0,0.0,0.0,1.0,0.0,1.0,0.45,1.0,1
10.41,GBP,Amazon,NG,2.4345,3.0,0.0,0.0,0.0,0.0,1.0,0.0,0.0,1
26.04,USD,Stripe Demo Store,US,3.2975,2.0,0.0,0.0,0.0,0.0,0.0,0.45,1.0,0
119.81,USD,Spotify,NG,4.7943,1.0,0.0,0.0,0.0,1.0,0.0,0.0,0.0,0
21.96,EUR,Spotify,NG,3.1336,4.0,0.0,0.0,0.0,0.0,0.0,0.45,0.0,1
14.56,GBP,Spotify,CN,2.7445,3.0,0.0,0.0,0.0,0.0,1.0,0.0,1.0,0
2622.86,EUR,Netflix,US,7.8724,4.0,1.0,1.0,0.0,0.0,0.0,0.0,1.0,1
1193.49,GBP,Amazon,NG,7.0855,1.0,1.0,0.0,0.0,0.0,0.0,0.45,0.0,1
55.38,USD,Stripe Demo Store,NG,4.0322,2.0,0.0,0.0,0.0,0.0,1.0,0.0,0.0,0
2675.58,USD,Anonymous Crypto Mix,RU,7.8923,1.0,1.0,1.0,1.0,0.0,1.0,0.45,1.0,1
9.64,GBP,Amazon,NG,2.3645,2.0,0.0,0.0,0.0,0.0,1.0,0.0,0.0,0
9.86,USD,Amazon,RU,2.3852,3.0,0.0,0.0,0.0,0.0,1.0,0.0,1.0,0
1926.64,USD,Stripe Demo Store,NG,7.5641,1.0,1.0,0.0,0.0,0.0,0.0,1.0,0.0,1
38.57,USD,Netflix,US,3.678,1.0,0.0,0.0,0.0,0.0,0.0,0.0,1.0,0
8.97,USD,Spotify,NG,2.3,1.0,0.0,0.0,0.0,0.0,0.0,0.0,0.0,1
43.79,EUR,Amazon,NG,3.802,1.0,0.0,0.0,0.0,0.0,0.0,0.0,0.0,1
18.84,USD,Spotify,CN,2.9876,1.0,0.0,0.0,0.0,0.0,1.0,0.0,1.0,1
10.47,GBP,Shopify Merchant,NG,2.44,1.0,0.0,0.0,0.0,0.0,0.0,0.0,0.0,1
14.48,EUR,Netflix,CN,2.7394,1.0,0.0,0.0,0.0,0.0,1.0,0.0,1.0,1
68.31,EUR,Netflix,NG,4.2385,2.0,0.0,0.0,0.0,0.0,0.0,0.0,0.0,0
7.6,EUR,Spotify,NG,2.1519,3.0,0.0,0.0,0.0,0.0,0.0,0.0,0.0,1
12.03,EUR,Netflix,NG,2.5675,1.0,0.0,0.0,0.0,1.0,0.0,0.0,0.0,1
39.13,EUR,Netflix,NG,3.692,1.0,0.0,0.0,0.0,1.0,0.0,1.0,0.0,0
23.37,GBP,Amazon,DE,3.1934,3.0,0.0,0.0,0.0,0.0,1.0,0.0,1.0,1
11.54,USD,Spotify,NG,2.5292,1.0,0.0,0.0,0.0,0.0,1.0,0.0,0.0,1
39.46,EUR,Spotify,DE,3.7004,1.0,0.0,0.0,0.0,0.0,0.0,0.0,1.0,0
813.88,EUR,Spotify,NG,6.703,2.0,1.0,0.0,0.0,0.0,1.0,0.0,0.0,0
25.33,USD,Apple,RU,3.2707,6.0,0.0,0.0,0.0,0.0,0.0,0.0,1.0,1
795.83,EUR,Amazon,NG,6.6806,1.0,1.0,0.0,0.0,0.0,0.0,0.0,0.0,1
1976.5,USD,Spotify,NG,7.5896,6.0,1.0,0.0,0.0,0.0,1.0,1.0,0.0,1
24.51,GBP,Amazon,NG,3.2393,1.0,0.0,0.0,0.0,0.0,0.0,0.45,0.0,1
1875.23,GBP,Netflix,NG,7.537,1.0,1.0,0.0,0.0,0.0,0.0,0.0,0.0,1
674.52,EUR,Dark Web Market,US,6.5155,1.0,1.0,0.0,1.0,0.0,0.0,0.45,1.0,0
66.03,EUR,Stripe Demo Store,US,4.2052,3.0,0.0,0.0,0.0,0.0,0.0,0.45,1.0,0
17.03,GBP,Spotify,NG,2.8919,2.0,0.0,0.0,0.0,0.0,0.0,0.0,0.0,1
2210.72,GBP,Shopify Merchant,NG,7.7015,2.0,1.0,0.0,0.0,0.0,1.0,0.0,0.0,1
3724.59,EUR,Apple,NG,8.223,6.0,1.0,1.0,0.0,0.0,0.0,0.0,0.0,1
78.96,EUR,Spotify,NG,4.3815,2.0,0.0,0.0,0.0,0.0,1.0,0.45,0.0,0
872.82,USD,Shopify Merchant,NG,6.7729,1.0,1.0,0.0,0.0,0.0,1.0,0.0,0.0,1
649.29,USD,Stripe Demo Store,RU,6.4774,3.0,1.0,0.0,0.0,0.0,0.0,0.45,1.0,1
2362.29,USD,Stripe Demo Store,NG,7.7678,1.0,1.0,0.0,0.0,0.0,0.0,0.45,0.0,0
3298.57,USD,Shopify Merchant,NG,8.1015,2.0,1.0,1.0,0.0,0.0,1.0,0.0,0.0,1
31.79,EUR,Netflix,US,3.4902,4.0,0.0,0.0,0.0,1.0,0.0,1.0,1.0,0
14.21,USD,Amazon,NG,2.722,2.0,0.0,0.0,0.0,0.0,0.0,0.0,0.0,1
69.96,GBP,Netflix,US,4.2621,1.0,0.0,0.0,0.0,0.0,0.0,0.45,1.0,1
62.84,USD,Amazon,NG,4.1564,2.0,0.0,0.0,0.0,0.0,0.0,0.0,0.0,0
11.35,USD,Amazon,RU,2.5133,1.0,0.0,0.0,0.0,0.0,0.0,0.0,1.0,0
1257.65,EUR,Spotify,DE,7.1378,1.0,1.0,0.0,0.0,0.0,1.0,0.0,1.0,1
7930.61,USD,Spotify,NG,8.9786,2.0,1.0,1.0,0.0,1.0,0.0,0.0,0.0,1
17.52,GBP,Amazon,NG,2.9189,1.0,0.0,0.0,0.0,0.0,0.0,0.0,0.0,0
17.15,GBP,Apple,US,2.8989,1.0,0.0,0.0,0.0,0.0,1.0,0.0,1.0,1
39.17,GBP,Dark Web Market,CN,3.6932,2.0,0.0,0.0,1.0,0.0,1.0,0.45,1.0,1
10.78,GBP,Spotify,NG,2.4668,1.0,0.0,0.0,0.0,0.0,0.0,1.0,0.0,1
5.0,GBP,Shopify Merchant,NG,1.7918,1.0,0.0,0.0,0.0,0.0,1.0,0.45,0.0,0
6.53,EUR,Spotify,NG,2.0193,10.0,0.0,0.0,0.0,0.0,0.0,0.0,0.0,1
9.78,GBP,Dark Web Market,RU,2.3776,1.0,0.0,0.0,1.0,0.0,1.0,0.45,1.0,1
1531.84,GBP,Apple,NG,7.3349,1.0,1.0,0.0,0.0,0.0,1.0,0.45,0.0,0
22.9,GBP,Stripe Demo Store,DE,3.1738,4.0,0.0,0.0,0.0,1.0,0.0,0.45,1.0,1
9.43,GBP,Netflix,NG,2.3449,1.0,0.0,0.0,0.0,0.0,0.0,0.0,0.0,1
8.6,GBP,Stripe Demo Store,US,2.2622,5.0,0.0,0.0,0.0,0.0,1.0,0.45,1.0,1
10.48,GBP,Spotify,NG,2.4405,2.0,0.0,0.0,0.0,0.0,0.0,0.0,0.0,0
6450.74,EUR,XXX Test Casino,NG,8.7721,2.0,1.0,1.0,1.0,0.0,0.0,0.45,0.0,1
4625.04,USD,Netflix,RU,8.4395,1.0,1.0,1.0,0.0,0.0,0.0,0.0,1.0,1
13.22,EUR,Apple,NG,2.6548,1.0,0.0,0.0,0.0,0.0,1.0,0.0,0.0,0
32.54,USD,Shopify Merchant,NG,3.5126,4.0,0.0,0.0,0.0,0.0,0.0,0.45,0.0,0
10.05,USD,Spotify,DE,2.4022,1.0,0.0,0.0,0.0,0.0,0.0,0.45,1.0,1
15.64,EUR,Shopify Merchant,NG,2.8117,3.0,0.0,0.0,0.0,0.0,0.0,0.45,0.0,0
13.71,GBP,Apple,NG,2.6889,4.0,0.0,0.0,0.0,0.0,0.0,0.0,0.0,1
35.38,GBP,Spotify,NG,3.5941,3.0,0.0,0.0,0.0,0.0,0.0,0.45,0.0,1
18.03,USD,Apple,NG,2.946,1.0,0.0,0.0,0.0,0.0,1.0,1.0,0.0,0
41.91,EUR,Spotify,RU,3.7591,3.0,0.0,0.0,0.0,0.0,1.0,0.0,1.0,0
8.97,USD,Apple,NG,2.2991,3.0,0.0,0.0,0.0,0.0,0.0,0.0,0.0,0
19.4,EUR,Amazon,NG,3.0157,1.0,0.0,0.0,0.0,0.0,1.0,0.45,0.0,1
13.42,USD,Netflix,NG,2.6687,5.0,0.0,0.0,0.0,0.0,0.0,0.0,0.0,1
8.51,USD,Shopify Merchant,NG,2.2528,1.0,0.0,0.0,0.0,0.0,0.0,0.45,0.0,0
19.16,USD,Spotify,NG,3.0036,6.0,0.0,0.0,0.0,0.0,0.0,0.0,0.0,1
67.56,GBP,Netflix,DE,4.2277,1.0,0.0,0.0,0.0,0.0,1.0,0.0,1.0,1
11.06,GBP,Spotify,NG,2.4896,1.0,0.0,0.0,0.0,0.0,0.0,1.0,0.0,1
2209.31,GBP,Stripe Demo Store,NG,7.7009,2.0,1.0,0.0,0.0,1.0,0.0,0.0,0.0,1
6226.97,GBP,Stripe Demo Store,NG,8.7368,1.0,1.0,1.0,0.0,0.0,0.0,0.0,0.0,1
7.23,USD,Spotify,NG,2.1081,1.0,0.0,0.0,0.0,0.0,0.0,0.0,0.0,0
2360.34,USD,Stripe Demo Store,CN,7.767,1.0,1.0,0.0,0.0,0.0,0.0,0.0,1.0,1
14.66,EUR,Anonymous Crypto Mix,DE,2.751,4.0,0.0,0.0,1.0,0.0,1.0,0.45,1.0,1
15.12,GBP,Apple,CN,2.7801,1.0,0.0,0.0,0.0,0.0,0.0,0.0,1.0,0
17.15,USD,Netflix,NG,2.8985,2.0,0.0,0.0,0.0,0.0,0.0,0.0,0.0,0
6.34,EUR,Netflix,NG,1.9927,2.0,0.0,0.0,0.0,1.0,0.0,0.0,0.0,0
12.96,USD,Netflix,NG,2.6362,2.0,0.0,0.0,0.0,0.0,0.0,0.0,0.0,1
5264.75,USD,Gambling Anonymous Hub,DE,8.569,1.0,1.0,1.0,1.0,0.0,0.0,0.45,1.0,1
7.76,GBP,Netflix,NG,2.1704,1.0,0.0,0.0,0.0,0.0,0.0,0.0,0.0,1
15.66,USD,Stripe Demo Store,NG,2.8133,6.0,0.0,0.0,0.0,0.0,0.0,0.45,0.0,1
24.66,GBP,Shopify Merchant,NG,3.2447,3.0,0.0,0.0,0.0,0.0,0.0,1.0,0.0,0
11.62,EUR,Amazon,NG,2.535,5.0,0.0,0.0,0.0,0.0,0.0,0.0,0.0,1
25.51,GBP,Amazon,DE,3.2775,3.0,0.0,0.0,0.0,0.0,0.0,0.0,1.0,1
6.93,USD,Stripe Demo Store,DE,2.0701,4.0,0.0,0.0,0.0,0.0,0.0,0.45,1.0,1
37.41,USD,Apple,NG,3.6483,6.0,0.0,0.0,0.0,0.0,0.0,0.0,0.0,1
1261.61,EUR,Shopify Merchant,NG,7.1409,2.0,1.0,0.0,0.0,0.0,1.0,0.45,0.0,0
20.88,GBP,Stripe Demo Store,NG,3.0857,5.0,0.0,0.0,0.0,0.0,0.0,1.0,0.0,1
44.14,USD,Amazon,US,3.8098,1.0,0.0,0.0,0.0,0.0,1.0,0.0,1.0,1
1771.82,EUR,Apple,NG,7.4803,1.0,1.0,0.0,0.0,0.0,0.0,0.0,0.0,1
13.03,GBP,Shopify Merchant,NG,2.6414,2.0,0.0,0.0,0.0,0.0,1.0,0.0,0.0,0
52.5,GBP,Netflix,NG,3.9797,2.0,0.0,0.0,0.0,0.0,1.0,0.0,0.0,1
72.86,GBP,Shopify Merchant,NG,4.3022,1.0,0.0,0.0,0.0,0.0,0.0,0.0,0.0,0
12.36,EUR,Netflix,NG,2.5924,2.0,0.0,0.0,0.0,0.0,0.0,0.45,0.0,1
18.55,EUR,Stripe Demo Store,NG,2.9729,2.0,0.0,0.0,0.0,0.0,0.0,0.0,0.0,0
41.74,EUR,XXX Test Casino,NG,3.7552,4.0,0.0,0.0,1.0,0.0,0.0,0.45,0.0,1
19.02,EUR,Amazon,NG,2.9965,1.0,0.0,0.0,0.0,0.0,0.0,0.0,0.0,0
30.45,USD,Apple,NG,3.4485,1.0,0.0,0.0,0.0,0.0,0.0,0.0,0.0,1
34.68,EUR,Spotify,US,3.5747,3.0,0.0,0.0,0.0,0.0,0.0,0.45,1.0,1
13.55,USD,Amazon,NG,2.6776,2.0,0.0,0.0,0.0,1.0,1.0,0.45,0.0,0
26.94,GBP,Shopify Merchant,RU,3.3299,4.0,0.0,0.0,0.0,0.0,0.0,0.0,1.0,1
20.0,USD,Apple,US,3.0445,1.0,0.0,0.0,0.0,0.0,0.0,0.0,1.0,0
8.57,EUR,Shopify Merchant,NG,2.2586,1.0,0.0,0.0,0.0,0.0,0.0,0.0,0.0,0
10.05,EUR,Apple,NG,2.4021,6.0,0.0,0.0,0.0,1.0,0.0,0.0,0.0,1
4625.89,GBP,XXX Test Casino,NG,8.4396,1.0,1.0,1.0,1.0,0.0,1.0,1.0,0.0,1
38.47,EUR,Netflix,NG,3.6756,2.0,0.0,0.0,0.0,0.0,1.0,0.45,0.0,0
39.37,GBP,Shopify Merchant,NG,3.698,1.0,0.0,0.0,0.0,0.0,1.0,0.0,0.0,1
33.95,EUR,Stripe Demo Store,NG,3.554,1.0,0.0,0.0,0.0,0.0,1.0,0.0,0.0,0
27.33,GBP,Apple,NG,3.344,4.0,0.0,0.0,0.0,0.0,0.0,1.0,0.0,1
26.82,EUR,Shopify Merchant,RU,3.3256,1.0,0.0,0.0,0.0,1.0,0.0,0.0,1.0,1
1023.68,GBP,Netflix,NG,6.9321,1.0,1.0,0.0,0.0,0.0,0.0,0.0,0.0,0
26.72,GBP,Netflix,NG,3.3221,3.0,0.0,0.0,0.0,0.0,0.0,0.0,0.0,1
28.02,GBP,Stripe Demo Store,NG,3.3678,1.0,0.0,0.0,0.0,0.0,1.0,0.0,0.0,1
7.52,EUR,Netflix,NG,2.1418,1.0,0.0,0.0,0.0,0.0,1.0,1.0,0.0,1
1602.34,EUR,Stripe Demo Store,RU,7.3798,2.0,1.0,0.0,0.0,0.0,1.0,0.0,1.0,1
9.77,EUR,Stripe Demo Store,NG,2.3772,1.0,0.0,0.0,0.0,0.0,1.0,0.0,0.0,0
43.6,USD,Netflix,NG,3.7977,2.0,0.0,0.0,0.0,1.0,0.0,0.0,0.0,1
63.94,USD,Shopify Merchant,NG,4.1734,1.0,0.0,0.0,0.0,0.0,0.0,0.0,0.0,0
735.35,EUR,Stripe Demo Store,NG,6.6017,1.0,1.0,0.0,0.0,1.0,1.0,0.0,0.0,1
60.06,USD,Stripe Demo Store,NG,4.1119,1.0,0.0,0.0,0.0,0.0,0.0,0.0,0.0,0
4162.84,GBP,Gambling Anonymous Hub,CN,8.3342,4.0,1.0,1.0,1.0,1.0,0.0,0.45,1.0,1
2122.45,EUR,Apple,CN,7.6608,1.0,1.0,0.0,0.0,0.0,0.0,0.0,1.0,1
28.63,USD,Spotify,NG,3.3889,5.0,0.0,0.0,0.0,1.0,0.0,0.45,0.0,1
908.71,EUR,Amazon,NG,6.8131,1.0,1.0,0.0,0.0,1.0,0.0,0.45,0.0,1
23.26,EUR,Shopify Merchant,NG,3.1889,1.0,0.0,0.0,0.0,0.0,0.0,0.0,0.0,0
7.73,USD,Stripe Demo Store,CN,2.1672,3.0,0.0,0.0,0.0,0.0,0.0,0.0,1.0,0
18.65,USD,Apple,NG,2.9782,1.0,0.0,0.0,0.0,0.0,0.0,0.0,0.0,0
2326.0,EUR,Stripe Demo Store,CN,7.7523,2.0,1.0,0.0,0.0,0.0,0.0,0.45,1.0,1
17.27,EUR,Netflix,NG,2.9051,5.0,0.0,0.0,0.0,0.0,0.0,0.0,0.0,0
31.83,GBP,Netflix,NG,3.4913,4.0,0.0,0.0,0.0,0.0,0.0,0.45,0.0,1
19.18,USD,Shopify Merchant,NG,3.0048,2.0,0.0,0.0,0.0,0.0,1.0,0.0,0.0,0
13.24,GBP,Apple,NG,2.656,3.0,0.0,0.0,0.0,0.0,0.0,0.0,0.0,1
1805.33,GBP,Shopify Merchant,US,7.4991,1.0,1.0,0.0,0.0,0.0,1.0,0.0,1.0,1
15.27,USD,Amazon,DE,2.7892,3.0,0.0,0.0,0.0,0.0,0.0,1.0,1.0,1
23.18,EUR,Amazon,NG,3.1854,1.0,0.0,0.0,0.0,0.0,1.0,0.0,0.0,1
957.66,EUR,Anonymous Crypto Mix,US,6.8655,1.0,1.0,0.0,1.0,0.0,1.0,0.45,1.0,1
823.44,EUR,Stripe Demo Store,US,6.7147,2.0,1.0,0.0,0.0,0.0,1.0,1.0,1.0,1
5.0,EUR,Amazon,DE,1.7918,1.0,0.0,0.0,0.0,1.0,0.0,0.0,1.0,0
13.04,USD,Stripe Demo Store,NG,2.6419,3.0,0.0,0.0,0.0,1.0,0.0,0.45,0.0,1
46.44,GBP,Amazon,NG,3.8594,1.0,0.0,0.0,0.0,1.0,1.0,0.45,0.0,1
8.76,USD,Shopify Merchant,NG,2.2779,1.0,0.0,0.0,0.0,0.0,0.0,0.45,0.0,0
32.86,GBP,Amazon,RU,3.5222,2.0,0.0,0.0,0.0,0.0,0.0,0.0,1.0,0
147.55,USD,Apple,NG,5.0009,2.0,0.0,0.0,0.0,0.0,0.0,1.0,0.0,1
961.36,USD,Amazon,US,6.8694,6.0,1.0,0.0,0.0,0.0,1.0,0.0,1.0,1
22.05,GBP,Netflix,DE,3.1378,1.0,0.0,0.0,0.0,1.0,0.0,0.0,1.0,1
1315.92,EUR,Wallet Drain Services,NG,7.1831,1.0,1.0,0.0,1.0,0.0,0.0,0.45,0.0,1
2075.14,USD,Spotify,NG,7.6383,1.0,1.0,0.0,0.0,0.0,0.0,0.0,0.0,0
6.68,EUR,Amazon,NG,2.0382,1.0,0.0,0.0,0.0,0.0,0.0,0.0,0.0,1
20.49,EUR,Amazon,NG,3.0677,1.0,0.0,0.0,0.0,0.0,0.0,0.0,0.0,0
26.55,GBP,Amazon,NG,3.316,3.0,0.0,0.0,0.0,0.0,1.0,0.0,0.0,1
880.12,EUR,Shopify Merchant,NG,6.7812,1.0,1.0,0.0,0.0,0.0,0.0,0.0,0.0,0
13.49,USD,Wallet Drain Services,NG,2.6734,5.0,0.0,0.0,1.0,0.0,1.0,0.45,0.0,1
23.0,GBP,Stripe Demo Store,RU,3.1779,2.0,0.0,0.0,0.0,1.0,1.0,1.0,1.0,1
22.45,GBP,Amazon,NG,3.155,2.0,0.0,0.0,0.0,0.0,0.0,0.0,0.0,1
1247.86,GBP,Stripe Demo Store,NG,7.13,1.0,1.0,0.0,0.0,0.0,0.0,0.0,0.0,1
19.09,USD,Shopify Merchant,CN,3.0003,1.0,0.0,0.0,0.0,0.0,0.0,0.0,1.0,1
11.04,EUR,Apple,NG,2.4884,1.0,0.0,0.0,0.0,0.0,0.0,1.0,0.0,1
24.43,USD,Stripe Demo Store,NG,3.2359,2.0,0.0,0.0,0.0,1.0,0.0,0.0,0.0,0
23.02,EUR,Amazon,NG,3.1791,2.0,0.0,0.0,0.0,1.0,0.0,0.0,0.0,0
7642.98,USD,Gambling Anonymous Hub,NG,8.9417,1.0,1.0,1.0,1.0,0.0,1.0,1.0,0.0,1
1760.48,GBP,XXX Test Casino,NG,7.4739,1.0,1.0,0.0,1.0,0.0,1.0,0.45,0.0,1
2265.66,USD,Netflix,US,7.7261,8.0,1.0,0.0,0.0,0.0,0.0,0.0,1.0,1
32.27,USD,Netflix,NG,3.5047,1.0,0.0,0.0,0.0,0.0,0.0,1.0,0.0,0
9.68,GBP,Amazon,NG,2.3686,1.0,0.0,0.0,0.0,0.0,1.0,0.0,0.0,0
21.54,EUR,Amazon,NG,3.1151,1.0,0.0,0.0,0.0,0.0,0.0,0.0,0.0,0
10.61,EUR,Netflix,RU,2.4521,1.0,0.0,0.0,0.0,0.0,0.0,0.0,1.0,0
21.49,USD,Shopify Merchant,NG,3.1131,1.0,0.0,0.0,0.0,0.0,1.0,0.0,0.0,1
2312.06,GBP,Shopify Merchant,NG,7.7463,2.0,1.0,0.0,0.0,0.0,1.0,0.0,0.0,1
49.11,USD,Apple,NG,3.9142,2.0,0.0,0.0,0.0,0.0,0.0,0.45,0.0,0
34.76,EUR,Spotify,US,3.5767,2.0,0.0,0.0,0.0,0.0,0.0,0.0,1.0,0
8619.87,USD,Spotify,CN,9.0619,1.0,1.0,1.0,0.0,0.0,1.0,0.0,1.0,1
41.94,GBP,Amazon,CN,3.7598,1.0,0.0,0.0,0.0,0.0,1.0,0.45,1.0,0
16.62,USD,Dark Web Market,RU,2.869,3.0,0.0,0.0,1.0,0.0,1.0,0.45,1.0,1
2222.37,EUR,Shopify Merchant,RU,7.7068,1.0,1.0,0.0,0.0,0.0,0.0,0.0,1.0,1
67.98,EUR,Apple,NG,4.2338,1.0,0.0,0.0,0.0,0.0,0.0,0.0,0.0,0
17.89,USD,Gambling Anonymous Hub,RU,2.9388,2.0,0.0,0.0,1.0,1.0,1.0,0.45,1.0,0
7.78,GBP,Amazon,CN,2.1727,3.0,0.0,0.0,0.0,0.0,0.0,0.0,1.0,1
2254.9,USD,Netflix,NG,7.7213,1.0,1.0,0.0,0.0,0.0,0.0,0.45,0.0,1
22.21,GBP,Shopify Merchant,NG,3.1447,5.0,0.0,0.0,0.0,0.0,1.0,0.0,0.0,1
57.64,EUR,Amazon,NG,4.0714,1.0,0.0,0.0,0.0,0.0,1.0,0.0,0.0,1
23.81,GBP,Apple,US,3.2112,8.0,0.0,0.0,0.0,0.0,0.0,0.45,1.0,1
19.81,USD,Amazon,NG,3.0353,1.0,0.0,0.0,0.0,0.0,0.0,1.0,0.0,1
898.78,GBP,Apple,NG,6.8021,3.0,1.0,0.0,0.0,0.0,0.0,0.0,0.0,1
6.84,GBP,Apple,NG,2.0595,1.0,0.0,0.0,0.0,0.0,0.0,0.0,0.0,0
13.33,EUR,Shopify Merchant,NG,2.6626,4.0,0.0,0.0,0.0,0.0,1.0,0.45,0.0,1
10.79,GBP,Amazon,NG,2.4675,2.0,0.0,0.0,0.0,1.0,1.0,1.0,0.0,1
5.0,EUR,Gambling Anonymous Hub,NG,1.7918,4.0,0.0,0.0,1.0,1.0,1.0,0.45,0.0,1
37.01,EUR,Shopify Merchant,NG,3.6379,3.0,0.0,0.0,0.0,0.0,0.0,0.0,0.0,0
13.6,EUR,Apple,NG,2.6808,2.0,0.0,0.0,0.0,1.0,1.0,0.0,0.0,0
37.85,EUR,Spotify,DE,3.6598,1.0,0.0,0.0,0.0,1.0,0.0,1.0,1.0,1
26.37,GBP,Gambling Anonymous Hub,RU,3.3096,1.0,0.0,0.0,1.0,0.0,1.0,0.45,1.0,1
602.92,USD,Stripe Demo Store,NG,6.4034,10.0,1.0,0.0,0.0,0.0,1.0,0.0,0.0,1
7823.76,EUR,Netflix,NG,8.965,5.0,1.0,1.0,0.0,0.0,0.0,0.45,0.0,1
11.76,EUR,Stripe Demo Store,NG,2.5466,1.0,0.0,0.0,0.0,0.0,0.0,0.45,0.0,0
21.39,GBP,Amazon,NG,3.1085,1.0,0.0,0.0,0.0,0.0,1.0,0.0,0.0,1
38.22,EUR,Stripe Demo Store,NG,3.6692,1.0,0.0,0.0,0.0,1.0,0.0,0.0,0.0,0
19.39,USD,Apple,NG,3.015,1.0,0.0,0.0,0.0,1.0,0.0,0.0,0.0,0
12.29,GBP,Stripe Demo Store,US,2.5869,1.0,0.0,0.0,0.0,0.0,0.0,1.0,1.0,1
3949.83,GBP,Stripe Demo Store,NG,8.2817,4.0,1.0,1.0,0.0,0.0,0.0,0.0,0.0,0
1263.35,GBP,Stripe Demo Store,US,7.1423,1.0,1.0,0.0,0.0,0.0,1.0,0.0,1.0,1
13.63,EUR,Spotify,DE,2.683,4.0,0.0,0.0,0.0,0.0,1.0,0.0,1.0,1
8301.92,EUR,Gambling Anonymous Hub,NG,9.0244,8.0,1.0,1.0,1.0,0.0,0.0,0.45,0.0,1
16.99,EUR,Shopify Merchant,NG,2.89,1.0,0.0,0.0,0.0,0.0,0.0,0.0,0.0,0
14.72,GBP,Shopify Merchant,NG,2.7546,2.0,0.0,0.0,0.0,0.0,1.0,1.0,0.0,1
24.67,GBP,Netflix,CN,3.2454,2.0,0.0,0.0,0.0,0.0,0.0,0.0,1.0,1
29.61,EUR,Stripe Demo Store,DE,3.4214,1.0,0.0,0.0,0.0,0.0,0.0,0.45,1.0,0
709.92,USD,Amazon,NG,6.5666,3.0,1.0,0.0,0.0,0.0,0.0,0.0,0.0,1
34.14,USD,Shopify Merchant,DE,3.5594,2.0,0.0,0.0,0.0,0.0,1.0,0.0,1.0,0
61.29,USD,Anonymous Crypto Mix,NG,4.1318,1.0,0.0,0.0,1.0,1.0,1.0,0.45,0.0,1
11.32,EUR,Netflix,NG,2.5116,5.0,0.0,0.0,0.0,0.0,1.0,0.0,0.0,1
1614.54,GBP,Stripe Demo Store,NG,7.3874,1.0,1.0,0.0,0.0,0.0,1.0,0.0,0.0,1
19.88,EUR,Anonymous Crypto Mix,NG,3.039,1.0,0.0,0.0,1.0,0.0,1.0,0.45,0.0,0
36.62,USD,Apple,NG,3.6276,8.0,0.0,0.0,0.0,0.0,1.0,0.0,0.0,1
32.81,USD,Netflix,NG,3.5208,1.0,0.0,0.0,0.0,0.0,0.0,0.0,0.0,0
724.77,USD,Netflix,US,6.5872,1.0,1.0,0.0,0.0,1.0,0.0,1.0,1.0,1
5.0,EUR,Amazon,NG,1.7918,1.0,0.0,0.0,0.0,0.0,0.0,0.0,0.0,0
48.28,GBP,Amazon,NG,3.8976,1.0,0.0,0.0,0.0,0.0,1.0,0.45,0.0,1
2203.1,USD,Shopify Merchant,NG,7.6981,1.0,1.0,0.0,0.0,1.0,0.0,0.45,0.0,1
6.82,EUR,Amazon,NG,2.0561,2.0,0.0,0.0,0.0,0.0,1.0,1.0,0.0,1
33.33,EUR,Spotify,NG,3.536,1.0,0.0,0.0,0.0,0.0,0.0,0.0,0.0,0
22.62,GBP,Amazon,NG,3.1619,2.0,0.0,0.0,0.0,0.0,1.0,0.0,0.0,0
26.23,EUR,Stripe Demo Store,NG,3.3043,1.0,0.0,0.0,0.0,1.0,0.0,0.0,0.0,1
40.42,GBP,Spotify,NG,3.7238,1.0,0.0,0.0,0.0,0.0,0.0,0.45,0.0,0
27.14,GBP,Amazon,NG,3.3374,6.0,0.0,0.0,0.0,0.0,0.0,0.45,0.0,1
7.16,USD,Amazon,NG,2.0997,3.0,0.0,0.0,0.0,0.0,0.0,0.0,0.0,1
18.17,EUR,Shopify Merchant,NG,2.9535,3.0,0.0,0.0,0.0,0.0,0.0,0.45,0.0,1
6.47,USD,Amazon,DE,2.0113,1.0,0.0,0.0,0.0,0.0,0.0,1.0,1.0,1
3516.15,EUR,Wallet Drain Services,DE,8.1654,2.0,1.0,1.0,1.0,0.0,1.0,0.45,1.0,1
53.44,USD,Apple,NG,3.9971,4.0,0.0,0.0,0.0,1.0,0.0,0.0,0.0,1
8.42,EUR,Netflix,NG,2.2432,4.0,0.0,0.0,0.0,0.0,0.0,0.0,0.0,1
12.55,USD,Spotify,NG,2.6066,3.0,0.0,0.0,0.0,1.0,1.0,0.0,0.0,1
10.83,GBP,Stripe Demo Store,NG,2.4707,2.0,0.0,0.0,0.0,0.0,0.0,0.45,0.0,0
14.62,USD,Stripe Demo Store,NG,2.7484,1.0,0.0,0.0,0.0,0.0,0.0,0.0,0.0,0
26.81,USD,Shopify Merchant,NG,3.3253,1.0,0.0,0.0,0.0,0.0,0.0,0.0,0.0,1
14.73,GBP,Shopify Merchant,NG,2.7555,1.0,0.0,0.0,0.0,0.0,0.0,0.45,0.0,1
31.71,EUR,Amazon,NG,3.4878,1.0,0.0,0.0,0.0,0.0,0.0,0.0,0.0,1
707.72,GBP,Stripe Demo Store,NG,6.5635,1.0,1.0,0.0,0.0,0.0,0.0,0.0,0.0,0
1120.43,GBP,Amazon,RU,7.0224,1.0,1.0,0.0,0.0,0.0,1.0,0.0,1.0,1
662.77,EUR,Amazon,NG,6.4979,2.0,1.0,0.0,0.0,0.0,1.0,1.0,0.0,1
52.99,EUR,Netflix,RU,3.9888,2.0,0.0,0.0,0.0,0.0,0.0,0.0,1.0,1
56.05,EUR,Netflix,NG,4.0439,2.0,0.0,0.0,0.0,0.0,1.0,0.45,0.0,0
59.55,EUR,Apple,US,4.1035,1.0,0.0,0.0,0.0,0.0,1.0,0.0,1.0,1
1010.42,EUR,Shopify Merchant,RU,6.9191,2.0,1.0,0.0,0.0,0.0,1.0,0.0,1.0,1
1584.52,USD,Stripe Demo Store,US,7.3687,8.0,1.0,0.0,0.0,0.0,0.0,0.0,1.0,1
6198.25,GBP,Anonymous Crypto Mix,NG,8.7322,1.0,1.0,1.0,1.0,0.0,0.0,0.45,0.0,1
9.29,USD,Apple,NG,2.331,4.0,0.0,0.0,0.0,0.0,0.0,0.45,0.0,0
1926.34,USD,Spotify,RU,7.5639,1.0,1.0,0.0,0.0,1.0,0.0,0.0,1.0,1
36.36,USD,Amazon,NG,3.6206,2.0,0.0,0.0,0.0,0.0,0.0,0.0,0.0,0
1683.78,USD,XXX Test Casino,DE,7.4294,2.0,1.0,0.0,1.0,0.0,0.0,0.45,1.0,1
14.3,EUR,Amazon,NG,2.7277,2.0,0.0,0.0,0.0,0.0,1.0,0.0,0.0,0
19.55,USD,Netflix,NG,3.0228,5.0,0.0,0.0,0.0,0.0,0.0,0.0,0.0,0
18.67,USD,Netflix,NG,2.9792,1.0,0.0,0.0,0.0,0.0,0.0,0.45,0.0,0
6874.82,EUR,XXX Test Casino,DE,8.8358,3.0,1.0,1.0,1.0,0.0,1.0,0.45,1.0,1
33.62,EUR,Shopify Merchant,NG,3.5443,4.0,0.0,0.0,0.0,0.0,0.0,0.45,0.0,0
25.89,GBP,Netflix,NG,3.2919,3.0,0.0,0.0,0.0,0.0,0.0,0.0,0.0,0
22.18,USD,Anonymous Crypto Mix,CN,3.1434,1.0,0.0,0.0,1.0,1.0,0.0,0.45,1.0,1
25.81,GBP,Apple,US,3.2888,1.0,0.0,0.0,0.0,0.0,1.0,0.0,1.0,0
8698.41,USD,Amazon,RU,9.071,4.0,1.0,1.0,0.0,0.0,1.0,0.45,1.0,1
30.69,USD,Shopify Merchant,NG,3.4559,3.0,0.0,0.0,0.0,0.0,0.0,0.0,0.0,0
11.17,EUR,Netflix,NG,2.4988,6.0,0.0,0.0,0.0,0.0,0.0,0.0,0.0,0
2297.55,EUR,Amazon,NG,7.74,1.0,1.0,0.0,0.0,0.0,1.0,0.45,0.0,1
24.02,GBP,Spotify,CN,3.2196,3.0,0.0,0.0,0.0,0.0,0.0,0.0,1.0,1
14.82,USD,Wallet Drain Services,NG,2.7611,3.0,0.0,0.0,1.0,0.0,0.0,0.45,0.0,1
23.66,EUR,Netflix,DE,3.2054,4.0,0.0,0.0,0.0,1.0,0.0,0.45,1.0,0
25.56,USD,Netflix,NG,3.2795,2.0,0.0,0.0,0.0,0.0,1.0,0.0,0.0,1
42.83,EUR,Spotify,CN,3.7803,1.0,0.0,0.0,0.0,1.0,0.0,0.45,1.0,0
9.66,GBP,Stripe Demo Store,NG,2.3662,2.0,0.0,0.0,0.0,0.0,1.0,0.0,0.0,1
50.78,GBP,Amazon,NG,3.947,2.0,0.0,0.0,0.0,0.0,0.0,0.45,0.0,0
1466.39,EUR,Stripe Demo Store,RU,7.2912,1.0,1.0,0.0,0.0,0.0,0.0,0.45,1.0,1
932.36,EUR,Netflix,NG,6.8388,1.0,1.0,0.0,0.0,0.0,0.0,0.0,0.0,1
1527.8,EUR,Spotify,NG,7.3322,4.0,1.0,0.0,0.0,0.0,0.0,0.45,0.0,1
9.96,EUR,Spotify,NG,2.3947,1.0,0.0,0.0,0.0,0.0,1.0,0.0,0.0,0
5.94,EUR,Stripe Demo Store,NG,1.937,1.0,0.0,0.0,0.0,0.0,0.0,0.45,0.0,0
6097.66,GBP,Wallet Drain Services,NG,8.7158,2.0,1.0,1.0,1.0,0.0,1.0,0.45,0.0,1
1173.82,EUR,Shopify Merchant,US,7.0689,8.0,1.0,0.0,0.0,0.0,0.0,0.45,1.0,1
6.47,GBP,Shopify Merchant,CN,2.0113,2.0,0.0,0.0,0.0,0.0,0.0,1.0,1.0,0
10.33,USD,Stripe Demo Store,NG,2.4271,1.0,0.0,0.0,0.0,0.0,0.0,0.45,0.0,0
33.99,EUR,Amazon,NG,3.5551,1.0,0.0,0.0,0.0,0.0,0.0,1.0,0.0,1
19.45,GBP,Netflix,NG,3.0182,1.0,0.0,0.0,0.0,0.0,1.0,0.0,0.0,0
36.02,USD,Stripe Demo Store,NG,3.6115,1.0,0.0,0.0,0.0,0.0,0.0,0.45,0.0,1
18.71,USD,Spotify,RU,2.9809,3.0,0.0,0.0,0.0,0.0,1.0,0.0,1.0,0
6925.29,EUR,Apple,NG,8.8431,1.0,1.0,1.0,0.0,0.0,1.0,0.0,0.0,1
17.15,EUR,Apple,NG,2.8986,1.0,0.0,0.0,0.0,0.0,1.0,0.0,0.0,0
5.0,EUR,Netflix,CN,1.7918,4.0,0.0,0.0,0.0,0.0,1.0,0.0,1.0,0
9.02,GBP,Anonymous Crypto Mix,RU,2.3047,1.0,0.0,0.0,1.0,0.0,0.0,1.0,1.0,1
606.03,EUR,Shopify Merchant,NG,6.4086,1.0,1.0,0.0,0.0,1.0,0.0,0.45,0.0,1
2328.76,USD,Spotify,NG,7.7535,2.0,1.0,0.0,0.0,1.0,0.0,0.45,0.0,1
53.75,EUR,Shopify Merchant,NG,4.0028,1.0,0.0,0.0,0.0,1.0,1.0,0.0,0.0,0
27.35,EUR,XXX Test Casino,US,3.3445,1.0,0.0,0.0,1.0,0.0,1.0,0.45,1.0,1
5.0,GBP,Spotify,RU,1.7918,8.0,0.0,0.0,0.0,0.0,0.0,0.0,1.0,0
2245.61,GBP,Netflix,NG,7.7172,4.0,1.0,0.0,0.0,0.0,0.0,0.0,0.0,1
50.77,EUR,Amazon,NG,3.9468,3.0,0.0,0.0,0.0,0.0,0.0,0.0,0.0,0
2059.92,USD,Amazon,NG,7.6309,2.0,1.0,0.0,0.0,0.0,0.0,0.0,0.0,0
52.14,EUR,Shopify Merchant,NG,3.9729,1.0,0.0,0.0,0.0,0.0,1.0,0.0,0.0,1
17.02,USD,Stripe Demo Store,NG,2.8917,4.0,0.0,0.0,0.0,1.0,0.0,0.45,0.0,1
8.05,USD,Apple,NG,2.2025,2.0,0.0,0.0,0.0,0.0,0.0,0.0,0.0,1
19.52,USD,Shopify Merchant,NG,3.0215,1.0,0.0,0.0,0.0,0.0,0.0,1.0,0.0,0
20.29,USD,Wallet Drain Services,NG,3.0585,1.0,0.0,0.0,1.0,0.0,1.0,0.45,0.0,1
60.09,USD,Shopify Merchant,RU,4.1124,2.0,0.0,0.0,0.0,0.0,0.0,0.0,1.0,1
1023.38,EUR,Apple,NG,6.9318,1.0,1.0,0.0,0.0,0.0,0.0,0.0,0.0,1
20.32,USD,Stripe Demo Store,NG,3.0597,1.0,0.0,0.0,0.0,0.0,1.0,0.0,0.0,1
5805.23,USD,Netflix,RU,8.6667,1.0,1.0,1.0,0.0,0.0,1.0,0.45,1.0,1
26.57,GBP,Spotify,NG,3.3168,2.0,0.0,0.0,0.0,0.0,0.0,0.0,0.0,0
31.14,GBP,Netflix,DE,3.4701,1.0,0.0,0.0,0.0,0.0,0.0,0.0,1.0,0
2805.33,USD,Dark Web Market,NG,7.9396,2.0,1.0,1.0,1.0,1.0,0.0,0.45,0.0,1
1605.95,USD,Gambling Anonymous Hub,NG,7.3821,1.0,1.0,0.0,1.0,0.0,1.0,0.45,0.0,1
52.43,GBP,Stripe Demo Store,DE,3.9783,2.0,0.0,0.0,0.0,1.0,0.0,0.0,1.0,0
6.37,GBP,Netflix,DE,1.9971,1.0,0.0,0.0,0.0,0.0,0.0,0.45,1.0,1
63.21,EUR,Netflix,NG,4.1621,1.0,0.0,0.0,0.0,0.0,0.0,0.0,0.0,1
5.27,EUR,Amazon,RU,1.8362,2.0,0.0,0.0,0.0,0.0,1.0,0.45,1.0,1
13.34,EUR,Stripe Demo Store,NG,2.6631,2.0,0.0,0.0,0.0,0.0,1.0,0.0,0.0,1
39.66,EUR,Shopify Merchant,NG,3.7052,1.0,0.0,0.0,0.0,0.0,1.0,0.0,0.0,0
20.09,USD,Netflix,NG,3.0488,2.0,0.0,0.0,0.0,0.0,1.0,1.0,0.0,1
7.99,GBP,Stripe Demo Store,NG,2.1964,3.0,0.0,0.0,0.0,0.0,1.0,0.0,0.0,1
1044.95,EUR,Stripe Demo Store,NG,6.9527,1.0,1.0,0.0,0.0,0.0,1.0,0.0,0.0,1
760.64,EUR,Amazon,NG,6.6355,2.0,1.0,0.0,0.0,0.0,0.0,0.0,0.0,0
2015.44,GBP,Netflix,DE,7.6091,1.0,1.0,0.0,0.0,0.0,0.0,1.0,1.0,1
12.98,USD,Amazon,NG,2.6375,4.0,0.0,0.0,0.0,0.0,1.0,0.0,0.0,1
19.6,USD,Dark Web Market,DE,3.0255,1.0,0.0,0.0,1.0,0.0,1.0,0.45,1.0,1
13.37,USD,Amazon,NG,2.6648,6.0,0.0,0.0,0.0,1.0,0.0,0.0,0.0,0
110.41,GBP,Stripe Demo Store,NG,4.7132,2.0,0.0,0.0,0.0,0.0,0.0,0.0,0.0,1
16.98,GBP,Apple,NG,2.8892,2.0,0.0,0.0,0.0,0.0,1.0,0.0,0.0,0
15.46,EUR,Spotify,NG,2.801,1.0,0.0,0.0,0.0,0.0,0.0,0.0,0.0,1
13.75,EUR,Amazon,DE,2.6911,2.0,0.0,0.0,0.0,0.0,0.0,0.0,1.0,1
69.68,EUR,Spotify,NG,4.2581,1.0,0.0,0.0,0.0,0.0,1.0,0.0,0.0,0
6.38,GBP,Netflix,NG,1.9983,1.0,0.0,0.0,0.0,0.0,0.0,0.0,0.0,0
25.83,EUR,Spotify,NG,3.2896,1.0,0.0,0.0,0.0,0.0,0.0,0.0,0.0,1
16.99,USD,Spotify,CN,2.8897,2.0,0.0,0.0,0.0,0.0,0.0,0.0,1.0,1
7.42,USD,Shopify Merchant,NG,2.1301,3.0,0.0,0.0,0.0,0.0,0.0,0.45,0.0,0
6940.32,USD,Anonymous Crypto Mix,NG,8.8452,5.0,1.0,1.0,1.0,0.0,0.0,0.45,0.0,0
25.07,EUR,Amazon,CN,3.261,1.0,0.0,0.0,0.0,1.0,1.0,0.45,1.0,0
1557.89,EUR,Spotify,NG,7.3517,4.0,1.0,0.0,0.0,0.0,0.0,0.0,0.0,1
1305.79,USD,Spotify,NG,7.1753,4.0,1.0,0.0,0.0,0.0,0.0,1.0,0.0,1
67.38,USD,Netflix,NG,4.2251,4.0,0.0,0.0,0.0,1.0,0.0,0.45,0.0,1
22.63,EUR,Shopify Merchant,NG,3.1627,3.0,0.0,0.0,0.0,0.0,1.0,0.0,0.0,1
7.26,USD,Netflix,NG,2.1116,1.0,0.0,0.0,0.0,0.0,0.0,0.0,0.0,1
11.1,GBP,Netflix,NG,2.4935,4.0,0.0,0.0,0.0,0.0,0.0,0.0,0.0,1
16.45,GBP,Netflix,NG,2.8592,2.0,0.0,0.0,0.0,0.0,0.0,1.0,0.0,1
1270.82,EUR,Spotify,NG,7.1482,3.0,1.0,0.0,0.0,0.0,1.0,0.0,0.0,1
5817.77,GBP,Anonymous Crypto Mix,NG,8.6688,1.0,1.0,1.0,1.0,0.0,0.0,0.45,0.0,1
25.0,USD,Spotify,NG,3.2579,1.0,0.0,0.0,0.0,1.0,0.0,0.0,0.0,0
67.45,USD,Amazon,NG,4.2261,1.0,0.0,0.0,0.0,0.0,0.0,0.0,0.0,0
20.03,EUR,Amazon,CN,3.0461,2.0,0.0,0.0,0.0,0.0,1.0,0.0,1.0,1
2316.54,GBP,Spotify,NG,7.7483,1.0,1.0,0.0,0.0,0.0,0.0,0.0,0.0,0
45.05,EUR,Spotify,NG,3.8296,4.0,0.0,0.0,0.0,0.0,0.0,0.0,0.0,1
48.62,USD,Gambling Anonymous Hub,NG,3.9045,1.0,0.0,0.0,1.0,0.0,1.0,0.45,0.0,1
1079.18,GBP,Amazon,NG,6.9849,1.0,1.0,0.0,0.0,0.0,0.0,0.0,0.0,1
16.9,EUR,Spotify,NG,2.885,1.0,0.0,0.0,0.0,0.0,0.0,0.45,0.0,1
31.06,EUR,Stripe Demo Store,NG,3.4675,1.0,0.0,0.0,0.0,0.0,0.0,0.0,0.0,0
17.33,USD,Netflix,NG,2.9084,1.0,0.0,0.0,0.0,0.0,1.0,1.0,0.0,1
5.0,GBP,Shopify Merchant,NG,1.7918,3.0,0.0,0.0,0.0,0.0,1.0,0.0,0.0,1
29.8,USD,Spotify,DE,3.4274,10.0,0.0,0.0,0.0,0.0,0.0,0.0,1.0,1
37.51,EUR,Apple,DE,3.6509,1.0,0.0,0.0,0.0,0.0,0.0,0.0,1.0,0
55.08,USD,Spotify,DE,4.0268,1.0,0.0,0.0,0.0,0.0,1.0,0.0,1.0,1
1687.23,USD,Shopify Merchant,US,7.4314,3.0,1.0,0.0,0.0,0.0,0.0,0.45,1.0,1
13.68,GBP,Stripe Demo Store,NG,2.6863,1.0,0.0,0.0,0.0,1.0,0.0,0.0,0.0,0
1117.48,EUR,Wallet Drain Services,NG,7.0197,3.0,1.0,0.0,1.0,0.0,1.0,0.45,0.0,1
23.53,USD,Apple,NG,3.1999,2.0,0.0,0.0,0.0,1.0,0.0,0.0,0.0,1
1496.22,USD,Stripe Demo Store,NG,7.3114,4.0,1.0,0.0,0.0,0.0,0.0,0.0,0.0,1
21.32,USD,Stripe Demo Store,US,3.1056,1.0,0.0,0.0,0.0,1.0,0.0,0.45,1.0,1
2175.28,GBP,Spotify,RU,7.6854,8.0,1.0,0.0,0.0,0.0,0.0,0.45,1.0,1
20.61,EUR,Shopify Merchant,NG,3.0734,6.0,0.0,0.0,0.0,0.0,1.0,0.45,0.0,1
23.29,GBP,Apple,NG,3.1903,1.0,0.0,0.0,0.0,0.0,0.0,0.0,0.0,0
33.73,GBP,Spotify,NG,3.5477,2.0,0.0,0.0,0.0,1.0,0.0,0.0,0.0,0
47.19,EUR,Apple,DE,3.8752,1.0,0.0,0.0,0.0,1.0,0.0,0.45,1.0,0
5298.42,GBP,Netflix,NG,8.5754,1.0,1.0,1.0,0.0,0.0,1.0,0.0,0.0,1
5014.64,USD,Gambling Anonymous Hub,CN,8.5203,8.0,1.0,1.0,1.0,0.0,1.0,0.45,1.0,1
568.06,USD,Stripe Demo Store,US,6.344,1.0,1.0,0.0,0.0,0.0,1.0,0.45,1.0,1
13.52,USD,Shopify Merchant,RU,2.6754,1.0,0.0,0.0,0.0,1.0,0.0,0.0,1.0,0
1156.58,EUR,Amazon,NG,7.0541,1.0,1.0,0.0,0.0,1.0,0.0,0.0,0.0,1
507.46,GBP,Spotify,NG,6.2314,2.0,1.0,0.0,0.0,0.0,1.0,1.0,0.0,0
28.09,GBP,Apple,NG,3.3705,4.0,0.0,0.0,0.0,0.0,1.0,1.0,0.0,1
18.02,USD,Netflix,RU,2.9454,2.0,0.0,0.0,0.0,0.0,0.0,0.0,1.0,0
19.96,GBP,Stripe Demo Store,NG,3.0426,2.0,0.0,0.0,0.0,0.0,0.0,0.45,0.0,1
26.92,EUR,Spotify,NG,3.3294,1.0,0.0,0.0,0.0,0.0,0.0,0.0,0.0,0
53.94,GBP,Stripe Demo Store,NG,4.0062,3.0,0.0,0.0,0.0,0.0,0.0,0.45,0.0,1
821.77,GBP,Netflix,NG,6.7127,1.0,1.0,0.0,0.0,0.0,0.0,0.0,0.0,1
8.85,USD,Amazon,NG,2.287,2.0,0.0,0.0,0.0,0.0,1.0,1.0,0.0,0
18.85,GBP,Netflix,RU,2.9884,2.0,0.0,0.0,0.0,1.0,0.0,0.45,1.0,0
75.08,USD,Shopify Merchant,NG,4.3317,8.0,0.0,0.0,0.0,0.0,1.0,0.0,0.0,1
1105.44,USD,Spotify,NG,7.0089,3.0,1.0,0.0,0.0,0.0,0.0,0.0,0.0,1
2720.49,USD,Amazon,NG,7.9089,2.0,1.0,1.0,0.0,0.0,1.0,0.0,0.0,1
1655.1,GBP,Apple,US,7.4122,1.0,1.0,0.0,0.0,0.0,1.0,0.0,1.0,1
5.0,GBP,Amazon,NG,1.7918,1.0,0.0,0.0,0.0,1.0,1.0,0.0,0.0,0
26.77,USD,Amazon,NG,3.3238,2.0,0.0,0.0,0.0,0.0,0.0,0.0,0.0,1
30.64,GBP,Spotify,NG,3.4545,2.0,0.0,0.0,0.0,1.0,0.0,0.0,0.0,1
16.66,USD,Stripe Demo Store,NG,2.8712,3.0,0.0,0.0,0.0,0.0,0.0,0.0,0.0,0
12.78,USD,Apple,NG,2.6229,2.0,0.0,0.0,0.0,0.0,0.0,0.0,0.0,1
13.28,EUR,Stripe Demo Store,NG,2.6591,1.0,0.0,0.0,0.0,0.0,1.0,0.0,0.0,0
15.96,USD,Netflix,NG,2.8308,1.0,0.0,0.0,0.0,0.0,0.0,0.0,0.0,1
16.26,EUR,Shopify Merchant,DE,2.8482,1.0,0.0,0.0,0.0,0.0,0.0,0.0,1.0,1
845.31,GBP,Shopify Merchant,NG,6.7409,3.0,1.0,0.0,0.0,1.0,0.0,0.0,0.0,1
15.78,EUR,Apple,NG,2.8203,8.0,0.0,0.0,0.0,0.0,1.0,0.0,0.0,1
46.23,GBP,Spotify,NG,3.855,2.0,0.0,0.0,0.0,0.0,0.0,0.0,0.0,0
8.58,GBP,Shopify Merchant,NG,2.2601,2.0,0.0,0.0,0.0,0.0,1.0,0.0,0.0,1
5.9,EUR,Shopify Merchant,NG,1.9321,2.0,0.0,0.0,0.0,0.0,1.0,0.0,0.0,0
46.75,USD,Netflix,RU,3.8659,1.0,0.0,0.0,0.0,0.0,0.0,1.0,1.0,0
17.56,USD,Amazon,RU,2.921,1.0,0.0,0.0,0.0,0.0,1.0,1.0,1.0,1
15.31,GBP,Spotify,NG,2.7915,1.0,0.0,0.0,0.0,0.0,0.0,0.0,0.0,0
18.58,EUR,Wallet Drain Services,NG,2.9746,5.0,0.0,0.0,1.0,0.0,1.0,0.45,0.0,1
23.25,USD,Stripe Demo Store,NG,3.1886,1.0,0.0,0.0,0.0,0.0,0.0,0.0,0.0,0
820.76,GBP,Spotify,NG,6.7115,2.0,1.0,0.0,0.0,0.0,1.0,0.0,0.0,1
813.73,USD,Netflix,NG,6.7029,1.0,1.0,0.0,0.0,0.0,0.0,0.45,0.0,1
10.24,USD,Apple,NG,2.4196,2.0,0.0,0.0,0.0,1.0,0.0,0.0,0.0,1
16.26,GBP,Shopify Merchant,NG,2.8484,1.0,0.0,0.0,0.0,0.0,0.0,0.0,0.0,1
5.0,USD,Gambling Anonymous Hub,NG,1.7918,6.0,0.0,0.0,1.0,0.0,1.0,1.0,0.0,1
45.63,USD,Shopify Merchant,NG,3.8422,1.0,0.0,0.0,0.0,0.0,0.0,0.0,0.0,1
17.76,GBP,Netflix,NG,2.9315,5.0,0.0,0.0,0.0,0.0,0.0,0.0,0.0,1
32.11,USD,Spotify,NG,3.4997,2.0,0.0,0.0,0.0,0.0,0.0,0.45,0.0,1
28.04,USD,Amazon,NG,3.3686,1.0,0.0,0.0,0.0,0.0,0.0,0.0,0.0,0
7711.55,EUR,Gambling Anonymous Hub,NG,8.9506,3.0,1.0,1.0,1.0,0.0,0.0,1.0,0.0,1
19.98,EUR,Netflix,RU,3.0434,2.0,0.0,0.0,0.0,0.0,1.0,0.0,1.0,0
1033.5,EUR,Netflix,NG,6.9417,1.0,1.0,0.0,0.0,0.0,0.0,0.0,0.0,0
10.25,USD,Wallet Drain Services,RU,2.4202,3.0,0.0,0.0,1.0,1.0,0.0,0.45,1.0,1
8.85,EUR,Stripe Demo Store,NG,2.2873,2.0,0.0,0.0,0.0,0.0,0.0,0.0,0.0,0
4158.4,GBP,Shopify Merchant,NG,8.3331,2.0,1.0,1.0,0.0,0.0,0.0,0.0,0.0,1
12.48,EUR,Spotify,NG,2.6012,3.0,0.0,0.0,0.0,0.0,1.0,0.0,0.0,0
54.48,EUR,Stripe Demo Store,NG,4.016,2.0,0.0,0.0,0.0,0.0,1.0,0.0,0.0,1
3544.49,GBP,Apple,NG,8.1734,1.0,1.0,1.0,0.0,0.0,0.0,0.0,0.0,1
12.16,EUR,Apple,NG,2.5775,1.0,0.0,0.0,0.0,0.0,0.0,1.0,0.0,1
16.61,EUR,Apple,NG,2.8684,1.0,0.0,0.0,0.0,1.0,0.0,0.45,0.0,0
22.05,EUR,Apple,NG,3.1375,2.0,0.0,0.0,0.0,0.0,0.0,0.45,0.0,0
19.15,GBP,Apple,NG,3.0033,1.0,0.0,0.0,0.0,1.0,1.0,0.45,0.0,1
24.29,USD,Stripe Demo Store,NG,3.2306,1.0,0.0,0.0,0.0,0.0,0.0,0.0,0.0,0
21.07,EUR,Spotify,US,3.0944,3.0,0.0,0.0,0.0,0.0,0.0,0.0,1.0,1
1677.06,USD,Spotify,NG,7.4254,1.0,1.0,0.0,0.0,0.0,0.0,0.0,0.0,1
5.0,EUR,Apple,NG,1.7918,1.0,0.0,0.0,0.0,0.0,0.0,0.0,0.0,1
15.46,USD,Amazon,DE,2.8011,4.0,0.0,0.0,0.0,0.0,0.0,0.0,1.0,0
29.74,USD,Spotify,NG,3.4254,3.0,0.0,0.0,0.0,0.0,1.0,0.0,0.0,1
15.59,USD,Amazon,NG,2.8085,3.0,0.0,0.0,0.0,1.0,0.0,0.0,0.0,1
2072.65,GBP,Netflix,NG,7.6371,1.0,1.0,0.0,0.0,0.0,1.0,0.0,0.0,1
19.44,GBP,Amazon,NG,3.0173,2.0,0.0,0.0,0.0,0.0,0.0,0.0,0.0,0
51.94,EUR,Spotify,RU,3.9691,5.0,0.0,0.0,0.0,0.0,0.0,0.45,1.0,0
1645.26,GBP,Stripe Demo Store,NG,7.4063,1.0,1.0,0.0,0.0,0.0,0.0,0.0,0.0,1
2354.51,USD,Spotify,NG,7.7645,1.0,1.0,0.0,0.0,0.0,0.0,0.0,0.0,1
1085.38,GBP,Spotify,NG,6.9906,1.0,1.0,0.0,0.0,0.0,0.0,0.45,0.0,1
20.33,GBP,Shopify Merchant,NG,3.06,5.0,0.0,0.0,0.0,0.0,1.0,0.0,0.0,1
47.27,EUR,Stripe Demo Store,NG,3.8769,1.0,0.0,0.0,0.0,0.0,1.0,0.0,0.0,1
24.3,EUR,Netflix,NG,3.231,2.0,0.0,0.0,0.0,0.0,1.0,0.45,0.0,1
29.61,EUR,Netflix,NG,3.4213,2.0,0.0,0.0,0.0,0.0,0.0,0.45,0.0,1
1853.96,EUR,Apple,NG,7.5256,6.0,1.0,0.0,0.0,0.0,0.0,0.0,0.0,1
76.95,GBP,Dark Web Market,NG,4.3561,1.0,0.0,0.0,1.0,0.0,1.0,0.45,0.0,1
11.54,EUR,Apple,CN,2.5291,2.0,0.0,0.0,0.0,1.0,0.0,0.45,1.0,1
689.96,EUR,Amazon,RU,6.5381,6.0,1.0,0.0,0.0,0.0,0.0,0.0,1.0,1
7877.86,USD,Shopify Merchant,NG,8.9719,1.0,1.0,1.0,0.0,0.0,1.0,0.0,0.0,1
5.0,GBP,Shopify Merchant,NG,1.7918,2.0,0.0,0.0,0.0,0.0,0.0,0.0,0.0,1
6871.08,GBP,Stripe Demo Store,NG,8.8352,1.0,1.0,1.0,0.0,0.0,1.0,0.0,0.0,1
120.42,GBP,Spotify,NG,4.7992,1.0,0.0,0.0,0.0,1.0,1.0,0.0,0.0,1
15.39,EUR,Amazon,NG,2.7969,1.0,0.0,0.0,0.0,0.0,0.0,0.45,0.0,0
7.39,GBP,Stripe Demo Store,NG,2.1274,1.0,0.0,0.0,0.0,0.0,0.0,0.0,0.0,0
7386.67,EUR,Apple,NG,8.9076,1.0,1.0,1.0,0.0,0.0,0.0,0.0,0.0,1
2298.96,EUR,Shopify Merchant,RU,7.7406,3.0,1.0,0.0,0.0,1.0,0.0,0.0,1.0,1
36.79,USD,Shopify Merchant,DE,3.632,2.0,0.0,0.0,0.0,0.0,1.0,0.45,1.0,1
10.78,EUR,Spotify,NG,2.4661,1.0,0.0,0.0,0.0,0.0,0.0,0.0,0.0,0
24.28,GBP,Amazon,NG,3.2299,2.0,0.0,0.0,0.0,0.0,0.0,0.0,0.0,1
9.0,GBP,Spotify,NG,2.3024,6.0,0.0,0.0,0.0,0.0,0.0,0.0,0.0,1
2386.07,GBP,Spotify,NG,7.7778,1.0,1.0,0.0,0.0,0.0,0.0,0.45,0.0,1
28.58,USD,Wallet Drain Services,NG,3.3869,1.0,0.0,0.0,1.0,0.0,1.0,0.45,0.0,1
1524.54,USD,Stripe Demo Store,NG,7.3301,1.0,1.0,0.0,0.0,0.0,1.0,0.0,0.0,1
16.36,GBP,Netflix,NG,2.8543,4.0,0.0,0.0,0.0,0.0,0.0,0.0,0.0,1
13.63,EUR,Gambling Anonymous Hub,CN,2.6833,4.0,0.0,0.0,1.0,0.0,1.0,0.45,1.0,1
11.79,EUR,Netflix,NG,2.5488,2.0,0.0,0.0,0.0,0.0,0.0,1.0,0.0,1
7691.22,USD,Netflix,NG,8.948,1.0,1.0,1.0,0.0,0.0,0.0,1.0,0.0,1
65.03,USD,Apple,NG,4.1901,2.0,0.0,0.0,0.0,0.0,0.0,0.0,0.0,0
13.64,EUR,Netflix,NG,2.6839,2.0,0.0,0.0,0.0,1.0,0.0,0.0,0.0,0
5.0,EUR,Netflix,NG,1.7918,1.0,0.0,0.0,0.0,0.0,0.0,0.0,0.0,0
1438.54,EUR,Stripe Demo Store,US,7.2721,1.0,1.0,0.0,0.0,0.0,0.0,0.0,1.0,1
1553.73,USD,Netflix,NG,7.3491,1.0,1.0,0.0,0.0,0.0,0.0,0.0,0.0,1
1519.38,GBP,Stripe Demo Store,NG,7.3267,2.0,1.0,0.0,0.0,0.0,0.0,0.0,0.0,1
18.29,EUR,Apple,NG,2.9594,8.0,0.0,0.0,0.0,0.0,0.0,0.0,0.0,1
1658.25,EUR,Apple,NG,7.4141,1.0,1.0,0.0,0.0,0.0,0.0,0.0,0.0,1
11.66,USD,Spotify,US,2.5383,5.0,0.0,0.0,0.0,0.0,0.0,0.0,1.0,1
31.27,EUR,Shopify Merchant,CN,3.4742,2.0,0.0,0.0,0.0,0.0,1.0,0.0,1.0,0
12.58,EUR,Spotify,NG,2.6089,2.0,0.0,0.0,0.0,0.0,0.0,1.0,0.0,1
30.06,USD,Amazon,NG,3.4358,4.0,0.0,0.0,0.0,0.0,0.0,0.0,0.0,0
5842.13,GBP,Amazon,NG,8.673,2.0,1.0,1.0,0.0,0.0,1.0,0.0,0.0,1
4810.8,GBP,Stripe Demo Store,CN,8.4788,1.0,1.0,1.0,0.0,0.0,1.0,0.0,1.0,1
10.87,GBP,Shopify Merchant,NG,2.4738,1.0,0.0,0.0,0.0,0.0,1.0,0.45,0.0,0
35.66,USD,Spotify,NG,3.6017,3.0,0.0,0.0,0.0,0.0,0.0,0.45,0.0,0
1444.67,USD,Amazon,NG,7.2763,2.0,1.0,0.0,0.0,0.0,0.0,0.0,0.0,0
6002.13,USD,Apple,NG,8.7,1.0,1.0,1.0,0.0,0.0,1.0,0.45,0.0,1
1391.02,EUR,Stripe Demo Store,RU,7.2385,2.0,1.0,0.0,0.0,0.0,1.0,0.0,1.0,0
17.89,USD,Netflix,DE,2.9386,1.0,0.0,0.0,0.0,0.0,1.0,0.0,1.0,0
14.44,GBP,Stripe Demo Store,RU,2.7368,1.0,0.0,0.0,0.0,0.0,0.0,0.0,1.0,0
620.65,USD,Spotify,NG,6.4324,4.0,1.0,0.0,0.0,0.0,0.0,0.0,0.0,1
1844.44,GBP,Netflix,NG,7.5205,1.0,1.0,0.0,0.0,0.0,0.0,0.45,0.0,0
1016.56,EUR,Apple,DE,6.9252,1.0,1.0,0.0,0.0,0.0,0.0,0.0,1.0,1
12.72,GBP,Spotify,NG,2.6185,1.0,0.0,0.0,0.0,0.0,1.0,0.0,0.0,0
41.16,GBP,Netflix,NG,3.7414,5.0,0.0,0.0,0.0,0.0,1.0,0.0,0.0,0
21.78,GBP,Netflix,CN,3.1257,1.0,0.0,0.0,0.0,0.0,0.0,0.0,1.0,0
1470.32,EUR,Shopify Merchant,NG,7.2939,1.0,1.0,0.0,0.0,0.0,0.0,0.45,0.0,0
21.77,GBP,Shopify Merchant,NG,3.1254,1.0,0.0,0.0,0.0,0.0,0.0,0.0,0.0,0
25.44,EUR,Netflix,NG,3.275,1.0,0.0,0.0,0.0,0.0,0.0,0.0,0.0,0
511.12,GBP,Apple,NG,6.2386,1.0,1.0,0.0,0.0,0.0,1.0,0.0,0.0,1
2124.28,GBP,Stripe Demo Store,DE,7.6617,1.0,1.0,0.0,0.0,0.0,0.0,0.0,1.0,1
48.5,EUR,Apple,NG,3.9019,1.0,0.0,0.0,0.0,0.0,0.0,0.0,0.0,0
1867.79,EUR,Apple,NG,7.533,2.0,1.0,0.0,0.0,1.0,0.0,0.0,0.0,1
52.58,USD,Netflix,NG,3.9811,1.0,0.0,0.0,0.0,0.0,0.0,0.45,0.0,0
20.21,GBP,Apple,NG,3.0543,1.0,0.0,0.0,0.0,0.0,1.0,1.0,0.0,1
32.56,GBP,Netflix,CN,3.5135,3.0,0.0,0.0,0.0,0.0,0.0,0.0,1.0,1
40.57,EUR,Stripe Demo Store,NG,3.7275,1.0,0.0,0.0,0.0,0.0,1.0,0.45,0.0,0
5476.77,EUR,Dark Web Market,NG,8.6085,1.0,1.0,1.0,1.0,0.0,1.0,0.45,0.0,1
2108.89,EUR,Spotify,NG,7.6544,10.0,1.0,0.0,0.0,1.0,0.0,0.45,0.0,1
31.24,EUR,Netflix,NG,3.4733,2.0,0.0,0.0,0.0,1.0,0.0,0.0,0.0,0
2380.27,EUR,Shopify Merchant,RU,7.7754,2.0,1.0,0.0,0.0,0.0,0.0,0.0,1.0,1
13.77,GBP,Apple,NG,2.6923,2.0,0.0,0.0,0.0,0.0,0.0,0.0,0.0,0
18.02,GBP,Apple,NG,2.9454,6.0,0.0,0.0,0.0,0.0,0.0,1.0,0.0,1
537.07,USD,Spotify,NG,6.288,1.0,1.0,0.0,0.0,0.0,0.0,0.45,0.0,0
15.52,USD,Shopify Merchant,NG,2.8048,1.0,0.0,0.0,0.0,0.0,0.0,0.0,0.0,0
5.0,EUR,Amazon,NG,1.7918,3.0,0.0,0.0,0.0,0.0,0.0,1.0,0.0,1
52.58,GBP,Shopify Merchant,NG,3.9812,1.0,0.0,0.0,0.0,0.0,1.0,0.0,0.0,1
9.79,USD,Spotify,RU,2.379,2.0,0.0,0.0,0.0,1.0,0.0,0.0,1.0,1
2583.13,EUR,Shopify Merchant,NG,7.8571,1.0,1.0,1.0,0.0,1.0,0.0,0.45,0.0,1
7.42,USD,Netflix,NG,2.1311,1.0,0.0,0.0,0.0,0.0,0.0,0.0,0.0,0
31.02,GBP,Netflix,US,3.4662,2.0,0.0,0.0,0.0,0.0,1.0,0.0,1.0,1
11.59,USD,Shopify Merchant,NG,2.533,2.0,0.0,0.0,0.0,1.0,0.0,0.0,0.0,0
1854.28,USD,Stripe Demo Store,NG,7.5258,2.0,1.0,0.0,0.0,1.0,0.0,1.0,0.0,1
23.01,USD,Amazon,US,3.1786,1.0,0.0,0.0,0.0,0.0,0.0,0.0,1.0,0
12.3,EUR,Apple,NG,2.5877,1.0,0.0,0.0,0.0,0.0,0.0,0.0,0.0,0
13.44,GBP,Netflix,US,2.6699,3.0,0.0,0.0,0.0,0.0,0.0,0.0,1.0,1
22.65,USD,Apple,NG,3.1635,1.0,0.0,0.0,0.0,0.0,1.0,0.0,0.0,1
35.16,USD,Spotify,NG,3.588,2.0,0.0,0.0,0.0,0.0,1.0,0.0,0.0,1
11.33,USD,Stripe Demo Store,NG,2.5117,2.0,0.0,0.0,0.0,1.0,1.0,0.0,0.0,0
10.04,USD,Spotify,NG,2.4012,1.0,0.0,0.0,0.0,0.0,1.0,0.0,0.0,0
20.42,EUR,Shopify Merchant,NG,3.0643,1.0,0.0,0.0,0.0,1.0,0.0,0.0,0.0,1
2236.77,USD,Gambling Anonymous Hub,US,7.7132,3.0,1.0,0.0,1.0,0.0,0.0,1.0,1.0,1
55.92,USD,Stripe Demo Store,NG,4.0417,1.0,0.0,0.0,0.0,0.0,1.0,0.0,0.0,0
9.49,GBP,Spotify,NG,2.3503,1.0,0.0,0.0,0.0,0.0,0.0,0.0,0.0,1
16.08,EUR,Wallet Drain Services,NG,2.8378,6.0,0.0,0.0,1.0,0.0,0.0,0.45,0.0,1
45.74,USD,Stripe Demo Store,NG,3.8447,1.0,0.0,0.0,0.0,1.0,1.0,0.45,0.0,1
1899.37,EUR,Amazon,NG,7.5498,3.0,1.0,0.0,0.0,0.0,0.0,0.0,0.0,1
2033.86,EUR,Apple,NG,7.6182,1.0,1.0,0.0,0.0,0.0,0.0,0.0,0.0,1
2068.23,GBP,Apple,NG,7.6349,1.0,1.0,0.0,0.0,1.0,1.0,0.0,0.0,1
26.23,GBP,Amazon,NG,3.3042,2.0,0.0,0.0,0.0,0.0,0.0,0.0,0.0,0
13.4,GBP,Shopify Merchant,CN,2.6675,1.0,0.0,0.0,0.0,0.0,0.0,0.0,1.0,0
11.81,EUR,Spotify,NG,2.5498,3.0,0.0,0.0,0.0,0.0,0.0,0.0,0.0,1
6758.91,USD,Shopify Merchant,NG,8.8188,1.0,1.0,1.0,0.0,0.0,0.0,0.45,0.0,1
59.42,EUR,Spotify,NG,4.1013,2.0,0.0,0.0,0.0,0.0,0.0,0.45,0.0,1
4613.56,GBP,Amazon,RU,8.437,3.0,1.0,1.0,0.0,0.0,0.0,0.45,1.0,1
57.33,GBP,Stripe Demo Store,NG,4.0661,2.0,0.0,0.0,0.0,0.0,0.0,0.0,0.0,1
13.43,USD,Amazon,NG,2.6695,2.0,0.0,0.0,0.0,1.0,0.0,0.45,0.0,0
1975.77,USD,Amazon,NG,7.5892,1.0,1.0,0.0,0.0,0.0,1.0,0.0,0.0,1
61.17,GBP,Spotify,CN,4.1298,1.0,0.0,0.0,0.0,0.0,0.0,0.45,1.0,0
25.22,EUR,Netflix,RU,3.2666,5.0,0.0,0.0,0.0,0.0,1.0,0.0,1.0,1
16.31,EUR,Stripe Demo Store,NG,2.8513,2.0,0.0,0.0,0.0,0.0,0.0,0.0,0.0,0
7230.7,EUR,Gambling Anonymous Hub,NG,8.8862,2.0,1.0,1.0,1.0,0.0,1.0,0.45,0.0,1
17.79,EUR,Amazon,NG,2.9335,1.0,0.0,0.0,0.0,0.0,1.0,0.0,0.0,1
4573.22,EUR,XXX Test Casino,DE,8.4282,1.0,1.0,1.0,1.0,0.0,0.0,0.45,1.0,1
17.4,GBP,Apple,NG,2.9126,1.0,0.0,0.0,0.0,0.0,1.0,1.0,0.0,1
36.7,EUR,Spotify,RU,3.6297,1.0,0.0,0.0,0.0,0.0,1.0,0.0,1.0,1
7.57,EUR,Netflix,NG,2.1481,1.0,0.0,0.0,0.0,0.0,0.0,0.45,0.0,1
9.88,GBP,Stripe Demo Store,CN,2.3869,1.0,0.0,0.0,0.0,0.0,0.0,0.0,1.0,0
5321.83,EUR,Netflix,DE,8.5798,1.0,1.0,1.0,0.0,0.0,1.0,0.0,1.0,1
2168.33,GBP,Apple,NG,7.6822,2.0,1.0,0.0,0.0,0.0,0.0,0.0,0.0,0
7170.34,GBP,Gambling Anonymous Hub,NG,8.8778,2.0,1.0,1.0,1.0,0.0,1.0,0.45,0.0,1
3218.25,USD,Netflix,NG,8.0769,1.0,1.0,1.0,0.0,0.0,0.0,0.0,0.0,1
9.25,USD,Shopify Merchant,NG,2.3274,3.0,0.0,0.0,0.0,0.0,1.0,0.0,0.0,1
56.59,EUR,Amazon,NG,4.0533,2.0,0.0,0.0,0.0,1.0,0.0,0.45,0.0,1
2277.58,USD,Netflix,US,7.7313,1.0,1.0,0.0,0.0,0.0,0.0,0.0,1.0,1
8.16,USD,Spotify,RU,2.215,3.0,0.0,0.0,0.0,0.0,0.0,0.0,1.0,1
552.4,GBP,Shopify Merchant,NG,6.3161,2.0,1.0,0.0,0.0,1.0,0.0,0.0,0.0,1
65.42,USD,Netflix,CN,4.1959,2.0,0.0,0.0,0.0,1.0,0.0,1.0,1.0,1
18.52,USD,Amazon,CN,2.9713,4.0,0.0,0.0,0.0,0.0,0.0,0.0,1.0,0
19.55,GBP,Amazon,NG,3.0228,1.0,0.0,0.0,0.0,0.0,1.0,0.0,0.0,1
49.58,USD,Stripe Demo Store,CN,3.9235,2.0,0.0,0.0,0.0,0.0,0.0,0.45,1.0,1
37.14,EUR,Netflix,NG,3.6413,1.0,0.0,0.0,0.0,0.0,1.0,0.0,0.0,0
27.05,USD,Amazon,NG,3.3341,1.0,0.0,0.0,0.0,1.0,0.0,1.0,0.0,1
13.36,GBP,Apple,CN,2.6645,1.0,0.0,0.0,0.0,0.0,0.0,1.0,1.0,0
27.64,GBP,Amazon,NG,3.3547,1.0,0.0,0.0,0.0,0.0,0.0,0.0,0.0,0
7.75,GBP,Spotify,NG,2.1688,1.0,0.0,0.0,0.0,0.0,0.0,0.0,0.0,1
12.98,USD,Apple,NG,2.6376,2.0,0.0,0.0,0.0,0.0,0.0,1.0,0.0,1
54.71,EUR,Stripe Demo Store,NG,4.0201,1.0,0.0,0.0,0.0,0.0,0.0,0.0,0.0,0
1094.41,GBP,Apple,NG,6.9989,1.0,1.0,0.0,0.0,0.0,0.0,0.0,0.0,0
27.28,EUR,Spotify,NG,3.3422,1.0,0.0,0.0,0.0,0.0,0.0,0.0,0.0,1
5.2,EUR,Stripe Demo Store,NG,1.8252,1.0,0.0,0.0,0.0,1.0,1.0,0.45,0.0,0
8.62,EUR,Stripe Demo Store,NG,2.264,2.0,0.0,0.0,0.0,1.0,0.0,0.0,0.0,1
12.48,EUR,Apple,NG,2.6014,2.0,0.0,0.0,0.0,0.0,0.0,0.45,0.0,0
17.81,EUR,Netflix,NG,2.9344,3.0,0.0,0.0,0.0,0.0,0.0,0.0,0.0,1
8.37,GBP,Gambling Anonymous Hub,NG,2.2376,10.0,0.0,0.0,1.0,0.0,1.0,0.45,0.0,1
16.9,USD,Amazon,NG,2.8851,1.0,0.0,0.0,0.0,0.0,0.0,0.45,0.0,1
69.21,EUR,Amazon,NG,4.2515,1.0,0.0,0.0,0.0,0.0,0.0,0.0,0.0,0
26.59,GBP,Apple,CN,3.3175,4.0,0.0,0.0,0.0,1.0,0.0,0.45,1.0,1
23.41,USD,Netflix,NG,3.195,2.0,0.0,0.0,0.0,0.0,0.0,0.0,0.0,0
9.85,USD,Stripe Demo Store,NG,2.3844,8.0,0.0,0.0,0.0,0.0,0.0,0.0,0.0,1
6.38,GBP,Netflix,NG,1.9984,3.0,0.0,0.0,0.0,0.0,1.0,0.0,0.0,1
8.5,GBP,Amazon,NG,2.2515,3.0,0.0,0.0,0.0,0.0,0.0,0.45,0.0,1
1209.26,USD,Amazon,NG,7.0986,1.0,1.0,0.0,0.0,1.0,1.0,0.45,0.0,1
21.17,USD,Shopify Merchant,NG,3.0987,1.0,0.0,0.0,0.0,0.0,0.0,0.45,0.0,0
26.28,EUR,Netflix,RU,3.3061,2.0,0.0,0.0,0.0,1.0,0.0,0.0,1.0,0
10.22,GBP,Amazon,NG,2.4177,2.0,0.0,0.0,0.0,0.0,0.0,1.0,0.0,1
22.28,EUR,Stripe Demo Store,NG,3.1475,3.0,0.0,0.0,0.0,0.0,0.0,0.0,0.0,1
56.17,GBP,Shopify Merchant,NG,4.0459,10.0,0.0,0.0,0.0,0.0,0.0,1.0,0.0,1
1410.19,GBP,Spotify,NG,7.2522,1.0,1.0,0.0,0.0,0.0,1.0,0.45,0.0,1
594.48,USD,Apple,DE,6.3894,1.0,1.0,0.0,0.0,1.0,0.0,0.0,1.0,1
17.77,EUR,Netflix,CN,2.9324,4.0,0.0,0.0,0.0,0.0,0.0,0.0,1.0,1
33.67,GBP,Anonymous Crypto Mix,NG,3.5459,4.0,0.0,0.0,1.0,0.0,0.0,1.0,0.0,0
941.18,EUR,XXX Test Casino,CN,6.8482,3.0,1.0,0.0,1.0,0.0,1.0,0.45,1.0,0
5.0,EUR,Netflix,DE,1.7918,2.0,0.0,0.0,0.0,0.0,1.0,0.45,1.0,1
56.68,EUR,Netflix,NG,4.0549,10.0,0.0,0.0,0.0,0.0,1.0,0.0,0.0,1
1763.14,EUR,Netflix,CN,7.4754,1.0,1.0,0.0,0.0,0.0,1.0,0.0,1.0,0
13.81,EUR,Spotify,NG,2.6954,1.0,0.0,0.0,0.0,0.0,0.0,0.0,0.0,0
15.67,EUR,Shopify Merchant,NG,2.8134,1.0,0.0,0.0,0.0,1.0,0.0,0.0,0.0,1
25.13,USD,Amazon,CN,3.2631,1.0,0.0,0.0,0.0,0.0,0.0,0.0,1.0,1
9.23,GBP,Gambling Anonymous Hub,NG,2.325,3.0,0.0,0.0,1.0,0.0,1.0,0.45,0.0,1
16.46,EUR,Stripe Demo Store,CN,2.8596,2.0,0.0,0.0,0.0,0.0,1.0,0.0,1.0,0
29.01,GBP,Spotify,NG,3.4016,2.0,0.0,0.0,0.0,0.0,0.0,0.0,0.0,1
23.41,USD,Spotify,NG,3.1948,1.0,0.0,0.0,0.0,0.0,0.0,0.0,0.0,1
26.22,USD,Shopify Merchant,NG,3.304,3.0,0.0,0.0,0.0,0.0,0.0,0.0,0.0,1
16.01,GBP,Amazon,CN,2.8338,1.0,0.0,0.0,0.0,0.0,0.0,0.0,1.0,0
2065.95,USD,Shopify Merchant,NG,7.6338,2.0,1.0,0.0,0.0,0.0,0.0,0.45,0.0,1
42.08,GBP,Stripe Demo Store,NG,3.763,1.0,0.0,0.0,0.0,0.0,0.0,0.45,0.0,1
1667.39,GBP,Netflix,US,7.4196,2.0,1.0,0.0,0.0,0.0,0.0,0.0,1.0,1
27.09,EUR,Netflix,NG,3.3356,1.0,0.0,0.0,0.0,1.0,0.0,0.0,0.0,0
38.75,EUR,Apple,NG,3.6827,2.0,0.0,0.0,0.0,0.0,1.0,0.0,0.0,0
36.96,USD,Apple,NG,3.6364,2.0,0.0,0.0,0.0,0.0,0.0,1.0,0.0,1
130.79,GBP,Apple,NG,4.8812,8.0,0.0,0.0,0.0,0.0,0.0,0.0,0.0,1
47.12,USD,Spotify,NG,3.8736,5.0,0.0,0.0,0.0,1.0,1.0,0.45,0.0,1
1697.52,GBP,Stripe Demo Store,CN,7.4375,1.0,1.0,0.0,0.0,0.0,1.0,0.45,1.0,1
1148.8,EUR,Shopify Merchant,NG,7.0473,1.0,1.0,0.0,0.0,0.0,0.0,1.0,0.0,1
1796.82,USD,Amazon,NG,7.4943,1.0,1.0,0.0,0.0,1.0,0.0,0.45,0.0,1
15.92,GBP,Apple,NG,2.8287,1.0,0.0,0.0,0.0,1.0,1.0,0.0,0.0,0
28.73,GBP,Netflix,NG,3.3922,1.0,0.0,0.0,0.0,0.0,0.0,0.0,0.0,0
12.3,GBP,Shopify Merchant,NG,2.588,4.0,0.0,0.0,0.0,0.0,0.0,0.0,0.0,1
46.27,GBP,Spotify,NG,3.8559,5.0,0.0,0.0,0.0,0.0,0.0,0.0,0.0,0
599.4,GBP,Netflix,NG,6.3976,1.0,1.0,0.0,0.0,0.0,1.0,1.0,0.0,1
1432.62,EUR,Spotify,NG,7.268,3.0,1.0,0.0,0.0,0.0,0.0,0.0,0.0,1
18.27,USD,Gambling Anonymous Hub,CN,2.9587,4.0,0.0,0.0,1.0,0.0,1.0,0.45,1.0,1
1105.33,EUR,Shopify Merchant,NG,7.0088,1.0,1.0,0.0,0.0,0.0,1.0,0.0,0.0,1
2096.83,USD,Amazon,NG,7.6487,4.0,1.0,0.0,0.0,0.0,0.0,0.0,0.0,1
12.86,EUR,Amazon,RU,2.6289,8.0,0.0,0.0,0.0,0.0,0.0,0.0,1.0,1
2061.94,GBP,Amazon,NG,7.6319,6.0,1.0,0.0,0.0,0.0,0.0,0.0,0.0,1
20.23,GBP,Spotify,NG,3.0553,3.0,0.0,0.0,0.0,0.0,1.0,0.0,0.0,1
13.01,EUR,Amazon,NG,2.6397,1.0,0.0,0.0,0.0,1.0,1.0,0.0,0.0,0
13.77,USD,Shopify Merchant,NG,2.6927,1.0,0.0,0.0,0.0,1.0,1.0,0.0,0.0,1
20.02,GBP,Netflix,NG,3.0453,10.0,0.0,0.0,0.0,1.0,1.0,0.0,0.0,1
40.85,EUR,Amazon,NG,3.7342,1.0,0.0,0.0,0.0,0.0,0.0,0.0,0.0,0
8629.11,USD,Wallet Drain Services,NG,9.063,1.0,1.0,1.0,1.0,1.0,0.0,0.45,0.0,1
22.27,EUR,Shopify Merchant,CN,3.1474,1.0,0.0,0.0,0.0,1.0,0.0,0.0,1.0,0
23.52,EUR,Stripe Demo Store,DE,3.1995,2.0,0.0,0.0,0.0,0.0,1.0,0.0,1.0,0
17.67,USD,Spotify,NG,2.9268,1.0,0.0,0.0,0.0,0.0,0.0,1.0,0.0,0
28.13,EUR,Spotify,DE,3.3718,3.0,0.0,0.0,0.0,0.0,0.0,0.0,1.0,1
612.4,EUR,Dark Web Market,NG,6.419,2.0,1.0,0.0,1.0,1.0,1.0,0.45,0.0,1
50.81,GBP,Spotify,NG,3.9476,1.0,0.0,0.0,0.0,0.0,0.0,0.45,0.0,0
3909.83,EUR,XXX Test Casino,DE,8.2715,1.0,1.0,1.0,1.0,1.0,1.0,0.45,1.0,0
17.04,USD,Apple,NG,2.8929,2.0,0.0,0.0,0.0,0.0,0.0,0.0,0.0,1
25.47,EUR,Stripe Demo Store,NG,3.2759,3.0,0.0,0.0,0.0,0.0,0.0,0.0,0.0,1
19.72,USD,Netflix,NG,3.0311,5.0,0.0,0.0,0.0,0.0,1.0,0.0,0.0,0
10.41,GBP,Netflix,RU,2.4343,4.0,0.0,0.0,0.0,1.0,1.0,0.0,1.0,0
3066.98,EUR,XXX Test Casino,NG,8.0288,1.0,1.0,1.0,1.0,0.0,1.0,0.45,0.0,1
35.32,EUR,Shopify Merchant,NG,3.5923,4.0,0.0,0.0,0.0,0.0,1.0,0.0,0.0,0
11.82,EUR,Shopify Merchant,DE,2.5513,2.0,0.0,0.0,0.0,0.0,0.0,0.0,1.0,1
5.88,GBP,Apple,NG,1.9286,2.0,0.0,0.0,0.0,0.0,0.0,0.0,0.0,0
2062.95,USD,Stripe Demo Store,CN,7.6324,2.0,1.0,0.0,0.0,1.0,1.0,0.45,1.0,1
27.7,USD,Amazon,CN,3.3568,1.0,0.0,0.0,0.0,0.0,0.0,0.0,1.0,0
18.52,GBP,Netflix,RU,2.9715,2.0,0.0,0.0,0.0,0.0,1.0,0.0,1.0,1
816.17,GBP,Shopify Merchant,NG,6.7058,2.0,1.0,0.0,0.0,1.0,0.0,0.0,0.0,1
18.55,GBP,Stripe Demo Store,NG,2.9731,1.0,0.0,0.0,0.0,0.0,1.0,0.0,0.0,0
47.04,USD,Dark Web Market,US,3.8719,3.0,0.0,0.0,1.0,0.0,0.0,0.45,1.0,1
6.49,USD,Stripe Demo Store,NG,2.0131,1.0,0.0,0.0,0.0,0.0,0.0,0.0,0.0,0
6.72,EUR,Stripe Demo Store,NG,2.0439,2.0,0.0,0.0,0.0,0.0,0.0,0.0,0.0,0
4543.73,GBP,XXX Test Casino,NG,8.4217,4.0,1.0,1.0,1.0,1.0,1.0,1.0,0.0,1
19.71,GBP,Amazon,DE,3.0308,1.0,0.0,0.0,0.0,1.0,0.0,0.45,1.0,1
2213.21,GBP,Shopify Merchant,NG,7.7027,1.0,1.0,0.0,0.0,0.0,1.0,0.45,0.0,1
31.5,USD,Stripe Demo Store,RU,3.4812,2.0,0.0,0.0,0.0,0.0,0.0,0.0,1.0,1
43.04,USD,Netflix,NG,3.7852,1.0,0.0,0.0,0.0,0.0,0.0,0.0,0.0,0
24.41,USD,Stripe Demo Store,NG,3.2353,1.0,0.0,0.0,0.0,0.0,0.0,1.0,0.0,1
29.73,GBP,Spotify,NG,3.4254,3.0,0.0,0.0,0.0,1.0,0.0,0.0,0.0,1
24.3,USD,Spotify,NG,3.2308,1.0,0.0,0.0,0.0,0.0,1.0,0.0,0.0,0
20.22,EUR,XXX Test Casino,NG,3.0549,2.0,0.0,0.0,1.0,0.0,1.0,0.45,0.0,1
8.12,USD,Stripe Demo Store,NG,2.2106,1.0,0.0,0.0,0.0,0.0,1.0,0.45,0.0,1
943.87,GBP,Netflix,DE,6.851,1.0,1.0,0.0,0.0,0.0,1.0,0.0,1.0,1
7.8,USD,Apple,NG,2.175,1.0,0.0,0.0,0.0,0.0,0.0,0.0,0.0,0
522.09,EUR,Spotify,NG,6.2597,6.0,1.0,0.0,0.0,0.0,0.0,0.0,0.0,1
23.63,EUR,XXX Test Casino,NG,3.204,2.0,0.0,0.0,1.0,1.0,1.0,0.45,0.0,1
7.28,USD,Apple,NG,2.1142,1.0,0.0,0.0,0.0,1.0,1.0,0.45,0.0,1
21.13,GBP,Amazon,NG,3.0971,1.0,0.0,0.0,0.0,0.0,0.0,0.0,0.0,0
1582.45,GBP,Spotify,NG,7.3674,2.0,1.0,0.0,0.0,0.0,0.0,0.45,0.0,1
9.5,GBP,Amazon,US,2.3516,2.0,0.0,0.0,0.0,0.0,0.0,0.0,1.0,1
12.97,GBP,Apple,NG,2.6366,1.0,0.0,0.0,0.0,0.0,0.0,1.0,0.0,1
9.17,GBP,Wallet Drain Services,NG,2.3192,1.0,0.0,0.0,1.0,0.0,1.0,0.45,0.0,1
30.71,GBP,Netflix,RU,3.4567,2.0,0.0,0.0,0.0,0.0,0.0,0.0,1.0,0
2187.6,USD,Apple,NG,7.691,2.0,1.0,0.0,0.0,1.0,0.0,0.0,0.0,1
35.54,GBP,Amazon,NG,3.5984,3.0,0.0,0.0,0.0,0.0,0.0,0.45,0.0,0
6732.15,EUR,Netflix,NG,8.8148,2.0,1.0,1.0,0.0,0.0,1.0,0.0,0.0,1
15.12,EUR,Stripe Demo Store,NG,2.7801,2.0,0.0,0.0,0.0,0.0,1.0,0.0,0.0,0
74.54,USD,Netflix,NG,4.3247,2.0,0.0,0.0,0.0,0.0,0.0,0.45,0.0,0
6.45,EUR,Spotify,DE,2.008,2.0,0.0,0.0,0.0,0.0,0.0,1.0,1.0,1
49.36,EUR,Spotify,NG,3.9192,2.0,0.0,0.0,0.0,0.0,0.0,0.0,0.0,0
63.95,USD,Shopify Merchant,DE,4.1737,1.0,0.0,0.0,0.0,0.0,0.0,0.0,1.0,0
34.33,EUR,Shopify Merchant,NG,3.5648,5.0,0.0,0.0,0.0,0.0,0.0,0.45,0.0,0
15.94,GBP,Spotify,NG,2.8295,1.0,0.0,0.0,0.0,1.0,0.0,0.0,0.0,1
54.53,GBP,Netflix,NG,4.017,2.0,0.0,0.0,0.0,1.0,0.0,1.0,0.0,1
16.03,GBP,Apple,US,2.8353,2.0,0.0,0.0,0.0,0.0,0.0,0.0,1.0,1
6504.07,EUR,Dark Web Market,NG,8.7803,4.0,1.0,1.0,1.0,1.0,1.0,0.45,0.0,1
15.31,GBP,Amazon,NG,2.7915,1.0,0.0,0.0,0.0,0.0,1.0,0.0,0.0,0
13.48,GBP,Amazon,NG,2.6724,4.0,0.0,0.0,0.0,1.0,1.0,0.0,0.0,1
10.35,USD,Wallet Drain Services,DE,2.4296,1.0,0.0,0.0,1.0,0.0,0.0,0.45,1.0,0
43.69,EUR,Spotify,NG,3.7996,1.0,0.0,0.0,0.0,0.0,0.0,0.0,0.0,1
11.69,EUR,Netflix,NG,2.5407,4.0,0.0,0.0,0.0,0.0,0.0,0.0,0.0,1
6572.55,EUR,Apple,RU,8.7908,1.0,1.0,1.0,0.0,0.0,0.0,1.0,1.0,1
7.31,EUR,Amazon,NG,2.1176,2.0,0.0,0.0,0.0,0.0,1.0,0.0,0.0,1
2167.0,USD,Stripe Demo Store,NG,7.6816,2.0,1.0,0.0,0.0,1.0,1.0,0.0,0.0,0
8.94,GBP,Netflix,NG,2.2969,5.0,0.0,0.0,0.0,0.0,0.0,0.0,0.0,0
2361.65,USD,Amazon,NG,7.7675,3.0,1.0,0.0,0.0,1.0,0.0,0.0,0.0,0
18.61,USD,Shopify Merchant,NG,2.9758,1.0,0.0,0.0,0.0,1.0,0.0,0.0,0.0,0
3852.63,EUR,Spotify,NG,8.2568,3.0,1.0,1.0,0.0,0.0,0.0,0.0,0.0,1
27.34,GBP,Apple,NG,3.3442,1.0,0.0,0.0,0.0,0.0,1.0,0.45,0.0,1
28.69,USD,Shopify Merchant,NG,3.3907,2.0,0.0,0.0,0.0,0.0,1.0,0.0,0.0,0
18.34,GBP,Spotify,NG,2.9622,3.0,0.0,0.0,0.0,0.0,0.0,0.0,0.0,1
15.88,USD,Netflix,CN,2.8261,3.0,0.0,0.0,0.0,0.0,1.0,0.45,1.0,0
34.95,GBP,Spotify,NG,3.582,2.0,0.0,0.0,0.0,0.0,0.0,0.0,0.0,1
13.54,USD,Netflix,NG,2.677,4.0,0.0,0.0,0.0,0.0,0.0,1.0,0.0,1
36.02,USD,Apple,NG,3.6115,2.0,0.0,0.0,0.0,0.0,1.0,0.0,0.0,1
1374.26,EUR,Spotify,NG,7.2264,5.0,1.0,0.0,0.0,1.0,1.0,0.0,0.0,1
11.15,GBP,Shopify Merchant,DE,2.497,1.0,0.0,0.0,0.0,1.0,0.0,0.0,1.0,1
2338.63,GBP,Dark Web Market,NG,7.7577,1.0,1.0,0.0,1.0,0.0,0.0,0.45,0.0,1
13.71,EUR,Dark Web Market,NG,2.6884,3.0,0.0,0.0,1.0,0.0,1.0,0.45,0.0,1
7.19,USD,Netflix,NG,2.1033,1.0,0.0,0.0,0.0,1.0,0.0,0.0,0.0,0
14.46,USD,Shopify Merchant,NG,2.7383,1.0,0.0,0.0,0.0,0.0,1.0,0.0,0.0,0
49.95,USD,Apple,NG,3.9308,3.0,0.0,0.0,0.0,1.0,1.0,0.0,0.0,0
9.66,EUR,Stripe Demo Store,NG,2.3666,2.0,0.0,0.0,0.0,0.0,0.0,0.45,0.0,0
50.79,EUR,Stripe Demo Store,NG,3.9471,1.0,0.0,0.0,0.0,0.0,0.0,0.0,0.0,1
14.83,GBP,Anonymous Crypto Mix,NG,2.7618,1.0,0.0,0.0,1.0,0.0,0.0,0.45,0.0,1
88.22,USD,Stripe Demo Store,NG,4.4911,1.0,0.0,0.0,0.0,0.0,1.0,0.0,0.0,1
12.46,GBP,Apple,NG,2.5999,1.0,0.0,0.0,0.0,1.0,0.0,0.0,0.0,0
18.16,GBP,Anonymous Crypto Mix,RU,2.9528,1.0,0.0,0.0,1.0,0.0,1.0,0.45,1.0,0
2322.92,GBP,Stripe Demo Store,NG,7.751,4.0,1.0,0.0,0.0,1.0,0.0,0.45,0.0,1
12.41,GBP,Amazon,US,2.5961,1.0,0.0,0.0,0.0,0.0,0.0,0.0,1.0,0
51.25,GBP,Shopify Merchant,NG,3.956,3.0,0.0,0.0,0.0,1.0,0.0,0.0,0.0,1
28.0,EUR,Apple,NG,3.3673,8.0,0.0,0.0,0.0,0.0,0.0,0.0,0.0,1
1857.04,GBP,Shopify Merchant,US,7.5273,1.0,1.0,0.0,0.0,0.0,0.0,0.0,1.0,1
8.0,USD,Spotify,NG,2.1969,8.0,0.0,0.0,0.0,1.0,1.0,0.0,0.0,1
31.77,GBP,Shopify Merchant,NG,3.4894,1.0,0.0,0.0,0.0,1.0,0.0,0.45,0.0,1
1864.93,GBP,Stripe Demo Store,CN,7.5315,2.0,1.0,0.0,0.0,1.0,1.0,0.0,1.0,1
932.16,GBP,Spotify,NG,6.8386,10.0,1.0,0.0,0.0,0.0,1.0,0.0,0.0,1
23.74,GBP,Stripe Demo Store,NG,3.2084,3.0,0.0,0.0,0.0,0.0,0.0,0.45,0.0,0
23.57,EUR,Shopify Merchant,NG,3.2015,1.0,0.0,0.0,0.0,0.0,0.0,0.0,0.0,0
20.85,GBP,XXX Test Casino,DE,3.0842,1.0,0.0,0.0,1.0,0.0,0.0,0.45,1.0,1
33.19,EUR,Gambling Anonymous Hub,NG,3.532,1.0,0.0,0.0,1.0,1.0,1.0,0.45,0.0,1
1843.8,USD,Spotify,NG,7.5201,6.0,1.0,0.0,0.0,0.0,0.0,0.45,0.0,1
56.19,EUR,Shopify Merchant,NG,4.0464,1.0,0.0,0.0,0.0,0.0,0.0,0.0,0.0,0
8.73,GBP,Anonymous Crypto Mix,NG,2.2752,2.0,0.0,0.0,1.0,0.0,1.0,0.45,0.0,1
57.48,EUR,Amazon,NG,4.0687,1.0,0.0,0.0,0.0,0.0,0.0,0.0,0.0,0
75.01,EUR,Netflix,RU,4.3309,1.0,0.0,0.0,0.0,0.0,1.0,0.0,1.0,1
15.54,GBP,Apple,NG,2.806,1.0,0.0,0.0,0.0,0.0,1.0,0.0,0.0,1
6.25,GBP,Shopify Merchant,NG,1.9805,1.0,0.0,0.0,0.0,0.0,0.0,0.0,0.0,0
7.63,GBP,Netflix,NG,2.1548,2.0,0.0,0.0,0.0,0.0,0.0,0.45,0.0,0
14.54,GBP,Spotify,NG,2.7432,1.0,0.0,0.0,0.0,0.0,0.0,0.0,0.0,0
82.26,USD,Stripe Demo Store,NG,4.422,1.0,0.0,0.0,0.0,0.0,0.0,0.0,0.0,0
20.33,USD,Shopify Merchant,NG,3.06,2.0,0.0,0.0,0.0,0.0,0.0,0.0,0.0,0
13.04,GBP,Apple,NG,2.6419,1.0,0.0,0.0,0.0,0.0,0.0,0.0,0.0,0
12.43,GBP,Netflix,CN,2.5976,3.0,0.0,0.0,0.0,0.0,0.0,0.0,1.0,1
709.21,EUR,Netflix,NG,6.5656,2.0,1.0,0.0,0.0,0.0,0.0,0.45,0.0,1
4467.7,GBP,Gambling Anonymous Hub,NG,8.4049,2.0,1.0,1.0,1.0,0.0,1.0,0.45,0.0,1
4194.19,GBP,Amazon,RU,8.3417,1.0,1.0,1.0,0.0,0.0,0.0,0.0,1.0,1
87.35,USD,Shopify Merchant,NG,4.4813,1.0,0.0,0.0,0.0,0.0,1.0,0.0,0.0,0
31.18,EUR,Spotify,NG,3.4713,3.0,0.0,0.0,0.0,0.0,0.0,0.45,0.0,1
35.91,EUR,Amazon,NG,3.6084,4.0,0.0,0.0,0.0,0.0,1.0,0.0,0.0,1
16.95,GBP,Apple,NG,2.8878,1.0,0.0,0.0,0.0,0.0,1.0,0.45,0.0,1
9.36,USD,Apple,NG,2.3378,1.0,0.0,0.0,0.0,0.0,1.0,0.45,0.0,0
10.9,EUR,Apple,RU,2.4763,1.0,0.0,0.0,0.0,0.0,0.0,0.0,1.0,1
7.7,EUR,Spotify,CN,2.1636,2.0,0.0,0.0,0.0,0.0,0.0,0.0,1.0,0
37.99,EUR,Dark Web Market,NG,3.6633,1.0,0.0,0.0,1.0,1.0,1.0,0.45,0.0,1
15.34,USD,Stripe Demo Store,NG,2.7937,8.0,0.0,0.0,0.0,1.0,0.0,0.45,0.0,1
39.12,GBP,Shopify Merchant,NG,3.692,1.0,0.0,0.0,0.0,0.0,0.0,0.0,0.0,0
22.09,EUR,Shopify Merchant,NG,3.1394,8.0,0.0,0.0,0.0,0.0,0.0,0.0,0.0,1
1382.79,USD,Amazon,NG,7.2326,1.0,1.0,0.0,0.0,1.0,0.0,0.0,0.0,1
8.86,USD,Stripe Demo Store,NG,2.2882,1.0,0.0,0.0,0.0,0.0,1.0,0.45,0.0,0
24.81,USD,Spotify,NG,3.2507,1.0,0.0,0.0,0.0,0.0,0.0,0.0,0.0,0
17.24,EUR,Gambling Anonymous Hub,NG,2.9034,1.0,0.0,0.0,1.0,0.0,1.0,0.45,0.0,1
37.77,EUR,Stripe Demo Store,NG,3.6577,10.0,0.0,0.0,0.0,0.0,0.0,1.0,0.0,1
12.17,USD,Amazon,NG,2.5782,2.0,0.0,0.0,0.0,1.0,1.0,0.0,0.0,0
30.92,EUR,Dark Web Market,NG,3.4631,1.0,0.0,0.0,1.0,0.0,0.0,0.45,0.0,1
7115.46,USD,Amazon,CN,8.8702,8.0,1.0,1.0,0.0,1.0,1.0,0.0,1.0,1
24.31,EUR,Apple,NG,3.2311,1.0,0.0,0.0,0.0,0.0,0.0,0.0,0.0,0
34.8,EUR,Apple,NG,3.578,1.0,0.0,0.0,0.0,0.0,0.0,0.0,0.0,1
29.97,EUR,Netflix,NG,3.4331,1.0,0.0,0.0,0.0,1.0,0.0,1.0,0.0,1
7309.77,EUR,Dark Web Market,NG,8.8971,2.0,1.0,1.0,1.0,0.0,1.0,0.45,0.0,1
26.05,GBP,Shopify Merchant,NG,3.2978,5.0,0.0,0.0,0.0,0.0,0.0,0.0,0.0,1
5253.58,GBP,Apple,NG,8.5669,1.0,1.0,1.0,0.0,0.0,1.0,1.0,0.0,1
19.58,USD,Netflix,NG,3.0244,3.0,0.0,0.0,0.0,0.0,0.0,0.0,0.0,0
11.68,EUR,Apple,NG,2.5401,1.0,0.0,0.0,0.0,0.0,0.0,0.0,0.0,0
1631.25,EUR,Stripe Demo Store,NG,7.3977,1.0,1.0,0.0,0.0,0.0,0.0,0.0,0.0,1
48.76,EUR,Spotify,NG,3.9071,3.0,0.0,0.0,0.0,1.0,0.0,0.0,0.0,0
9.92,GBP,Spotify,NG,2.3902,3.0,0.0,0.0,0.0,0.0,0.0,0.0,0.0,0
8663.48,GBP,Netflix,NG,9.067,2.0,1.0,1.0,0.0,0.0,0.0,0.0,0.0,1
26.88,EUR,Netflix,DE,3.3277,1.0,0.0,0.0,0.0,0.0,0.0,0.0,1.0,0
38.19,EUR,Stripe Demo Store,NG,3.6683,1.0,0.0,0.0,0.0,0.0,0.0,0.0,0.0,1
1034.79,USD,Amazon,NG,6.9429,3.0,1.0,0.0,0.0,0.0,0.0,0.45,0.0,1
554.45,USD,Spotify,NG,6.3198,2.0,1.0,0.0,0.0,0.0,0.0,0.0,0.0,1
2763.01,GBP,Amazon,NG,7.9244,1.0,1.0,1.0,0.0,0.0,0.0,0.45,0.0,1
1315.44,EUR,Dark Web Market,NG,7.1827,1.0,1.0,0.0,1.0,0.0,1.0,0.45,0.0,1
8.48,EUR,Netflix,NG,2.2497,3.0,0.0,0.0,0.0,0.0,1.0,0.0,0.0,0
4581.63,GBP,Stripe Demo Store,NG,8.43,1.0,1.0,1.0,0.0,1.0,0.0,0.0,0.0,1
11.54,GBP,Apple,NG,2.5291,2.0,0.0,0.0,0.0,0.0,0.0,0.45,0.0,0
10.02,USD,Apple,DE,2.3996,2.0,0.0,0.0,0.0,0.0,0.0,0.0,1.0,0
16.95,GBP,Netflix,NG,2.8878,1.0,0.0,0.0,0.0,0.0,0.0,0.0,0.0,0
1161.34,USD,Amazon,NG,7.0582,2.0,1.0,0.0,0.0,0.0,1.0,0.0,0.0,1
5.0,USD,Spotify,NG,1.7918,2.0,0.0,0.0,0.0,0.0,1.0,0.0,0.0,0
619.54,USD,Apple,NG,6.4306,2.0,1.0,0.0,0.0,1.0,1.0,0.0,0.0,1
10.61,EUR,Stripe Demo Store,NG,2.452,5.0,0.0,0.0,0.0,1.0,0.0,0.45,0.0,1
24.17,EUR,Stripe Demo Store,DE,3.2257,2.0,0.0,0.0,0.0,0.0,1.0,0.0,1.0,1
12.51,USD,Shopify Merchant,NG,2.6037,1.0,0.0,0.0,0.0,0.0,0.0,0.0,0.0,0
80.99,GBP,Shopify Merchant,NG,4.4066,1.0,0.0,0.0,0.0,0.0,1.0,0.0,0.0,0
21.92,USD,Shopify Merchant,NG,3.1319,2.0,0.0,0.0,0.0,0.0,0.0,0.0,0.0,1
12.24,EUR,Spotify,CN,2.5829,1.0,0.0,0.0,0.0,0.0,0.0,0.0,1.0,0
16.27,EUR,Netflix,NG,2.8489,3.0,0.0,0.0,0.0,0.0,1.0,0.45,0.0,0
21.39,GBP,Stripe Demo Store,NG,3.1084,1.0,0.0,0.0,0.0,0.0,1.0,0.0,0.0,0
22.75,EUR,Netflix,NG,3.1674,1.0,0.0,0.0,0.0,0.0,0.0,0.0,0.0,0
27.31,GBP,Anonymous Crypto Mix,NG,3.3431,1.0,0.0,0.0,1.0,0.0,0.0,0.45,0.0,1
20.07,GBP,Stripe Demo Store,NG,3.0477,4.0,0.0,0.0,0.0,0.0,0.0,0.0,0.0,1
7.66,EUR,XXX Test Casino,NG,2.1587,2.0,0.0,0.0,1.0,1.0,1.0,0.45,0.0,1
15.83,GBP,Apple,NG,2.8231,2.0,0.0,0.0,0.0,0.0,0.0,0.45,0.0,1
30.71,EUR,Shopify Merchant,NG,3.4567,1.0,0.0,0.0,0.0,0.0,1.0,0.0,0.0,1
12.57,GBP,Spotify,NG,2.6076,5.0,0.0,0.0,0.0,0.0,1.0,1.0,0.0,1
32.17,USD,Amazon,NG,3.5016,4.0,0.0,0.0,0.0,0.0,1.0,0.45,0.0,1
20.54,GBP,Stripe Demo Store,NG,3.0697,1.0,0.0,0.0,0.0,0.0,0.0,0.0,0.0,0
17.25,USD,Stripe Demo Store,DE,2.9039,3.0,0.0,0.0,0.0,1.0,0.0,0.0,1.0,0
46.34,USD,Shopify Merchant,NG,3.8573,5.0,0.0,0.0,0.0,0.0,0.0,0.0,0.0,0
5.95,USD,Shopify Merchant,US,1.9387,1.0,0.0,0.0,0.0,1.0,1.0,0.0,1.0,0
12.52,EUR,Shopify Merchant,NG,2.6041,1.0,0.0,0.0,0.0,0.0,1.0,0.0,0.0,0
4498.57,USD,Stripe Demo Store,NG,8.4117,2.0,1.0,1.0,0.0,0.0,1.0,0.45,0.0,1
72.32,EUR,Amazon,NG,4.2948,1.0,0.0,0.0,0.0,0.0,0.0,0.0,0.0,0
99.5,EUR,Netflix,NG,4.6102,3.0,0.0,0.0,0.0,0.0,0.0,0.45,0.0,1
983.46,GBP,Netflix,NG,6.8921,2.0,1.0,0.0,0.0,0.0,0.0,0.0,0.0,1
27.67,USD,Stripe Demo Store,NG,3.356,1.0,0.0,0.0,0.0,0.0,0.0,0.0,0.0,0
35.59,GBP,Netflix,NG,3.5999,1.0,0.0,0.0,0.0,0.0,1.0,0.0,0.0,0
2151.99,GBP,Spotify,NG,7.6746,2.0,1.0,0.0,0.0,0.0,0.0,0.0,0.0,1
25.01,GBP,Netflix,NG,3.2584,1.0,0.0,0.0,0.0,0.0,1.0,0.45,0.0,1
2098.7,GBP,Spotify,NG,7.6495,1.0,1.0,0.0,0.0,0.0,0.0,0.0,0.0,0
27.71,GBP,Gambling Anonymous Hub,NG,3.3573,1.0,0.0,0.0,1.0,0.0,0.0,0.45,0.0,1
28.95,USD,Stripe Demo Store,NG,3.3995,4.0,0.0,0.0,0.0,0.0,1.0,0.0,0.0,0
10.56,USD,Shopify Merchant,US,2.4476,1.0,0.0,0.0,0.0,0.0,0.0,0.0,1.0,1
15.95,GBP,Shopify Merchant,RU,2.8304,1.0,0.0,0.0,0.0,0.0,0.0,0.0,1.0,0
5178.64,USD,Gambling Anonymous Hub,NG,8.5525,3.0,1.0,1.0,1.0,1.0,1.0,1.0,0.0,1
8.74,GBP,Amazon,DE,2.2761,1.0,0.0,0.0,0.0,0.0,0.0,0.0,1.0,0
6.32,EUR,XXX Test Casino,NG,1.9907,2.0,0.0,0.0,1.0,0.0,1.0,0.45,0.0,0
14.93,EUR,Netflix,NG,2.7683,1.0,0.0,0.0,0.0,0.0,0.0,0.0,0.0,0
16.7,EUR,Shopify Merchant,NG,2.8734,4.0,0.0,0.0,0.0,1.0,0.0,1.0,0.0,0
21.62,EUR,Amazon,NG,3.1187,1.0,0.0,0.0,0.0,0.0,0.0,1.0,0.0,0
2308.99,USD,Amazon,RU,7.745,1.0,1.0,0.0,0.0,0.0,0.0,0.45,1.0,1
22.91,USD,Amazon,NG,3.1744,1.0,0.0,0.0,0.0,0.0,1.0,0.0,0.0,1
857.28,EUR,Dark Web Market,NG,6.7549,5.0,1.0,0.0,1.0,0.0,0.0,0.45,0.0,1
10.58,USD,Apple,NG,2.4497,4.0,0.0,0.0,0.0,1.0,1.0,0.0,0.0,1
37.11,GBP,XXX Test Casino,NG,3.6405,1.0,0.0,0.0,1.0,0.0,1.0,0.45,0.0,0
18.7,EUR,Shopify Merchant,NG,2.9808,1.0,0.0,0.0,0.0,1.0,0.0,1.0,0.0,1
14.83,USD,Netflix,RU,2.7616,1.0,0.0,0.0,0.0,0.0,0.0,0.0,1.0,1
17.63,EUR,Shopify Merchant,NG,2.9247,1.0,0.0,0.0,0.0,0.0,1.0,0.45,0.0,0
12.03,EUR,Stripe Demo Store,NG,2.567,1.0,0.0,0.0,0.0,0.0,0.0,0.0,0.0,0
551.25,GBP,Amazon,NG,6.314,4.0,1.0,0.0,0.0,0.0,1.0,0.45,0.0,1
2141.54,EUR,Spotify,NG,7.6697,1.0,1.0,0.0,0.0,0.0,1.0,0.0,0.0,1
1142.1,EUR,Amazon,NG,7.0415,4.0,1.0,0.0,0.0,0.0,0.0,0.0,0.0,1
3795.31,GBP,Anonymous Crypto Mix,CN,8.2418,1.0,1.0,1.0,1.0,0.0,1.0,0.45,1.0,1
1277.47,EUR,Shopify Merchant,NG,7.1534,4.0,1.0,0.0,0.0,0.0,0.0,0.0,0.0,1
59.31,USD,Amazon,NG,4.0994,1.0,0.0,0.0,0.0,1.0,0.0,0.0,0.0,1
46.91,USD,Apple,NG,3.8693,1.0,0.0,0.0,0.0,0.0,1.0,0.0,0.0,0
909.22,GBP,Amazon,NG,6.8137,3.0,1.0,0.0,0.0,0.0,0.0,0.45,0.0,1
3621.98,GBP,Spotify,NG,8.1951,1.0,1.0,1.0,0.0,0.0,1.0,0.45,0.0,1
8634.59,USD,Apple,NG,9.0636,4.0,1.0,1.0,0.0,0.0,0.0,0.0,0.0,1
1546.7,USD,Netflix,NG,7.3445,3.0,1.0,0.0,0.0,0.0,1.0,0.0,0.0,1
35.81,USD,Amazon,NG,3.6058,8.0,0.0,0.0,0.0,0.0,0.0,0.0,0.0,1
3795.58,EUR,XXX Test Casino,NG,8.2419,4.0,1.0,1.0,1.0,0.0,1.0,0.45,0.0,1
8969.11,USD,Netflix,CN,9.1017,1.0,1.0,1.0,0.0,1.0,1.0,0.0,1.0,1
58.46,EUR,Spotify,NG,4.0854,1.0,0.0,0.0,0.0,0.0,0.0,0.45,0.0,1
913.98,GBP,Spotify,NG,6.8189,2.0,1.0,0.0,0.0,0.0,1.0,0.0,0.0,1
27.31,EUR,Apple,NG,3.3432,1.0,0.0,0.0,0.0,0.0,1.0,0.0,0.0,0
3795.34,USD,Anonymous Crypto Mix,NG,8.2418,2.0,1.0,1.0,1.0,0.0,1.0,0.45,0.0,1
44.2,EUR,Amazon,NG,3.811,1.0,0.0,0.0,0.0,1.0,0.0,1.0,0.0,1
711.06,USD,Stripe Demo Store,NG,6.5682,2.0,1.0,0.0,0.0,0.0,0.0,0.0,0.0,1
29.09,EUR,Stripe Demo Store,US,3.4042,1.0,0.0,0.0,0.0,0.0,0.0,0.0,1.0,0
48.06,GBP,Stripe Demo Store,RU,3.893,1.0,0.0,0.0,0.0,1.0,0.0,0.0,1.0,1
20.19,EUR,Netflix,NG,3.0535,6.0,0.0,0.0,0.0,0.0,0.0,0.0,0.0,0
95.96,GBP,Apple,RU,4.5743,4.0,0.0,0.0,0.0,0.0,1.0,0.45,1.0,1
33.86,GBP,Stripe Demo Store,US,3.5514,1.0,0.0,0.0,0.0,0.0,1.0,0.0,1.0,0
7889.87,USD,Anonymous Crypto Mix,NG,8.9735,1.0,1.0,1.0,1.0,1.0,1.0,0.45,0.0,1
